sample_id,class_name,split,flags,blur_score,mean_luminance,std_luminance,target_prob,top1_prediction,top1_prob,path
train/bird/canon_anhinga_novaehollandiae_5061_6ffbedcd3b.jpeg,bird,train,SUSPICIOUS_LABEL,850.05,85.52,45.8,0.0187,colobus,0.535,data/Mid224/train/bird/canon_anhinga_novaehollandiae_5061_6ffbedcd3b.jpeg
train/bird/canon_antrostomus_vociferus_199837_71c1cec6ec.jpeg,bird,train,SUSPICIOUS_LABEL,814.56,71.94,37.72,0.044,African chameleon,0.2297,data/Mid224/train/bird/canon_antrostomus_vociferus_199837_71c1cec6ec.jpeg
train/bird/canon_ardea_melanocephala_4972_5bab4a8c96.jpeg,bird,train,SUSPICIOUS_LABEL,643.75,119.31,31.05,0.0015,bolo tie,0.2644,data/Mid224/train/bird/canon_ardea_melanocephala_4972_5bab4a8c96.jpeg
train/bird/canon_aythya_fuligula_7046_264c5209d8.jpeg,bird,train,SUSPICIOUS_LABEL,363.16,130.75,56.17,0.0354,killer whale,0.3593,data/Mid224/train/bird/canon_aythya_fuligula_7046_264c5209d8.jpeg
train/bird/canon_bubo_virginianus_20044_0e73f7d7b1.jpeg,bird,train,SUSPICIOUS_LABEL,704.11,78.38,53.25,0.0207,Egyptian cat,0.7477,data/Mid224/train/bird/canon_bubo_virginianus_20044_0e73f7d7b1.jpeg
train/bird/canon_buteo_buteo_204472_81d3c77ba4.jpeg,bird,train,SUSPICIOUS_LABEL,652.98,141.07,34.23,0.0032,rock python,0.8548,data/Mid224/train/bird/canon_buteo_buteo_204472_81d3c77ba4.jpeg
train/bird/canon_cacatua_sanguinea_116838_3d546fddc1.jpeg,bird,train,LOW_CONTRAST,101.04,171.59,17.91,0.1073,parachute,0.1481,data/Mid224/train/bird/canon_cacatua_sanguinea_116838_3d546fddc1.jpeg
train/bird/canon_cardinalis_sinuatus_9081_057774e0b1.jpeg,bird,train,SUSPICIOUS_LABEL,1105.85,106.51,40.78,0.0075,bow,0.3107,data/Mid224/train/bird/canon_cardinalis_sinuatus_9081_057774e0b1.jpeg
train/bird/canon_ceryle_rudis_2662_e745ee2879.jpeg,bird,train,SUSPICIOUS_LABEL,852.49,69.58,39.51,0.0018,oxygen mask,0.3388,data/Mid224/train/bird/canon_ceryle_rudis_2662_e745ee2879.jpeg
train/bird/canon_charadrius_vociferus_4793_3a1b307fd6.jpeg,bird,train,SUSPICIOUS_LABEL,256.94,162.91,29.46,0.011,parachute,0.5442,data/Mid224/train/bird/canon_charadrius_vociferus_4793_3a1b307fd6.jpeg
train/bird/canon_cistothorus_palustris_7601_5b7a38f5dd.jpeg,bird,train,SUSPICIOUS_LABEL,369.41,126.39,32.37,0.0335,projectile,0.5427,data/Mid224/train/bird/canon_cistothorus_palustris_7601_5b7a38f5dd.jpeg
train/bird/canon_delichon_urbicum_64705_f9b2ca07b1.jpeg,bird,train,SUSPICIOUS_LABEL,191.69,100.64,27.82,0.0004,airliner,0.9102,data/Mid224/train/bird/canon_delichon_urbicum_64705_f9b2ca07b1.jpeg
train/bird/canon_dendrocygna_javanica_6891_2de7d7085a.jpeg,bird,train,SUSPICIOUS_LABEL,662.34,122.71,46.65,0.04,chain saw,0.3052,data/Mid224/train/bird/canon_dendrocygna_javanica_6891_2de7d7085a.jpeg
train/bird/canon_dryobates_nuttallii_792987_87c24d57ab.jpeg,bird,train,SUSPICIOUS_LABEL,1447.45,134.13,40.37,0.0158,indri,0.3103,data/Mid224/train/bird/canon_dryobates_nuttallii_792987_87c24d57ab.jpeg
train/bird/canon_egretta_rufescens_4948_e9cea3b910.jpeg,bird,train,LOW_CONTRAST,232.46,111.47,16.42,0.873,dowitcher,0.3553,data/Mid224/train/bird/canon_egretta_rufescens_4948_e9cea3b910.jpeg
train/bird/canon_elaenia_parvirostris_16733_33d80402e7.jpeg,bird,train,UNDEREXPOSED,256.38,21.64,26.37,0.1117,three-toed sloth,0.1739,data/Mid224/train/bird/canon_elaenia_parvirostris_16733_33d80402e7.jpeg
train/bird/canon_elanus_axillaris_5276_4835e2ec82.jpeg,bird,train,SUSPICIOUS_LABEL,633.14,115.36,46.36,0.0016,projectile,0.2248,data/Mid224/train/bird/canon_elanus_axillaris_5276_4835e2ec82.jpeg
train/bird/canon_elanus_scriptus_5274_b954b5ca43.jpeg,bird,train,SUSPICIOUS_LABEL,1068.54,110.06,49.61,0.046,comic book,0.2542,data/Mid224/train/bird/canon_elanus_scriptus_5274_b954b5ca43.jpeg
train/bird/canon_eudynamys_orientalis_100695_db482d94bb.jpeg,bird,train,SUSPICIOUS_LABEL,621.33,126.78,61.41,0.0235,bulletproof vest,0.3402,data/Mid224/train/bird/canon_eudynamys_orientalis_100695_db482d94bb.jpeg
train/bird/canon_falco_longipennis_4663_78603fcdcd.jpeg,bird,train,SUSPICIOUS_LABEL,689.3,132.74,52.66,0.0373,langur,0.3917,data/Mid224/train/bird/canon_falco_longipennis_4663_78603fcdcd.jpeg
train/bird/canon_granatina_granatina_145338_a2920c8296.jpeg,bird,train,SUSPICIOUS_LABEL,786.31,143.61,68.44,0.002,chain saw,0.3084,data/Mid224/train/bird/canon_granatina_granatina_145338_a2920c8296.jpeg
train/bird/canon_harpia_harpyja_5321_01f2e78f0e.jpeg,bird,train,SUSPICIOUS_LABEL,1070.35,96.22,40.11,0.0111,indri,0.2053,data/Mid224/train/bird/canon_harpia_harpyja_5321_01f2e78f0e.jpeg
train/bird/canon_larus_californicus_4385_40d29515a4.jpeg,bird,train,SUSPICIOUS_LABEL,337.76,166.24,34.91,0.0231,airship,0.46,data/Mid224/train/bird/canon_larus_californicus_4385_40d29515a4.jpeg
train/bird/canon_larus_mongolicus_480198_589a8ae45e.jpeg,bird,train,SUSPICIOUS_LABEL,235.78,133.7,52.86,0.0303,aircraft carrier,0.2228,data/Mid224/train/bird/canon_larus_mongolicus_480198_589a8ae45e.jpeg
train/bird/canon_larus_schistisagus_4366_8b748b723f.jpeg,bird,train,SUSPICIOUS_LABEL,188.59,127.78,39.9,0.0213,beaker,0.2545,data/Mid224/train/bird/canon_larus_schistisagus_4366_8b748b723f.jpeg
train/bird/canon_leuconotopicus_villosus_1651487_c595684981.jpeg,bird,train,SUSPICIOUS_LABEL,1277.33,110.27,43.45,0.0011,sax,0.4229,data/Mid224/train/bird/canon_leuconotopicus_villosus_1651487_c595684981.jpeg
train/bird/canon_megascops_choliba_19788_07d5310866.jpeg,bird,train,SUSPICIOUS_LABEL,836.66,108.83,43.21,0.0188,comic book,0.3284,data/Mid224/train/bird/canon_megascops_choliba_19788_07d5310866.jpeg
train/bird/canon_melanerpes_formicivorus_18209_efc4d87b92.jpeg,bird,train,SUSPICIOUS_LABEL,420.57,122.61,43.04,0.0174,panpipe,0.3605,data/Mid224/train/bird/canon_melanerpes_formicivorus_18209_efc4d87b92.jpeg
train/bird/canon_melanitta_perspicillata_7036_c1fd5d7b34.jpeg,bird,train,SUSPICIOUS_LABEL,329.11,179.45,66.01,0.0132,assault rifle,0.2188,data/Mid224/train/bird/canon_melanitta_perspicillata_7036_c1fd5d7b34.jpeg
train/bird/canon_melozone_crissalis_73044_7d9115f6dd.jpeg,bird,train,SUSPICIOUS_LABEL,535.63,125.27,35.95,0.0073,stretcher,0.304,data/Mid224/train/bird/canon_melozone_crissalis_73044_7d9115f6dd.jpeg
train/bird/canon_nisaetus_cirrhatus_73100_971c1d6787.jpeg,bird,train,SUSPICIOUS_LABEL,586.16,144.67,46.1,0.041,chain saw,0.2681,data/Mid224/train/bird/canon_nisaetus_cirrhatus_73100_971c1d6787.jpeg
train/bird/canon_oxyura_jamaicensis_850859_8dabb24ca1.jpeg,bird,train,SUSPICIOUS_LABEL,258.61,104.99,41.73,0.0398,sorrel,0.307,data/Mid224/train/bird/canon_oxyura_jamaicensis_850859_8dabb24ca1.jpeg
train/bird/canon_passer_domesticus_13858_f995cd38d2.jpeg,bird,train,SUSPICIOUS_LABEL,270.29,130.99,35.1,0.0099,assault rifle,0.2248,data/Mid224/train/bird/canon_passer_domesticus_13858_f995cd38d2.jpeg
train/bird/canon_pernis_ptilorhynchus_144458_2623727207.jpeg,bird,train,SUSPICIOUS_LABEL,610.95,119.15,56.1,0.0161,assault rifle,0.2669,data/Mid224/train/bird/canon_pernis_ptilorhynchus_144458_2623727207.jpeg
train/bird/canon_prinia_erythroptera_144956_d60e2a22c6.jpeg,bird,train,SUSPICIOUS_LABEL,778.58,189.1,61.16,0.0075,assault rifle,0.4309,data/Mid224/train/bird/canon_prinia_erythroptera_144956_d60e2a22c6.jpeg
train/bird/canon_prosthemadera_novaeseelandiae_12580_9809594c5c.jpeg,bird,train,SUSPICIOUS_LABEL,436.86,92.49,39.81,0.0064,joystick,0.2921,data/Mid224/train/bird/canon_prosthemadera_novaeseelandiae_12580_9809594c5c.jpeg
train/bird/canon_psittacula_alexandri_18901_d3125cc916.jpeg,bird,train,OVEREXPOSED,685.57,223.29,50.37,0.7089,bulbul,0.1972,data/Mid224/train/bird/canon_psittacula_alexandri_18901_d3125cc916.jpeg
train/bird/canon_psittacula_krameri_18911_7a4f92c29b.jpeg,bird,train,SUSPICIOUS_LABEL,1082.57,124.64,39.21,0.0324,tennis ball,0.4963,data/Mid224/train/bird/canon_psittacula_krameri_18911_7a4f92c29b.jpeg
train/bird/canon_pterocles_orientalis_117088_cb7892fd3a.jpeg,bird,train,SUSPICIOUS_LABEL,247.33,160.32,45.62,0.0157,Arabian camel,0.3434,data/Mid224/train/bird/canon_pterocles_orientalis_117088_cb7892fd3a.jpeg
train/bird/canon_ptilotula_penicillata_508976_29673e70c7.jpeg,bird,train,SUSPICIOUS_LABEL,540.91,155.74,41.12,0.0033,plane,0.546,data/Mid224/train/bird/canon_ptilotula_penicillata_508976_29673e70c7.jpeg
train/bird/canon_puffinus_gavia_4102_d719e24075.jpeg,bird,train,SUSPICIOUS_LABEL,972.0,149.4,58.38,0.0084,fox squirrel,0.247,data/Mid224/train/bird/canon_puffinus_gavia_4102_d719e24075.jpeg
train/bird/canon_pycnonotus_aurigaster_14626_bef33901d3.jpeg,bird,train,SUSPICIOUS_LABEL,249.85,164.07,40.14,0.0139,ski,0.2789,data/Mid224/train/bird/canon_pycnonotus_aurigaster_14626_bef33901d3.jpeg
train/bird/canon_saucerottia_beryllina_1289657_838c1ac1d7.jpeg,bird,train,SUSPICIOUS_LABEL,192.57,68.66,36.64,0.0117,milk can,0.2034,data/Mid224/train/bird/canon_saucerottia_beryllina_1289657_838c1ac1d7.jpeg
train/bird/canon_saxicola_rubicola_201192_16b03c45e3.jpeg,bird,train,SUSPICIOUS_LABEL,308.32,120.64,29.47,0.0104,corkscrew,0.4441,data/Mid224/train/bird/canon_saxicola_rubicola_201192_16b03c45e3.jpeg
train/bird/canon_setophaga_tigrina_145231_95c47cc601.jpeg,bird,train,SUSPICIOUS_LABEL,460.4,155.33,24.61,0.0103,yellow lady's slipper,0.5577,data/Mid224/train/bird/canon_setophaga_tigrina_145231_95c47cc601.jpeg
train/bird/canon_sula_leucogaster_3797_0ce028050c.jpeg,bird,train,SUSPICIOUS_LABEL,772.95,155.51,58.17,0.0117,space shuttle,0.2234,data/Mid224/train/bird/canon_sula_leucogaster_3797_0ce028050c.jpeg
train/bird/canon_terathopius_ecaudatus_5231_cbdf2b2bfa.jpeg,bird,train,SUSPICIOUS_LABEL,828.49,108.17,61.51,0.0088,bulletproof vest,0.2703,data/Mid224/train/bird/canon_terathopius_ecaudatus_5231_cbdf2b2bfa.jpeg
train/bird/canon_tigrisoma_lineatum_5048_a272d8200e.jpeg,bird,train,SUSPICIOUS_LABEL,315.66,108.12,42.66,0.0039,bulletproof vest,0.4264,data/Mid224/train/bird/canon_tigrisoma_lineatum_5048_a272d8200e.jpeg
train/bird/canon_tolmomyias_assimilis_16546_915fd01246.jpeg,bird,train,SUSPICIOUS_LABEL,699.41,89.32,66.33,0.0173,bulletproof vest,0.2788,data/Mid224/train/bird/canon_tolmomyias_assimilis_16546_915fd01246.jpeg
train/bird/canon_trichoglossus_concinnus_1580414_6b9fcbe84d.jpeg,bird,train,SUSPICIOUS_LABEL,312.71,104.1,28.48,0.0145,barn spider,0.7019,data/Mid224/train/bird/canon_trichoglossus_concinnus_1580414_6b9fcbe84d.jpeg
train/bird/canon_tyrannus_forficatus_16783_9532610ba7.jpeg,bird,train,OVEREXPOSED,980.64,229.35,47.02,0.4818,coucal,0.1956,data/Mid224/train/bird/canon_tyrannus_forficatus_16783_9532610ba7.jpeg
train/bird/canon_tyto_alba_20445_cb8a9af32f.jpeg,bird,train,SUSPICIOUS_LABEL,242.45,95.02,28.18,0.0333,Bedlington terrier,0.3871,data/Mid224/train/bird/canon_tyto_alba_20445_cb8a9af32f.jpeg
train/bird/canon_tyto_novaehollandiae_20425_3c8263917e.jpeg,bird,train,SUSPICIOUS_LABEL,593.25,64.2,51.53,0.0041,weasel,0.2782,data/Mid224/train/bird/canon_tyto_novaehollandiae_20425_3c8263917e.jpeg
train/bird/field_acanthis_flammea_cabaret_531733_3e21cedf72.jpeg,bird,train,SUSPICIOUS_LABEL,287.86,156.19,32.07,0.0045,parallel bars,0.4602,data/Mid224/train/bird/field_acanthis_flammea_cabaret_531733_3e21cedf72.jpeg
train/bird/field_acanthis_flammea_cabaret_531733_4e6c784638.jpeg,bird,train,SUSPICIOUS_LABEL,277.27,155.7,32.58,0.0011,parallel bars,0.2742,data/Mid224/train/bird/field_acanthis_flammea_cabaret_531733_4e6c784638.jpeg
train/bird/field_acanthis_flammea_cabaret_531733_80591101bb.jpeg,bird,train,SUSPICIOUS_LABEL,230.32,155.68,32.52,0.0003,parallel bars,0.6005,data/Mid224/train/bird/field_acanthis_flammea_cabaret_531733_80591101bb.jpeg
train/bird/field_accipiter_nisus_5106_0d45959c8a.jpeg,bird,train,SUSPICIOUS_LABEL,814.56,130.22,48.44,0.0003,assault rifle,0.4241,data/Mid224/train/bird/field_accipiter_nisus_5106_0d45959c8a.jpeg
train/bird/field_accipiter_nisus_5106_0feeae8f97.jpeg,bird,train,BLURRY;LOW_CONTRAST,30.18,167.06,9.26,0.2422,airship,0.1935,data/Mid224/train/bird/field_accipiter_nisus_5106_0feeae8f97.jpeg
train/bird/field_accipiter_nisus_5106_80cb019000.jpeg,bird,train,BLURRY;LOW_CONTRAST,53.34,126.75,12.59,0.1289,airliner,0.1205,data/Mid224/train/bird/field_accipiter_nisus_5106_80cb019000.jpeg
train/bird/field_accipiter_nisus_5106_e21c8142b8.jpeg,bird,train,BLURRY;LOW_CONTRAST,25.55,166.34,12.26,0.4081,airship,0.3327,data/Mid224/train/bird/field_accipiter_nisus_5106_e21c8142b8.jpeg
train/bird/field_accipiter_striatus_velox_236908_dcc3bc36e8.jpeg,bird,train,BLURRY;OVEREXPOSED;LOW_CONTRAST,21.55,238.97,11.4,0.017,analog clock,0.0324,data/Mid224/train/bird/field_accipiter_striatus_velox_236908_dcc3bc36e8.jpeg
train/bird/field_accipitridae_5067_1a28c87753.jpeg,bird,train,BLURRY;LOW_CONTRAST,27.67,150.24,10.6,0.6554,black stork,0.4298,data/Mid224/train/bird/field_accipitridae_5067_1a28c87753.jpeg
train/bird/field_accipitridae_5067_a24c8702a2.jpeg,bird,train,SUSPICIOUS_LABEL,1800.9,152.51,58.09,0.0046,steel arch bridge,0.2065,data/Mid224/train/bird/field_accipitridae_5067_a24c8702a2.jpeg
train/bird/field_accipitridae_5067_e245796d87.jpeg,bird,train,SUSPICIOUS_LABEL,258.38,153.01,39.79,0.0067,submarine,0.4953,data/Mid224/train/bird/field_accipitridae_5067_e245796d87.jpeg
train/bird/field_accipitrinae_1541538_2f4271f0af.jpeg,bird,train,SUSPICIOUS_LABEL,300.25,150.94,38.43,0.0043,airship,0.3701,data/Mid224/train/bird/field_accipitrinae_1541538_2f4271f0af.jpeg
train/bird/field_acridotheres_grandis_14870_cd6061e916.jpeg,bird,train,BLURRY;LOW_CONTRAST,63.22,94.39,17.31,0.8905,black stork,0.5947,data/Mid224/train/bird/field_acridotheres_grandis_14870_cd6061e916.jpeg
train/bird/field_acridotheres_tristis_204454_63e2a0b1e4.jpeg,bird,train,SUSPICIOUS_LABEL,1735.49,134.8,65.97,0.0007,paddlewheel,0.3767,data/Mid224/train/bird/field_acridotheres_tristis_204454_63e2a0b1e4.jpeg
train/bird/field_aegypius_monachus_5382_9121f4002c.jpeg,bird,train,BLURRY;LOW_CONTRAST,17.62,147.85,3.29,0.2234,kite,0.0858,data/Mid224/train/bird/field_aegypius_monachus_5382_9121f4002c.jpeg
train/bird/field_aegypius_monachus_5382_97bf3ab8a1.jpeg,bird,train,SUSPICIOUS_LABEL,207.77,120.48,36.6,0.0081,valley,0.3302,data/Mid224/train/bird/field_aegypius_monachus_5382_97bf3ab8a1.jpeg
train/bird/field_agelaius_phoeniceus_9744_053a75a823.jpeg,bird,train,SUSPICIOUS_LABEL,2171.95,92.03,49.11,0.0091,comic book,0.2083,data/Mid224/train/bird/field_agelaius_phoeniceus_9744_053a75a823.jpeg
train/bird/field_agelaius_phoeniceus_9744_0e88455c16.jpeg,bird,train,SUSPICIOUS_LABEL,484.06,131.83,32.59,0.0066,Bedlington terrier,0.2625,data/Mid224/train/bird/field_agelaius_phoeniceus_9744_0e88455c16.jpeg
train/bird/field_agelaius_phoeniceus_9744_255f2a9c47.jpeg,bird,train,SUSPICIOUS_LABEL,2645.79,121.9,58.04,0.0015,amphibian,0.2688,data/Mid224/train/bird/field_agelaius_phoeniceus_9744_255f2a9c47.jpeg
train/bird/field_agelaius_phoeniceus_9744_2a4e854c1c.jpeg,bird,train,SUSPICIOUS_LABEL,342.8,129.94,29.33,0.0115,ski,0.6921,data/Mid224/train/bird/field_agelaius_phoeniceus_9744_2a4e854c1c.jpeg
train/bird/field_agelaius_phoeniceus_9744_38a8b75f03.jpeg,bird,train,SUSPICIOUS_LABEL,1750.36,125.87,69.77,0.0273,three-toed sloth,0.2715,data/Mid224/train/bird/field_agelaius_phoeniceus_9744_38a8b75f03.jpeg
train/bird/field_agelaius_phoeniceus_9744_5c50bbd5eb.jpeg,bird,train,SUSPICIOUS_LABEL,675.19,146.46,68.84,0.0007,airship,0.8002,data/Mid224/train/bird/field_agelaius_phoeniceus_9744_5c50bbd5eb.jpeg
train/bird/field_agelaius_phoeniceus_9744_6ad5d065b2.jpeg,bird,train,SUSPICIOUS_LABEL,512.69,120.88,55.66,0.0043,assault rifle,0.3423,data/Mid224/train/bird/field_agelaius_phoeniceus_9744_6ad5d065b2.jpeg
train/bird/field_agelaius_phoeniceus_9744_727d3e9fdb.jpeg,bird,train,SUSPICIOUS_LABEL,152.26,137.69,45.05,0.0083,airship,0.7562,data/Mid224/train/bird/field_agelaius_phoeniceus_9744_727d3e9fdb.jpeg
train/bird/field_agelaius_phoeniceus_9744_72beb06699.jpeg,bird,train,SUSPICIOUS_LABEL,2653.08,114.26,57.5,0.0333,pot,0.2189,data/Mid224/train/bird/field_agelaius_phoeniceus_9744_72beb06699.jpeg
train/bird/field_agelaius_phoeniceus_9744_7309d5b40c.jpeg,bird,train,SUSPICIOUS_LABEL,2121.39,105.13,47.54,0.002,worm fence,0.372,data/Mid224/train/bird/field_agelaius_phoeniceus_9744_7309d5b40c.jpeg
train/bird/field_agelaius_phoeniceus_9744_74fd08ee87.jpeg,bird,train,SUSPICIOUS_LABEL,2449.35,104.17,55.61,0.0231,porcupine,0.33,data/Mid224/train/bird/field_agelaius_phoeniceus_9744_74fd08ee87.jpeg
train/bird/field_agelaius_phoeniceus_9744_912e3773a2.jpeg,bird,train,SUSPICIOUS_LABEL,860.91,105.34,39.17,0.049,pole,0.4144,data/Mid224/train/bird/field_agelaius_phoeniceus_9744_912e3773a2.jpeg
train/bird/field_agelaius_phoeniceus_9744_afdb9fdc55.jpeg,bird,train,SUSPICIOUS_LABEL,1717.17,83.26,61.76,0.0183,indri,0.4192,data/Mid224/train/bird/field_agelaius_phoeniceus_9744_afdb9fdc55.jpeg
train/bird/field_agelaius_phoeniceus_9744_c2edd0b0ae.jpeg,bird,train,SUSPICIOUS_LABEL,4922.74,121.08,42.54,0.0454,komondor,0.206,data/Mid224/train/bird/field_agelaius_phoeniceus_9744_c2edd0b0ae.jpeg
train/bird/field_agelaius_phoeniceus_9744_ca7c428a12.jpeg,bird,train,SUSPICIOUS_LABEL,984.02,133.13,59.43,0.0197,chain saw,0.2388,data/Mid224/train/bird/field_agelaius_phoeniceus_9744_ca7c428a12.jpeg
train/bird/field_agelaius_phoeniceus_9744_d11267b455.jpeg,bird,train,SUSPICIOUS_LABEL,2181.37,106.64,54.29,0.0212,Kerry blue terrier,0.2041,data/Mid224/train/bird/field_agelaius_phoeniceus_9744_d11267b455.jpeg
train/bird/field_agelaius_phoeniceus_9744_d494d0ad77.jpeg,bird,train,SUSPICIOUS_LABEL,1995.38,121.12,50.71,0.0401,cardoon,0.6202,data/Mid224/train/bird/field_agelaius_phoeniceus_9744_d494d0ad77.jpeg
train/bird/field_agelaius_phoeniceus_9744_ebfc3504ad.jpeg,bird,train,SUSPICIOUS_LABEL,1935.4,104.59,49.49,0.0002,passenger car,0.4677,data/Mid224/train/bird/field_agelaius_phoeniceus_9744_ebfc3504ad.jpeg
train/bird/field_aix_sponsa_7107_949223f5a9.jpeg,bird,train,LOW_CONTRAST,161.69,38.78,15.73,0.1932,platypus,0.0631,data/Mid224/train/bird/field_aix_sponsa_7107_949223f5a9.jpeg
train/bird/field_alcedinidae_2314_0aae4f7b1b.jpeg,bird,train,SUSPICIOUS_LABEL,443.63,152.58,34.05,0.004,seashore,0.3578,data/Mid224/train/bird/field_alcedinidae_2314_0aae4f7b1b.jpeg
train/bird/field_alcedinidae_2314_1c5a6d32d6.jpeg,bird,train,SUSPICIOUS_LABEL,520.29,143.8,39.64,0.0071,seashore,0.3235,data/Mid224/train/bird/field_alcedinidae_2314_1c5a6d32d6.jpeg
train/bird/field_alcedinidae_2314_5d3e02d0d9.jpeg,bird,train,SUSPICIOUS_LABEL,477.46,141.35,36.96,0.0127,seashore,0.3901,data/Mid224/train/bird/field_alcedinidae_2314_5d3e02d0d9.jpeg
train/bird/field_amazona_autumnalis_18990_ecc41f1808.jpeg,bird,train,SUSPICIOUS_LABEL,1889.57,122.07,38.39,0.0059,comic book,0.2491,data/Mid224/train/bird/field_amazona_autumnalis_18990_ecc41f1808.jpeg
train/bird/field_amazona_ochrocephala_19003_c5ef73887e.jpeg,bird,train,SUSPICIOUS_LABEL,2105.1,121.95,58.29,0.042,patas,0.3377,data/Mid224/train/bird/field_amazona_ochrocephala_19003_c5ef73887e.jpeg
train/bird/field_amazona_viridigenalis_18976_f1c0f31f35.jpeg,bird,train,SUSPICIOUS_LABEL,698.69,202.74,24.3,0.0096,bow,0.2247,data/Mid224/train/bird/field_amazona_viridigenalis_18976_f1c0f31f35.jpeg
train/bird/field_anas_crecca_6937_4bd03dcbb6.jpeg,bird,train,SUSPICIOUS_LABEL,1800.13,115.32,41.67,0.0107,komondor,0.3811,data/Mid224/train/bird/field_anas_crecca_6937_4bd03dcbb6.jpeg
train/bird/field_anas_diazi_827372_26d6f32428.jpeg,bird,train,LOW_CONTRAST,164.95,43.18,17.9,0.0632,airship,0.09,data/Mid224/train/bird/field_anas_diazi_827372_26d6f32428.jpeg
train/bird/field_anas_platyrhynchos_6930_55387a958c.jpeg,bird,train,SUSPICIOUS_LABEL,972.84,156.16,53.74,0.0203,submarine,0.4076,data/Mid224/train/bird/field_anas_platyrhynchos_6930_55387a958c.jpeg
train/bird/field_anas_platyrhynchos_6930_5dc3b39173.jpeg,bird,train,SUSPICIOUS_LABEL,451.61,162.9,41.8,0.0158,submarine,0.5621,data/Mid224/train/bird/field_anas_platyrhynchos_6930_5dc3b39173.jpeg
train/bird/field_anas_platyrhynchos_6930_6c75200141.jpeg,bird,train,BLURRY;OVEREXPOSED;LOW_CONTRAST,22.08,247.59,6.74,0.0227,corkscrew,0.0166,data/Mid224/train/bird/field_anas_platyrhynchos_6930_6c75200141.jpeg
train/bird/field_anas_platyrhynchos_6930_6ee90b29e6.jpeg,bird,train,SUSPICIOUS_LABEL,2284.42,145.85,64.55,0.0009,park bench,0.2954,data/Mid224/train/bird/field_anas_platyrhynchos_6930_6ee90b29e6.jpeg
train/bird/field_anas_platyrhynchos_6930_802d51c6a2.jpeg,bird,train,OVEREXPOSED,164.25,245.12,19.43,0.128,rhinoceros beetle,0.3325,data/Mid224/train/bird/field_anas_platyrhynchos_6930_802d51c6a2.jpeg
train/bird/field_anas_platyrhynchos_6930_975bea3878.jpeg,bird,train,SUSPICIOUS_LABEL,2279.55,107.7,38.61,0.0069,fox squirrel,0.9208,data/Mid224/train/bird/field_anas_platyrhynchos_6930_975bea3878.jpeg
train/bird/field_anas_platyrhynchos_6930_d4af9ffc18.jpeg,bird,train,OVEREXPOSED;LOW_CONTRAST,160.51,245.96,15.76,0.0647,corkscrew,0.2468,data/Mid224/train/bird/field_anas_platyrhynchos_6930_d4af9ffc18.jpeg
train/bird/field_anatidae_6912_b2e508519b.jpeg,bird,train,SUSPICIOUS_LABEL,268.51,130.5,56.63,0.0001,half track,0.2824,data/Mid224/train/bird/field_anatidae_6912_b2e508519b.jpeg
train/bird/field_anhinga_novaehollandiae_5061_82b9675973.jpeg,bird,train,SUSPICIOUS_LABEL,843.09,116.06,44.76,0.01,hog,0.2359,data/Mid224/train/bird/field_anhinga_novaehollandiae_5061_82b9675973.jpeg
train/bird/field_anhinga_novaehollandiae_5061_ae7fe0baa6.jpeg,bird,train,SUSPICIOUS_LABEL,835.76,122.32,46.73,0.0456,hog,0.2127,data/Mid224/train/bird/field_anhinga_novaehollandiae_5061_ae7fe0baa6.jpeg
train/bird/field_anser_brachyrhynchus_7007_94d2fa5af2.jpeg,bird,train,LOW_CONTRAST,295.19,127.35,17.07,0.3409,warplane,0.3071,data/Mid224/train/bird/field_anser_brachyrhynchus_7007_94d2fa5af2.jpeg
train/bird/field_anthracoceros_albirostris_5551_16af95ceb0.jpeg,bird,train,SUSPICIOUS_LABEL,2507.2,126.39,62.85,0.0001,fire engine,0.3948,data/Mid224/train/bird/field_anthracoceros_albirostris_5551_16af95ceb0.jpeg
train/bird/field_antigone_canadensis_508048_04a2b0de49.jpeg,bird,train,OVEREXPOSED;SUSPICIOUS_LABEL,192.79,221.76,29.45,0.0188,assault rifle,0.2748,data/Mid224/train/bird/field_antigone_canadensis_508048_04a2b0de49.jpeg
train/bird/field_antigone_canadensis_508048_717218553b.jpeg,bird,train,SUSPICIOUS_LABEL,915.05,117.86,49.81,0.0085,worm fence,0.4189,data/Mid224/train/bird/field_antigone_canadensis_508048_717218553b.jpeg
train/bird/field_antigone_canadensis_508048_e455bf1cef.jpeg,bird,train,BLURRY;OVEREXPOSED;LOW_CONTRAST,4.54,227.44,3.49,0.0279,nematode,0.0889,data/Mid224/train/bird/field_antigone_canadensis_508048_e455bf1cef.jpeg
train/bird/field_antigone_canadensis_508048_f3d813a64c.jpeg,bird,train,BLURRY;OVEREXPOSED;LOW_CONTRAST,3.38,227.67,2.61,0.0257,airship,0.0291,data/Mid224/train/bird/field_antigone_canadensis_508048_f3d813a64c.jpeg
train/bird/field_antigone_canadensis_pratensis_508049_24e43ebab4.jpeg,bird,train,SUSPICIOUS_LABEL,246.17,150.02,33.64,0.0096,sandbar,0.3287,data/Mid224/train/bird/field_antigone_canadensis_pratensis_508049_24e43ebab4.jpeg
train/bird/field_apus_apus_6638_3045d41e70.jpeg,bird,train,SUSPICIOUS_LABEL,667.5,84.83,61.55,0.0177,platypus,0.5037,data/Mid224/train/bird/field_apus_apus_6638_3045d41e70.jpeg
train/bird/field_apus_apus_6638_3809e7c3a7.jpeg,bird,train,SUSPICIOUS_LABEL,663.16,121.77,61.61,0.0045,panpipe,0.6756,data/Mid224/train/bird/field_apus_apus_6638_3809e7c3a7.jpeg
train/bird/field_apus_apus_6638_3be0bd92d4.jpeg,bird,train,SUSPICIOUS_LABEL,307.37,143.7,54.55,0.0014,ski mask,0.2619,data/Mid224/train/bird/field_apus_apus_6638_3be0bd92d4.jpeg
train/bird/field_apus_apus_6638_3d6d766055.jpeg,bird,train,SUSPICIOUS_LABEL,448.61,130.27,60.86,0.0012,oxygen mask,0.4089,data/Mid224/train/bird/field_apus_apus_6638_3d6d766055.jpeg
train/bird/field_apus_apus_6638_69a2b4ed36.jpeg,bird,train,SUSPICIOUS_LABEL,631.95,157.85,46.87,0.002,aircraft carrier,0.3073,data/Mid224/train/bird/field_apus_apus_6638_69a2b4ed36.jpeg
train/bird/field_apus_apus_6638_74ed3688d5.jpeg,bird,train,SUSPICIOUS_LABEL,292.69,126.29,66.56,0.0065,bulletproof vest,0.4222,data/Mid224/train/bird/field_apus_apus_6638_74ed3688d5.jpeg
train/bird/field_apus_apus_6638_9a2665bc56.jpeg,bird,train,OVEREXPOSED,332.07,233.23,23.91,0.0639,wall clock,0.123,data/Mid224/train/bird/field_apus_apus_6638_9a2665bc56.jpeg
train/bird/field_apus_apus_6638_ab418c2ebf.jpeg,bird,train,SUSPICIOUS_LABEL,452.52,144.92,63.3,0.001,gondola,0.3358,data/Mid224/train/bird/field_apus_apus_6638_ab418c2ebf.jpeg
train/bird/field_apus_apus_6638_c67ff1dfdc.jpeg,bird,train,SUSPICIOUS_LABEL,376.95,126.08,65.56,0.0304,assault rifle,0.371,data/Mid224/train/bird/field_apus_apus_6638_c67ff1dfdc.jpeg
train/bird/field_apus_apus_6638_caa1a889a2.jpeg,bird,train,OVEREXPOSED,313.31,235.43,23.97,0.0386,wall clock,0.1454,data/Mid224/train/bird/field_apus_apus_6638_caa1a889a2.jpeg
train/bird/field_apus_apus_6638_fc087fedb4.jpeg,bird,train,SUSPICIOUS_LABEL,436.39,148.74,57.79,0.0015,assault rifle,0.2942,data/Mid224/train/bird/field_apus_apus_6638_fc087fedb4.jpeg
train/bird/field_aquila_chrysaetos_5074_451ee516b6.jpeg,bird,train,SUSPICIOUS_LABEL,1434.59,123.37,39.85,0.0198,alp,0.3362,data/Mid224/train/bird/field_aquila_chrysaetos_5074_451ee516b6.jpeg
train/bird/field_aquila_nipalensis_5083_b9f7b00c90.jpeg,bird,train,SUSPICIOUS_LABEL,182.79,162.2,39.02,0.0299,platypus,0.2527,data/Mid224/train/bird/field_aquila_nipalensis_5083_b9f7b00c90.jpeg
train/bird/field_ara_macao_19022_68e2785eef.jpeg,bird,train,SUSPICIOUS_LABEL,4733.67,109.79,72.22,0.0467,cardoon,0.2978,data/Mid224/train/bird/field_ara_macao_19022_68e2785eef.jpeg
train/bird/field_ara_macao_19022_6cb4d3c889.jpeg,bird,train,SUSPICIOUS_LABEL,371.23,122.66,53.21,0.0007,bulletproof vest,0.3014,data/Mid224/train/bird/field_ara_macao_19022_6cb4d3c889.jpeg
train/bird/field_ara_macao_19022_876adfe460.jpeg,bird,train,SUSPICIOUS_LABEL,902.6,117.94,70.86,0.0004,Dandie Dinmont,0.2314,data/Mid224/train/bird/field_ara_macao_19022_876adfe460.jpeg
train/bird/field_ara_macao_19022_9df845822b.jpeg,bird,train,SUSPICIOUS_LABEL,690.0,170.21,68.13,0.017,plane,0.4282,data/Mid224/train/bird/field_ara_macao_19022_9df845822b.jpeg
train/bird/field_aramus_guarauna_7_f8a8a6b97e.jpeg,bird,train,SUSPICIOUS_LABEL,1955.05,131.41,53.65,0.0099,lakeside,0.2925,data/Mid224/train/bird/field_aramus_guarauna_7_f8a8a6b97e.jpeg
train/bird/field_archilochus_alexandri_6433_0d92a9f747.jpeg,bird,train,OVEREXPOSED;SUSPICIOUS_LABEL,1024.5,223.43,41.15,0.0273,bow,0.3874,data/Mid224/train/bird/field_archilochus_alexandri_6433_0d92a9f747.jpeg
train/bird/field_archilochus_alexandri_6433_30f7e4f000.jpeg,bird,train,OVEREXPOSED;SUSPICIOUS_LABEL,811.03,224.56,43.53,0.0255,pirate,0.2087,data/Mid224/train/bird/field_archilochus_alexandri_6433_30f7e4f000.jpeg
train/bird/field_archilochus_alexandri_6433_6268cbff21.jpeg,bird,train,SUSPICIOUS_LABEL,245.0,119.12,29.2,0.0336,fox squirrel,0.4093,data/Mid224/train/bird/field_archilochus_alexandri_6433_6268cbff21.jpeg
train/bird/field_archilochus_alexandri_6433_8100c92aa4.jpeg,bird,train,OVEREXPOSED,631.17,221.25,37.03,0.3001,three-toed sloth,0.111,data/Mid224/train/bird/field_archilochus_alexandri_6433_8100c92aa4.jpeg
train/bird/field_ardea_alba_144455_09881d4381.jpeg,bird,train,SUSPICIOUS_LABEL,915.0,148.83,28.63,0.0409,rule,0.2166,data/Mid224/train/bird/field_ardea_alba_144455_09881d4381.jpeg
train/bird/field_ardea_alba_144455_2af9441d3d.jpeg,bird,train,SUSPICIOUS_LABEL,362.12,167.89,34.35,0.014,Sealyham terrier,0.2246,data/Mid224/train/bird/field_ardea_alba_144455_2af9441d3d.jpeg
train/bird/field_ardea_alba_144455_3491c3b458.jpeg,bird,train,SUSPICIOUS_LABEL,514.55,151.87,71.96,0.0048,airship,0.308,data/Mid224/train/bird/field_ardea_alba_144455_3491c3b458.jpeg
train/bird/field_ardea_alba_144455_5afe2b52a1.jpeg,bird,train,SUSPICIOUS_LABEL,3920.75,117.39,48.39,0.0214,stone wall,0.2695,data/Mid224/train/bird/field_ardea_alba_144455_5afe2b52a1.jpeg
train/bird/field_ardea_alba_144455_9a76f9bbd6.jpeg,bird,train,SUSPICIOUS_LABEL,1575.19,118.52,36.23,0.0118,fox squirrel,0.3561,data/Mid224/train/bird/field_ardea_alba_144455_9a76f9bbd6.jpeg
train/bird/field_ardea_alba_144455_9b743eec16.jpeg,bird,train,LOW_CONTRAST,128.8,141.69,15.28,0.1394,jigsaw puzzle,0.0716,data/Mid224/train/bird/field_ardea_alba_144455_9b743eec16.jpeg
train/bird/field_ardea_brachyrhyncha_1505778_b25b9c38e4.jpeg,bird,train,SUSPICIOUS_LABEL,442.51,156.2,49.16,0.0217,lakeside,0.2265,data/Mid224/train/bird/field_ardea_brachyrhyncha_1505778_b25b9c38e4.jpeg
train/bird/field_ardea_coromanda_1585373_4df8da0823.jpeg,bird,train,SUSPICIOUS_LABEL,2221.09,130.88,51.26,0.0323,Walker hound,0.261,data/Mid224/train/bird/field_ardea_coromanda_1585373_4df8da0823.jpeg
train/bird/field_ardea_coromanda_1585373_8980a2e54d.jpeg,bird,train,SUSPICIOUS_LABEL,545.53,102.16,43.5,0.0059,bulletproof vest,0.2784,data/Mid224/train/bird/field_ardea_coromanda_1585373_8980a2e54d.jpeg
train/bird/field_ardea_herodias_4956_2fd1357d96.jpeg,bird,train,SUSPICIOUS_LABEL,1002.53,128.33,57.35,0.001,promontory,0.5531,data/Mid224/train/bird/field_ardea_herodias_4956_2fd1357d96.jpeg
train/bird/field_ardea_herodias_4956_4b30b86d74.jpeg,bird,train,LOW_CONTRAST,88.24,37.26,15.67,0.0721,parallel bars,0.162,data/Mid224/train/bird/field_ardea_herodias_4956_4b30b86d74.jpeg
train/bird/field_ardea_herodias_4956_4ce6af7064.jpeg,bird,train,SUSPICIOUS_LABEL,3994.72,100.07,44.43,0.0039,worm fence,0.203,data/Mid224/train/bird/field_ardea_herodias_4956_4ce6af7064.jpeg
train/bird/field_ardea_ibis_411086_782b1a2ec3.jpeg,bird,train,SUSPICIOUS_LABEL,690.93,148.0,53.38,0.0048,hartebeest,0.8283,data/Mid224/train/bird/field_ardea_ibis_411086_782b1a2ec3.jpeg
train/bird/field_ardea_ibis_411086_cf223743db.jpeg,bird,train,SUSPICIOUS_LABEL,645.38,118.56,50.77,0.0268,wreck,0.3033,data/Mid224/train/bird/field_ardea_ibis_411086_cf223743db.jpeg
train/bird/field_ardenna_gravis_475120_3661a46dc5.jpeg,bird,train,BLURRY;OVEREXPOSED;LOW_CONTRAST,58.83,228.07,7.37,0.109,nematode,0.0489,data/Mid224/train/bird/field_ardenna_gravis_475120_3661a46dc5.jpeg
train/bird/field_ardeola_4989_20a9e577a4.jpeg,bird,train,SUSPICIOUS_LABEL,1217.45,157.74,50.65,0.0023,submarine,0.2198,data/Mid224/train/bird/field_ardeola_4989_20a9e577a4.jpeg
train/bird/field_ardeola_4989_61e3e82d9d.jpeg,bird,train,SUSPICIOUS_LABEL,1058.23,113.28,51.97,0.0009,stretcher,0.6655,data/Mid224/train/bird/field_ardeola_4989_61e3e82d9d.jpeg
train/bird/field_ardeola_4989_eb3c935879.jpeg,bird,train,SUSPICIOUS_LABEL,1273.36,166.68,49.89,0.0009,pot,0.6763,data/Mid224/train/bird/field_ardeola_4989_eb3c935879.jpeg
train/bird/field_asio_flammeus_20315_bbac4352f6.jpeg,bird,train,LOW_CONTRAST,270.41,199.27,16.77,0.1187,hartebeest,0.2437,data/Mid224/train/bird/field_asio_flammeus_20315_bbac4352f6.jpeg
train/bird/field_asio_flammeus_20315_bd195c59f0.jpeg,bird,train,SUSPICIOUS_LABEL,1470.29,64.61,44.39,0.0406,German short-haired pointer,0.3984,data/Mid224/train/bird/field_asio_flammeus_20315_bd195c59f0.jpeg
train/bird/field_asio_otus_20307_2847bb515a.jpeg,bird,train,BLURRY;UNDEREXPOSED;LOW_CONTRAST,35.26,30.6,12.31,0.0237,analog clock,0.0665,data/Mid224/train/bird/field_asio_otus_20307_2847bb515a.jpeg
train/bird/field_asio_otus_20307_69a7066a26.jpeg,bird,train,LOW_CONTRAST,84.33,35.56,17.68,0.0639,isopod,0.1668,data/Mid224/train/bird/field_asio_otus_20307_69a7066a26.jpeg
train/bird/field_asio_otus_20307_b8b406f1c2.jpeg,bird,train,SUSPICIOUS_LABEL,1024.38,91.24,56.61,0.0121,tiger cat,0.4135,data/Mid224/train/bird/field_asio_otus_20307_b8b406f1c2.jpeg
train/bird/field_asio_otus_20307_c1e86922eb.jpeg,bird,train,BLURRY;LOW_CONTRAST,79.1,35.61,17.11,0.1234,tick,0.0616,data/Mid224/train/bird/field_asio_otus_20307_c1e86922eb.jpeg
train/bird/field_astur_cooperii_1579017_00070cbec5.jpeg,bird,train,SUSPICIOUS_LABEL,1649.21,113.4,59.76,0.0041,fire screen,0.3975,data/Mid224/train/bird/field_astur_cooperii_1579017_00070cbec5.jpeg
train/bird/field_astur_cooperii_1579017_04594a4427.jpeg,bird,train,SUSPICIOUS_LABEL,1014.88,126.85,55.22,0.0025,muzzle,0.317,data/Mid224/train/bird/field_astur_cooperii_1579017_04594a4427.jpeg
train/bird/field_astur_cooperii_1579017_0dea236639.jpeg,bird,train,SUSPICIOUS_LABEL,1419.42,107.43,52.94,0.01,jigsaw puzzle,0.2592,data/Mid224/train/bird/field_astur_cooperii_1579017_0dea236639.jpeg
train/bird/field_astur_cooperii_1579017_0df13ed80a.jpeg,bird,train,SUSPICIOUS_LABEL,987.48,116.34,61.72,0.0045,pickelhaube,0.3016,data/Mid224/train/bird/field_astur_cooperii_1579017_0df13ed80a.jpeg
train/bird/field_astur_cooperii_1579017_a092513806.jpeg,bird,train,SUSPICIOUS_LABEL,921.8,127.1,37.15,0.0112,window screen,0.3255,data/Mid224/train/bird/field_astur_cooperii_1579017_a092513806.jpeg
train/bird/field_aves_3_1d5a1e6b6c.jpeg,bird,train,SUSPICIOUS_LABEL,441.03,93.79,47.46,0.0088,Scotch terrier,0.2855,data/Mid224/train/bird/field_aves_3_1d5a1e6b6c.jpeg
train/bird/field_aves_3_440edd3a9c.jpeg,bird,train,SUSPICIOUS_LABEL,326.08,155.22,60.6,0.0003,submarine,0.5128,data/Mid224/train/bird/field_aves_3_440edd3a9c.jpeg
train/bird/field_aves_3_774cc06c54.jpeg,bird,train,OVEREXPOSED;LOW_CONTRAST,80.08,247.17,9.49,0.1336,rhinoceros beetle,0.1061,data/Mid224/train/bird/field_aves_3_774cc06c54.jpeg
train/bird/field_aves_3_802b56fd27.jpeg,bird,train,SUSPICIOUS_LABEL,572.21,133.78,41.0,0.0,ground beetle,0.5698,data/Mid224/train/bird/field_aves_3_802b56fd27.jpeg
train/bird/field_aves_3_81d0f01f49.jpeg,bird,train,SUSPICIOUS_LABEL,979.38,143.47,49.93,0.0142,tank,0.2019,data/Mid224/train/bird/field_aves_3_81d0f01f49.jpeg
train/bird/field_aves_3_ada353bdf1.jpeg,bird,train,SUSPICIOUS_LABEL,790.36,192.68,24.68,0.007,file,0.2477,data/Mid224/train/bird/field_aves_3_ada353bdf1.jpeg
train/bird/field_aves_3_da5aea3e76.jpeg,bird,train,OVEREXPOSED;SUSPICIOUS_LABEL,237.29,243.64,24.46,0.0472,analog clock,0.3684,data/Mid224/train/bird/field_aves_3_da5aea3e76.jpeg
train/bird/field_aves_3_e131236463.jpeg,bird,train,LOW_CONTRAST,163.78,140.37,14.04,0.0787,hartebeest,0.0131,data/Mid224/train/bird/field_aves_3_e131236463.jpeg
train/bird/field_aves_3_f676085498.jpeg,bird,train,OVEREXPOSED,445.88,237.44,20.1,0.0087,analog clock,0.169,data/Mid224/train/bird/field_aves_3_f676085498.jpeg
train/bird/field_aves_3_fdb58b1a19.jpeg,bird,train,LOW_CONTRAST,207.3,129.07,13.72,0.0848,nematode,0.0834,data/Mid224/train/bird/field_aves_3_fdb58b1a19.jpeg
train/bird/field_bombycilla_cedrorum_7428_1ceab2401f.jpeg,bird,train,SUSPICIOUS_LABEL,277.57,124.18,47.69,0.0158,cuirass,0.2436,data/Mid224/train/bird/field_bombycilla_cedrorum_7428_1ceab2401f.jpeg
train/bird/field_bonasa_umbellus_890_00b0cec545.jpeg,bird,train,SUSPICIOUS_LABEL,3571.54,108.31,66.84,0.0229,proboscis monkey,0.2757,data/Mid224/train/bird/field_bonasa_umbellus_890_00b0cec545.jpeg
train/bird/field_bonasa_umbellus_890_3e0ec13b01.jpeg,bird,train,SUSPICIOUS_LABEL,3549.57,82.69,72.58,0.0003,pickelhaube,0.2703,data/Mid224/train/bird/field_bonasa_umbellus_890_3e0ec13b01.jpeg
train/bird/field_bonasa_umbellus_890_c272b90e2d.jpeg,bird,train,SUSPICIOUS_LABEL,4602.71,88.01,64.05,0.004,assault rifle,0.2212,data/Mid224/train/bird/field_bonasa_umbellus_890_c272b90e2d.jpeg
train/bird/field_botaurus_cinnamomeus_1583070_7bb0f447d4.jpeg,bird,train,SUSPICIOUS_LABEL,436.65,119.94,40.62,0.0234,bulletproof vest,0.3109,data/Mid224/train/bird/field_botaurus_cinnamomeus_1583070_7bb0f447d4.jpeg
train/bird/field_branta_canadensis_7089_11741a6726.jpeg,bird,train,SUSPICIOUS_LABEL,953.88,135.14,50.99,0.0019,airship,0.8186,data/Mid224/train/bird/field_branta_canadensis_7089_11741a6726.jpeg
train/bird/field_branta_canadensis_7089_1fb99caf1e.jpeg,bird,train,SUSPICIOUS_LABEL,883.2,143.06,40.11,0.0027,boathouse,0.4382,data/Mid224/train/bird/field_branta_canadensis_7089_1fb99caf1e.jpeg
train/bird/field_branta_canadensis_7089_2d4fae9658.jpeg,bird,train,SUSPICIOUS_LABEL,2156.91,128.19,43.41,0.0136,komondor,0.252,data/Mid224/train/bird/field_branta_canadensis_7089_2d4fae9658.jpeg
train/bird/field_branta_canadensis_7089_af35af196f.jpeg,bird,train,SUSPICIOUS_LABEL,414.34,124.44,75.39,0.0008,airship,0.2686,data/Mid224/train/bird/field_branta_canadensis_7089_af35af196f.jpeg
train/bird/field_branta_canadensis_7089_c157861f02.jpeg,bird,train,SUSPICIOUS_LABEL,487.21,121.1,73.91,0.0034,airship,0.2735,data/Mid224/train/bird/field_branta_canadensis_7089_c157861f02.jpeg
train/bird/field_bubo_virginianus_20044_0871df93d4.jpeg,bird,train,SUSPICIOUS_LABEL,1765.18,102.2,60.18,0.0041,affenpinscher,0.6703,data/Mid224/train/bird/field_bubo_virginianus_20044_0871df93d4.jpeg
train/bird/field_bubo_virginianus_20044_5bde3245c6.jpeg,bird,train,OVEREXPOSED;SUSPICIOUS_LABEL,319.02,222.17,69.22,0.003,hatchet,0.3003,data/Mid224/train/bird/field_bubo_virginianus_20044_5bde3245c6.jpeg
train/bird/field_bubo_virginianus_20044_a5a7550f87.jpeg,bird,train,SUSPICIOUS_LABEL,1459.29,115.24,49.78,0.001,bulletproof vest,0.2775,data/Mid224/train/bird/field_bubo_virginianus_20044_a5a7550f87.jpeg
train/bird/field_bubo_virginianus_20044_f012b64441.jpeg,bird,train,SUSPICIOUS_LABEL,1751.87,83.71,64.67,0.001,abaya,0.2203,data/Mid224/train/bird/field_bubo_virginianus_20044_f012b64441.jpeg
train/bird/field_bubo_virginianus_20044_f71989ac54.jpeg,bird,train,SUSPICIOUS_LABEL,3030.16,100.83,61.26,0.0078,overskirt,0.3371,data/Mid224/train/bird/field_bubo_virginianus_20044_f71989ac54.jpeg
train/bird/field_buteo_buteo_204472_9d49f3ff63.jpeg,bird,train,SUSPICIOUS_LABEL,2793.42,113.91,49.89,0.0156,skunk,0.2519,data/Mid224/train/bird/field_buteo_buteo_204472_9d49f3ff63.jpeg
train/bird/field_buteo_buteo_204472_a5e35ca95d.jpeg,bird,train,BLURRY;LOW_CONTRAST,23.97,116.75,16.01,0.2628,kite,0.1034,data/Mid224/train/bird/field_buteo_buteo_204472_a5e35ca95d.jpeg
train/bird/field_buteo_buteo_204472_c18c958f53.jpeg,bird,train,LOW_CONTRAST,103.35,125.95,11.01,0.2422,airship,0.1013,data/Mid224/train/bird/field_buteo_buteo_204472_c18c958f53.jpeg
train/bird/field_buteo_jamaicensis_5212_0c264e8a3c.jpeg,bird,train,BLURRY,73.4,110.29,22.37,0.0251,promontory,0.0423,data/Mid224/train/bird/field_buteo_jamaicensis_5212_0c264e8a3c.jpeg
train/bird/field_buteo_jamaicensis_5212_1d53666246.jpeg,bird,train,SUSPICIOUS_LABEL,2141.43,162.65,36.32,0.0016,water tower,0.625,data/Mid224/train/bird/field_buteo_jamaicensis_5212_1d53666246.jpeg
train/bird/field_buteo_jamaicensis_5212_1f0a73a798.jpeg,bird,train,SUSPICIOUS_LABEL,1455.52,124.89,59.57,0.0016,parallel bars,0.5448,data/Mid224/train/bird/field_buteo_jamaicensis_5212_1f0a73a798.jpeg
train/bird/field_buteo_jamaicensis_5212_25a9dffc0c.jpeg,bird,train,BLURRY;LOW_CONTRAST,78.18,123.97,17.42,0.4165,parachute,0.241,data/Mid224/train/bird/field_buteo_jamaicensis_5212_25a9dffc0c.jpeg
train/bird/field_buteo_jamaicensis_5212_260c2216dd.jpeg,bird,train,SUSPICIOUS_LABEL,1185.17,135.9,56.75,0.0053,howler monkey,0.634,data/Mid224/train/bird/field_buteo_jamaicensis_5212_260c2216dd.jpeg
train/bird/field_buteo_jamaicensis_5212_318aeedbee.jpeg,bird,train,SUSPICIOUS_LABEL,393.93,118.1,44.02,0.0008,solar dish,0.2019,data/Mid224/train/bird/field_buteo_jamaicensis_5212_318aeedbee.jpeg
train/bird/field_buteo_jamaicensis_5212_36ab5e98b0.jpeg,bird,train,SUSPICIOUS_LABEL,996.79,97.08,48.26,0.0316,lakeside,0.2412,data/Mid224/train/bird/field_buteo_jamaicensis_5212_36ab5e98b0.jpeg
train/bird/field_buteo_jamaicensis_5212_3e635a675f.jpeg,bird,train,OVEREXPOSED,451.59,222.25,61.16,0.118,muzzle,0.1571,data/Mid224/train/bird/field_buteo_jamaicensis_5212_3e635a675f.jpeg
train/bird/field_buteo_jamaicensis_5212_3f70696fc1.jpeg,bird,train,SUSPICIOUS_LABEL,158.73,134.14,39.35,0.0262,chain saw,0.4838,data/Mid224/train/bird/field_buteo_jamaicensis_5212_3f70696fc1.jpeg
train/bird/field_buteo_jamaicensis_5212_3f74da4718.jpeg,bird,train,SUSPICIOUS_LABEL,3630.89,127.12,61.54,0.0099,pickelhaube,0.2601,data/Mid224/train/bird/field_buteo_jamaicensis_5212_3f74da4718.jpeg
train/bird/field_buteo_jamaicensis_5212_444eac31ed.jpeg,bird,train,BLURRY;LOW_CONTRAST,74.69,162.64,15.88,0.0152,binder,0.0379,data/Mid224/train/bird/field_buteo_jamaicensis_5212_444eac31ed.jpeg
train/bird/field_buteo_jamaicensis_5212_48b09c7a31.jpeg,bird,train,LOW_CONTRAST;SUSPICIOUS_LABEL,282.68,124.12,16.57,0.0469,warplane,0.2187,data/Mid224/train/bird/field_buteo_jamaicensis_5212_48b09c7a31.jpeg
train/bird/field_buteo_jamaicensis_5212_4a64840c66.jpeg,bird,train,BLURRY;LOW_CONTRAST,70.59,162.95,15.86,0.009,submarine,0.1283,data/Mid224/train/bird/field_buteo_jamaicensis_5212_4a64840c66.jpeg
train/bird/field_buteo_jamaicensis_5212_537d674fa8.jpeg,bird,train,LOW_CONTRAST;SUSPICIOUS_LABEL,108.42,102.86,15.31,0.0067,airliner,0.6148,data/Mid224/train/bird/field_buteo_jamaicensis_5212_537d674fa8.jpeg
train/bird/field_buteo_jamaicensis_5212_5bd002e0a5.jpeg,bird,train,SUSPICIOUS_LABEL,468.69,130.48,47.03,0.0031,solar dish,0.3194,data/Mid224/train/bird/field_buteo_jamaicensis_5212_5bd002e0a5.jpeg
train/bird/field_buteo_jamaicensis_5212_5e89445f1e.jpeg,bird,train,LOW_CONTRAST;SUSPICIOUS_LABEL,132.88,75.07,15.24,0.0099,ski,0.467,data/Mid224/train/bird/field_buteo_jamaicensis_5212_5e89445f1e.jpeg
train/bird/field_buteo_jamaicensis_5212_6401f59599.jpeg,bird,train,SUSPICIOUS_LABEL,453.98,132.53,55.65,0.0034,valley,0.2861,data/Mid224/train/bird/field_buteo_jamaicensis_5212_6401f59599.jpeg
train/bird/field_buteo_jamaicensis_5212_66e42b3e95.jpeg,bird,train,SUSPICIOUS_LABEL,1221.61,119.24,56.99,0.0031,solar dish,0.2227,data/Mid224/train/bird/field_buteo_jamaicensis_5212_66e42b3e95.jpeg
train/bird/field_buteo_jamaicensis_5212_6716f2d583.jpeg,bird,train,SUSPICIOUS_LABEL,278.97,133.19,53.56,0.0191,pedestal,0.2311,data/Mid224/train/bird/field_buteo_jamaicensis_5212_6716f2d583.jpeg
train/bird/field_buteo_jamaicensis_5212_6c3916499a.jpeg,bird,train,SUSPICIOUS_LABEL,409.66,124.91,44.61,0.0011,solar dish,0.3998,data/Mid224/train/bird/field_buteo_jamaicensis_5212_6c3916499a.jpeg
train/bird/field_buteo_jamaicensis_5212_7b407cdaf5.jpeg,bird,train,SUSPICIOUS_LABEL,471.47,159.96,32.31,0.008,airliner,0.5604,data/Mid224/train/bird/field_buteo_jamaicensis_5212_7b407cdaf5.jpeg
train/bird/field_buteo_jamaicensis_5212_82082e228f.jpeg,bird,train,SUSPICIOUS_LABEL,838.98,134.6,47.29,0.006,lakeside,0.3729,data/Mid224/train/bird/field_buteo_jamaicensis_5212_82082e228f.jpeg
train/bird/field_buteo_jamaicensis_5212_97302fd63a.jpeg,bird,train,BLURRY;LOW_CONTRAST,14.7,109.61,15.85,0.1311,kite,0.0373,data/Mid224/train/bird/field_buteo_jamaicensis_5212_97302fd63a.jpeg
train/bird/field_buteo_jamaicensis_5212_97499662ee.jpeg,bird,train,SUSPICIOUS_LABEL,2029.41,115.1,54.83,0.0366,tusker,0.4539,data/Mid224/train/bird/field_buteo_jamaicensis_5212_97499662ee.jpeg
train/bird/field_buteo_jamaicensis_5212_ab7a86258c.jpeg,bird,train,SUSPICIOUS_LABEL,2695.41,162.15,37.56,0.0004,water tower,0.8849,data/Mid224/train/bird/field_buteo_jamaicensis_5212_ab7a86258c.jpeg
train/bird/field_buteo_jamaicensis_5212_ac43d7380a.jpeg,bird,train,SUSPICIOUS_LABEL,255.92,92.04,29.84,0.0088,ski,0.2967,data/Mid224/train/bird/field_buteo_jamaicensis_5212_ac43d7380a.jpeg
train/bird/field_buteo_jamaicensis_5212_ad383bc686.jpeg,bird,train,SUSPICIOUS_LABEL,1009.99,108.39,44.73,0.0054,fox squirrel,0.2906,data/Mid224/train/bird/field_buteo_jamaicensis_5212_ad383bc686.jpeg
train/bird/field_buteo_jamaicensis_5212_d0c46bb150.jpeg,bird,train,SUSPICIOUS_LABEL,1500.78,81.15,53.51,0.0385,American black bear,0.2964,data/Mid224/train/bird/field_buteo_jamaicensis_5212_d0c46bb150.jpeg
train/bird/field_buteo_jamaicensis_5212_e2fd62be6f.jpeg,bird,train,SUSPICIOUS_LABEL,2085.49,136.26,45.2,0.0124,spotted salamander,0.2259,data/Mid224/train/bird/field_buteo_jamaicensis_5212_e2fd62be6f.jpeg
train/bird/field_buteo_jamaicensis_5212_e6de883aef.jpeg,bird,train,OVEREXPOSED,433.08,228.16,49.92,0.7831,kite,0.3827,data/Mid224/train/bird/field_buteo_jamaicensis_5212_e6de883aef.jpeg
train/bird/field_buteo_jamaicensis_5212_e8e517a2f8.jpeg,bird,train,LOW_CONTRAST,304.81,127.09,16.64,0.2643,pinwheel,0.5912,data/Mid224/train/bird/field_buteo_jamaicensis_5212_e8e517a2f8.jpeg
train/bird/field_buteo_jamaicensis_5212_eaced771d1.jpeg,bird,train,SUSPICIOUS_LABEL,406.0,121.27,22.42,0.0098,chain saw,0.7003,data/Mid224/train/bird/field_buteo_jamaicensis_5212_eaced771d1.jpeg
train/bird/field_buteo_jamaicensis_5212_ef9f34f9f6.jpeg,bird,train,LOW_CONTRAST,112.19,99.08,17.04,0.5092,black stork,0.4041,data/Mid224/train/bird/field_buteo_jamaicensis_5212_ef9f34f9f6.jpeg
train/bird/field_buteo_jamaicensis_5212_efa4dc9365.jpeg,bird,train,SUSPICIOUS_LABEL,1086.15,121.24,44.7,0.0133,tiger beetle,0.3462,data/Mid224/train/bird/field_buteo_jamaicensis_5212_efa4dc9365.jpeg
train/bird/field_buteo_jamaicensis_5212_f6cc8ed200.jpeg,bird,train,SUSPICIOUS_LABEL,396.64,176.39,21.36,0.0177,bow,0.4214,data/Mid224/train/bird/field_buteo_jamaicensis_5212_f6cc8ed200.jpeg
train/bird/field_buteo_jamaicensis_calurus_336654_6170bfe4bc.jpeg,bird,train,LOW_CONTRAST,108.96,105.29,12.14,0.0364,platypus,0.133,data/Mid224/train/bird/field_buteo_jamaicensis_calurus_336654_6170bfe4bc.jpeg
train/bird/field_buteo_jamaicensis_calurus_336654_efef0b64af.jpeg,bird,train,SUSPICIOUS_LABEL,295.0,154.2,37.32,0.0154,airliner,0.7391,data/Mid224/train/bird/field_buteo_jamaicensis_calurus_336654_efef0b64af.jpeg
train/bird/field_buteo_lagopus_5200_a32c9da093.jpeg,bird,train,LOW_CONTRAST,131.38,205.37,15.68,0.1189,corkscrew,0.0481,data/Mid224/train/bird/field_buteo_lagopus_5200_a32c9da093.jpeg
train/bird/field_buteo_lineatus_5206_039aa6a431.jpeg,bird,train,BLURRY;LOW_CONTRAST,75.48,64.27,12.81,0.0786,parachute,0.303,data/Mid224/train/bird/field_buteo_lineatus_5206_039aa6a431.jpeg
train/bird/field_buteo_lineatus_5206_09e5cafac0.jpeg,bird,train,SUSPICIOUS_LABEL,917.09,140.77,42.2,0.0002,drilling platform,0.3516,data/Mid224/train/bird/field_buteo_lineatus_5206_09e5cafac0.jpeg
train/bird/field_buteo_lineatus_5206_46c045b1e3.jpeg,bird,train,SUSPICIOUS_LABEL,3258.98,136.19,58.79,0.0024,drilling platform,0.2841,data/Mid224/train/bird/field_buteo_lineatus_5206_46c045b1e3.jpeg
train/bird/field_buteo_lineatus_5206_493218fac0.jpeg,bird,train,SUSPICIOUS_LABEL,1462.6,149.34,46.72,0.0152,proboscis monkey,0.2894,data/Mid224/train/bird/field_buteo_lineatus_5206_493218fac0.jpeg
train/bird/field_buteo_lineatus_5206_6144277dad.jpeg,bird,train,SUSPICIOUS_LABEL,645.65,111.54,25.75,0.0023,bow,0.4371,data/Mid224/train/bird/field_buteo_lineatus_5206_6144277dad.jpeg
train/bird/field_buteo_lineatus_5206_61ee237163.jpeg,bird,train,SUSPICIOUS_LABEL,2307.1,101.03,43.49,0.001,folding chair,0.4796,data/Mid224/train/bird/field_buteo_lineatus_5206_61ee237163.jpeg
train/bird/field_buteo_lineatus_5206_658550593f.jpeg,bird,train,SUSPICIOUS_LABEL,1584.65,127.8,40.02,0.014,skunk,0.3678,data/Mid224/train/bird/field_buteo_lineatus_5206_658550593f.jpeg
train/bird/field_buteo_lineatus_5206_6e1f2c62dd.jpeg,bird,train,SUSPICIOUS_LABEL,614.2,147.8,54.14,0.0018,ski,0.2526,data/Mid224/train/bird/field_buteo_lineatus_5206_6e1f2c62dd.jpeg
train/bird/field_buteo_lineatus_5206_726bdfc9f2.jpeg,bird,train,LOW_CONTRAST,267.34,85.76,12.61,0.6758,brambling,0.2929,data/Mid224/train/bird/field_buteo_lineatus_5206_726bdfc9f2.jpeg
train/bird/field_buteo_lineatus_5206_9c1b5e62ae.jpeg,bird,train,SUSPICIOUS_LABEL,2052.28,92.69,46.18,0.0024,folding chair,0.5931,data/Mid224/train/bird/field_buteo_lineatus_5206_9c1b5e62ae.jpeg
train/bird/field_buteo_lineatus_5206_aa78ad5d9d.jpeg,bird,train,BLURRY;LOW_CONTRAST,27.72,102.21,9.71,0.4745,kite,0.1854,data/Mid224/train/bird/field_buteo_lineatus_5206_aa78ad5d9d.jpeg
train/bird/field_buteo_lineatus_5206_af42629ed0.jpeg,bird,train,SUSPICIOUS_LABEL,805.45,174.91,35.47,0.0103,bulletproof vest,0.2052,data/Mid224/train/bird/field_buteo_lineatus_5206_af42629ed0.jpeg
train/bird/field_buteo_lineatus_5206_b92981b6f8.jpeg,bird,train,SUSPICIOUS_LABEL,1379.28,158.56,42.61,0.0139,fox squirrel,0.2079,data/Mid224/train/bird/field_buteo_lineatus_5206_b92981b6f8.jpeg
train/bird/field_buteo_lineatus_5206_bfb788ab63.jpeg,bird,train,LOW_CONTRAST,83.86,85.23,15.87,0.2088,parachute,0.4044,data/Mid224/train/bird/field_buteo_lineatus_5206_bfb788ab63.jpeg
train/bird/field_buteo_lineatus_5206_e84976135a.jpeg,bird,train,SUSPICIOUS_LABEL,785.01,152.43,42.74,0.017,proboscis monkey,0.59,data/Mid224/train/bird/field_buteo_lineatus_5206_e84976135a.jpeg
train/bird/field_buteo_lineatus_elegans_339444_197055e959.jpeg,bird,train,SUSPICIOUS_LABEL,1194.01,136.08,55.47,0.0497,harvester,0.2066,data/Mid224/train/bird/field_buteo_lineatus_elegans_339444_197055e959.jpeg
train/bird/field_buteo_lineatus_elegans_339444_4da76c0c5b.jpeg,bird,train,SUSPICIOUS_LABEL,817.51,138.69,57.37,0.0004,bow,0.4882,data/Mid224/train/bird/field_buteo_lineatus_elegans_339444_4da76c0c5b.jpeg
train/bird/field_buteo_lineatus_elegans_339444_81386ed3d5.jpeg,bird,train,SUSPICIOUS_LABEL,590.41,159.51,26.66,0.0083,pedestal,0.3386,data/Mid224/train/bird/field_buteo_lineatus_elegans_339444_81386ed3d5.jpeg
train/bird/field_buteo_lineatus_elegans_339444_90c92d806f.jpeg,bird,train,SUSPICIOUS_LABEL,361.45,161.37,24.2,0.0217,pedestal,0.2734,data/Mid224/train/bird/field_buteo_lineatus_elegans_339444_90c92d806f.jpeg
train/bird/field_buteo_platypterus_5227_02dad112d7.jpeg,bird,train,SUSPICIOUS_LABEL,1496.29,122.46,44.22,0.0272,plow,0.2474,data/Mid224/train/bird/field_buteo_platypterus_5227_02dad112d7.jpeg
train/bird/field_buteo_platypterus_5227_3b5176516f.jpeg,bird,train,SUSPICIOUS_LABEL,1743.09,125.1,46.53,0.0077,solar dish,0.3001,data/Mid224/train/bird/field_buteo_platypterus_5227_3b5176516f.jpeg
train/bird/field_buteo_platypterus_5227_4524441628.jpeg,bird,train,SUSPICIOUS_LABEL,1280.22,121.28,41.51,0.0071,worm fence,0.264,data/Mid224/train/bird/field_buteo_platypterus_5227_4524441628.jpeg
train/bird/field_buteo_platypterus_5227_8b407e028e.jpeg,bird,train,SUSPICIOUS_LABEL,129.73,179.76,19.99,0.0193,revolver,0.4388,data/Mid224/train/bird/field_buteo_platypterus_5227_8b407e028e.jpeg
train/bird/field_buteo_platypterus_5227_cff077a24a.jpeg,bird,train,SUSPICIOUS_LABEL,1641.72,124.56,76.34,0.0326,howler monkey,0.3512,data/Mid224/train/bird/field_buteo_platypterus_5227_cff077a24a.jpeg
train/bird/field_buteo_platypterus_5227_d51d3f2e8c.jpeg,bird,train,SUSPICIOUS_LABEL,4321.59,148.24,86.21,0.0162,howler monkey,0.288,data/Mid224/train/bird/field_buteo_platypterus_5227_d51d3f2e8c.jpeg
train/bird/field_buteo_platypterus_5227_df77d8e493.jpeg,bird,train,LOW_CONTRAST,112.2,124.15,11.32,0.0502,drilling platform,0.0335,data/Mid224/train/bird/field_buteo_platypterus_5227_df77d8e493.jpeg
train/bird/field_buteo_regalis_5181_139e0b5d08.jpeg,bird,train,SUSPICIOUS_LABEL,171.53,105.71,22.41,0.0017,nipple,0.8152,data/Mid224/train/bird/field_buteo_regalis_5181_139e0b5d08.jpeg
train/bird/field_buteo_regalis_5181_8636b6dd69.jpeg,bird,train,SUSPICIOUS_LABEL,345.58,104.88,27.65,0.0025,platypus,0.6209,data/Mid224/train/bird/field_buteo_regalis_5181_8636b6dd69.jpeg
train/bird/field_buteo_regalis_5181_885ecf4e29.jpeg,bird,train,SUSPICIOUS_LABEL,357.61,114.39,25.87,0.0452,airliner,0.3497,data/Mid224/train/bird/field_buteo_regalis_5181_885ecf4e29.jpeg
train/bird/field_buteo_regalis_5181_d34a2ff663.jpeg,bird,train,SUSPICIOUS_LABEL,151.64,96.87,24.7,0.0101,pedestal,0.6149,data/Mid224/train/bird/field_buteo_regalis_5181_d34a2ff663.jpeg
train/bird/field_buteo_rufinus_5192_164928015b.jpeg,bird,train,BLURRY;LOW_CONTRAST,59.29,149.51,11.2,0.3658,airship,0.3242,data/Mid224/train/bird/field_buteo_rufinus_5192_164928015b.jpeg
train/bird/field_buteo_rufinus_5192_a0f2d8c1fb.jpeg,bird,train,BLURRY;LOW_CONTRAST,61.52,165.13,16.21,0.4652,kite,0.2208,data/Mid224/train/bird/field_buteo_rufinus_5192_a0f2d8c1fb.jpeg
train/bird/field_buteo_rufinus_5192_f0ab384a50.jpeg,bird,train,BLURRY;LOW_CONTRAST,50.92,151.45,11.36,0.4827,kite,0.2468,data/Mid224/train/bird/field_buteo_rufinus_5192_f0ab384a50.jpeg
train/bird/field_butorides_virescens_5020_be3b49ebe1.jpeg,bird,train,SUSPICIOUS_LABEL,2080.87,146.72,62.56,0.0359,siamang,0.304,data/Mid224/train/bird/field_butorides_virescens_5020_be3b49ebe1.jpeg
train/bird/field_cacatua_galerita_116834_3eef410a48.jpeg,bird,train,SUSPICIOUS_LABEL,1465.05,103.63,48.27,0.0127,German short-haired pointer,0.291,data/Mid224/train/bird/field_cacatua_galerita_116834_3eef410a48.jpeg
train/bird/field_cairina_moschata_domestica_204094_14fcf95de0.jpeg,bird,train,SUSPICIOUS_LABEL,2434.78,117.19,44.47,0.0252,American alligator,0.2978,data/Mid224/train/bird/field_cairina_moschata_domestica_204094_14fcf95de0.jpeg
train/bird/field_cairina_moschata_domestica_204094_613f64b15f.jpeg,bird,train,SUSPICIOUS_LABEL,2707.38,116.23,42.62,0.0172,Kerry blue terrier,0.2288,data/Mid224/train/bird/field_cairina_moschata_domestica_204094_613f64b15f.jpeg
train/bird/field_calidris_alba_3849_04880569a9.jpeg,bird,train,LOW_CONTRAST,226.85,145.24,16.12,0.0587,Arabian camel,0.3483,data/Mid224/train/bird/field_calidris_alba_3849_04880569a9.jpeg
train/bird/field_calidris_alba_3849_976366983c.jpeg,bird,train,SUSPICIOUS_LABEL,370.57,130.68,34.79,0.0037,seashore,0.3964,data/Mid224/train/bird/field_calidris_alba_3849_976366983c.jpeg
train/bird/field_callocephalon_fimbriatum_116842_709341e59d.jpeg,bird,train,SUSPICIOUS_LABEL,523.04,139.66,55.16,0.0056,spatula,0.2582,data/Mid224/train/bird/field_callocephalon_fimbriatum_116842_709341e59d.jpeg
train/bird/field_calonectris_4185_92ad293c6e.jpeg,bird,train,BLURRY;OVEREXPOSED;LOW_CONTRAST;SUSPICIOUS_LABEL,19.29,227.03,5.46,0.0198,analog clock,0.2943,data/Mid224/train/bird/field_calonectris_4185_92ad293c6e.jpeg
train/bird/field_calypte_anna_6317_1234151857.jpeg,bird,train,SUSPICIOUS_LABEL,538.58,167.15,51.2,0.0124,parallel bars,0.2356,data/Mid224/train/bird/field_calypte_anna_6317_1234151857.jpeg
train/bird/field_calypte_anna_6317_307b8a3298.jpeg,bird,train,SUSPICIOUS_LABEL,318.48,157.37,53.56,0.0012,ski,0.2335,data/Mid224/train/bird/field_calypte_anna_6317_307b8a3298.jpeg
train/bird/field_calypte_anna_6317_4f1396c597.jpeg,bird,train,SUSPICIOUS_LABEL,273.31,103.08,46.0,0.01,milk can,0.2394,data/Mid224/train/bird/field_calypte_anna_6317_4f1396c597.jpeg
train/bird/field_calypte_anna_6317_709a2115b6.jpeg,bird,train,SUSPICIOUS_LABEL,300.7,108.01,30.44,0.0061,isopod,0.212,data/Mid224/train/bird/field_calypte_anna_6317_709a2115b6.jpeg
train/bird/field_calypte_anna_6317_71a1ed860c.jpeg,bird,train,SUSPICIOUS_LABEL,6349.17,112.49,60.41,0.048,cardoon,0.2301,data/Mid224/train/bird/field_calypte_anna_6317_71a1ed860c.jpeg
train/bird/field_calypte_anna_6317_9a5f2ddc1f.jpeg,bird,train,SUSPICIOUS_LABEL,304.17,145.36,47.28,0.0207,can opener,0.3189,data/Mid224/train/bird/field_calypte_anna_6317_9a5f2ddc1f.jpeg
train/bird/field_calypte_anna_6317_df7669e073.jpeg,bird,train,SUSPICIOUS_LABEL,288.2,121.39,32.63,0.0037,bulletproof vest,0.3678,data/Mid224/train/bird/field_calypte_anna_6317_df7669e073.jpeg
train/bird/field_calypte_anna_6317_f0cfa2d372.jpeg,bird,train,SUSPICIOUS_LABEL,282.63,137.88,34.72,0.0431,can opener,0.3281,data/Mid224/train/bird/field_calypte_anna_6317_f0cfa2d372.jpeg
train/bird/field_calypte_anna_6317_f28dc2581e.jpeg,bird,train,SUSPICIOUS_LABEL,180.22,124.8,27.53,0.0009,beaker,0.769,data/Mid224/train/bird/field_calypte_anna_6317_f28dc2581e.jpeg
train/bird/field_calypte_costae_6316_0c6e41dfb0.jpeg,bird,train,SUSPICIOUS_LABEL,1040.44,137.83,57.18,0.0191,jigsaw puzzle,0.2797,data/Mid224/train/bird/field_calypte_costae_6316_0c6e41dfb0.jpeg
train/bird/field_calypte_costae_6316_18ba66ccf0.jpeg,bird,train,SUSPICIOUS_LABEL,1945.61,131.48,47.17,0.0125,Kerry blue terrier,0.3365,data/Mid224/train/bird/field_calypte_costae_6316_18ba66ccf0.jpeg
train/bird/field_calypte_costae_6316_3823500dae.jpeg,bird,train,SUSPICIOUS_LABEL,2615.99,126.89,47.24,0.0179,stinkhorn,0.3976,data/Mid224/train/bird/field_calypte_costae_6316_3823500dae.jpeg
train/bird/field_calypte_costae_6316_55dadc3224.jpeg,bird,train,SUSPICIOUS_LABEL,651.91,147.37,34.75,0.0098,banded gecko,0.2195,data/Mid224/train/bird/field_calypte_costae_6316_55dadc3224.jpeg
train/bird/field_calypte_costae_6316_e2b95bec2b.jpeg,bird,train,SUSPICIOUS_LABEL,1251.71,137.76,34.02,0.0143,tiger beetle,0.4122,data/Mid224/train/bird/field_calypte_costae_6316_e2b95bec2b.jpeg
train/bird/field_calyptorhynchus_banksii_116844_530852ddb2.jpeg,bird,train,SUSPICIOUS_LABEL,643.26,121.91,87.96,0.0411,stretcher,0.2873,data/Mid224/train/bird/field_calyptorhynchus_banksii_116844_530852ddb2.jpeg
train/bird/field_calyptorhynchus_banksii_116844_8c59e6b10f.jpeg,bird,train,SUSPICIOUS_LABEL,3925.11,148.17,80.45,0.0322,chain saw,0.2705,data/Mid224/train/bird/field_calyptorhynchus_banksii_116844_8c59e6b10f.jpeg
train/bird/field_caprimulgus_fossii_19447_ba2e0cab5b.jpeg,bird,train,SUSPICIOUS_LABEL,1273.71,77.95,32.63,0.0169,platypus,0.2495,data/Mid224/train/bird/field_caprimulgus_fossii_19447_ba2e0cab5b.jpeg
train/bird/field_caracara_plancus_4715_e842b34f15.jpeg,bird,train,SUSPICIOUS_LABEL,3040.07,121.28,68.32,0.0309,indri,0.2904,data/Mid224/train/bird/field_caracara_plancus_4715_e842b34f15.jpeg
train/bird/field_cardellina_canadensis_145275_cd0e013cb1.jpeg,bird,train,SUSPICIOUS_LABEL,432.27,165.28,25.84,0.0012,mousetrap,0.336,data/Mid224/train/bird/field_cardellina_canadensis_145275_cd0e013cb1.jpeg
train/bird/field_cardinalis_cardinalis_9083_293208d6c6.jpeg,bird,train,SUSPICIOUS_LABEL,358.22,118.44,48.51,0.0393,hog,0.2054,data/Mid224/train/bird/field_cardinalis_cardinalis_9083_293208d6c6.jpeg
train/bird/field_cardinalis_cardinalis_9083_33c1048909.jpeg,bird,train,SUSPICIOUS_LABEL,686.14,142.58,52.21,0.0045,bow,0.7986,data/Mid224/train/bird/field_cardinalis_cardinalis_9083_33c1048909.jpeg
train/bird/field_cardinalis_cardinalis_9083_5cc2f7142b.jpeg,bird,train,SUSPICIOUS_LABEL,1109.58,124.8,50.89,0.0004,studio couch,0.2226,data/Mid224/train/bird/field_cardinalis_cardinalis_9083_5cc2f7142b.jpeg
train/bird/field_cardinalis_cardinalis_9083_a0e9f0b29c.jpeg,bird,train,SUSPICIOUS_LABEL,558.09,142.42,52.2,0.0178,bow,0.7569,data/Mid224/train/bird/field_cardinalis_cardinalis_9083_a0e9f0b29c.jpeg
train/bird/field_cardinalis_cardinalis_9083_d838ce2706.jpeg,bird,train,SUSPICIOUS_LABEL,489.64,117.04,60.56,0.0384,punching bag,0.3417,data/Mid224/train/bird/field_cardinalis_cardinalis_9083_d838ce2706.jpeg
train/bird/field_cardinalis_cardinalis_9083_df4b5ca6e2.jpeg,bird,train,SUSPICIOUS_LABEL,912.3,122.58,50.77,0.0004,solar dish,0.5732,data/Mid224/train/bird/field_cardinalis_cardinalis_9083_df4b5ca6e2.jpeg
train/bird/field_cardinalis_sinuatus_9081_79365d4b63.jpeg,bird,train,BLURRY;LOW_CONTRAST,75.6,146.89,11.08,0.7374,kite,0.3596,data/Mid224/train/bird/field_cardinalis_sinuatus_9081_79365d4b63.jpeg
train/bird/field_cathartes_aura_4756_0338b1341f.jpeg,bird,train,SUSPICIOUS_LABEL,2874.93,147.66,69.78,0.0191,airliner,0.4306,data/Mid224/train/bird/field_cathartes_aura_4756_0338b1341f.jpeg
train/bird/field_cathartes_aura_4756_04af9e9a57.jpeg,bird,train,SUSPICIOUS_LABEL,1382.83,142.95,72.57,0.0013,monastery,0.2999,data/Mid224/train/bird/field_cathartes_aura_4756_04af9e9a57.jpeg
train/bird/field_cathartes_aura_4756_2b0d583c8e.jpeg,bird,train,SUSPICIOUS_LABEL,1205.34,143.34,71.64,0.0004,pirate,0.3237,data/Mid224/train/bird/field_cathartes_aura_4756_2b0d583c8e.jpeg
train/bird/field_cathartes_aura_4756_3ff85b3e32.jpeg,bird,train,SUSPICIOUS_LABEL,467.85,125.61,71.18,0.0006,submarine,0.4512,data/Mid224/train/bird/field_cathartes_aura_4756_3ff85b3e32.jpeg
train/bird/field_cathartes_aura_4756_45ee4ebbca.jpeg,bird,train,SUSPICIOUS_LABEL,419.29,124.77,41.38,0.0189,promontory,0.2046,data/Mid224/train/bird/field_cathartes_aura_4756_45ee4ebbca.jpeg
train/bird/field_cathartes_aura_4756_47a83ffdd5.jpeg,bird,train,SUSPICIOUS_LABEL,1230.67,137.72,70.88,0.0172,worm fence,0.2377,data/Mid224/train/bird/field_cathartes_aura_4756_47a83ffdd5.jpeg
train/bird/field_cathartes_aura_4756_53b86f8ceb.jpeg,bird,train,SUSPICIOUS_LABEL,2471.42,135.89,65.42,0.0026,standard schnauzer,0.2902,data/Mid224/train/bird/field_cathartes_aura_4756_53b86f8ceb.jpeg
train/bird/field_cathartes_aura_4756_567c84c664.jpeg,bird,train,BLURRY,76.87,148.46,54.78,0.0258,submarine,0.0581,data/Mid224/train/bird/field_cathartes_aura_4756_567c84c664.jpeg
train/bird/field_cathartes_aura_4756_8affbcfafb.jpeg,bird,train,LOW_CONTRAST,197.99,205.78,11.18,0.0016,printer,0.1178,data/Mid224/train/bird/field_cathartes_aura_4756_8affbcfafb.jpeg
train/bird/field_cathartes_aura_4756_a3e5d69aa9.jpeg,bird,train,SUSPICIOUS_LABEL,3289.34,155.65,71.32,0.0064,wall clock,0.2361,data/Mid224/train/bird/field_cathartes_aura_4756_a3e5d69aa9.jpeg
train/bird/field_cathartes_aura_4756_aba97669aa.jpeg,bird,train,SUSPICIOUS_LABEL,2208.81,103.46,71.35,0.0079,affenpinscher,0.2116,data/Mid224/train/bird/field_cathartes_aura_4756_aba97669aa.jpeg
train/bird/field_catharus_guttatus_12890_1c3063ad96.jpeg,bird,train,SUSPICIOUS_LABEL,2454.5,80.6,53.03,0.0027,Kerry blue terrier,0.6765,data/Mid224/train/bird/field_catharus_guttatus_12890_1c3063ad96.jpeg
train/bird/field_centropus_sinensis_1677_b95f2ae4a3.jpeg,bird,train,SUSPICIOUS_LABEL,699.89,134.0,43.69,0.0356,three-toed sloth,0.2885,data/Mid224/train/bird/field_centropus_sinensis_1677_b95f2ae4a3.jpeg
train/bird/field_cepphus_columba_4415_0fa2dc694c.jpeg,bird,train,SUSPICIOUS_LABEL,1819.65,103.71,64.74,0.0175,dugong,0.8078,data/Mid224/train/bird/field_cepphus_columba_4415_0fa2dc694c.jpeg
train/bird/field_chaetura_vauxi_6557_111dcbcd28.jpeg,bird,train,SUSPICIOUS_LABEL,196.9,170.25,45.99,0.0007,punching bag,0.2417,data/Mid224/train/bird/field_chaetura_vauxi_6557_111dcbcd28.jpeg
train/bird/field_charadriidae_4783_0f11691fa7.jpeg,bird,train,SUSPICIOUS_LABEL,1725.16,151.41,45.28,0.0106,airship,0.2096,data/Mid224/train/bird/field_charadriidae_4783_0f11691fa7.jpeg
train/bird/field_charadrius_vociferus_4793_4cd3b08515.jpeg,bird,train,LOW_CONTRAST,186.81,124.66,14.77,0.9669,dowitcher,0.5127,data/Mid224/train/bird/field_charadrius_vociferus_4793_4cd3b08515.jpeg
train/bird/field_charadrius_vociferus_4793_f144cfce27.jpeg,bird,train,SUSPICIOUS_LABEL,596.16,117.72,34.15,0.0246,stone wall,0.3217,data/Mid224/train/bird/field_charadrius_vociferus_4793_f144cfce27.jpeg
train/bird/field_chenonetta_jubata_7176_500086dff4.jpeg,bird,train,SUSPICIOUS_LABEL,481.25,139.99,35.6,0.0282,Arabian camel,0.3661,data/Mid224/train/bird/field_chenonetta_jubata_7176_500086dff4.jpeg
train/bird/field_chordeiles_minor_19577_11670df6af.jpeg,bird,train,SUSPICIOUS_LABEL,2527.39,112.37,81.91,0.0434,indri,0.2612,data/Mid224/train/bird/field_chordeiles_minor_19577_11670df6af.jpeg
train/bird/field_chordeiles_minor_19577_91d961696e.jpeg,bird,train,SUSPICIOUS_LABEL,209.68,133.35,83.05,0.0036,airship,0.2046,data/Mid224/train/bird/field_chordeiles_minor_19577_91d961696e.jpeg
train/bird/field_circus_aeruginosus_5173_0ce7b6f01c.jpeg,bird,train,OVEREXPOSED,464.81,226.52,60.22,0.5295,black stork,0.2796,data/Mid224/train/bird/field_circus_aeruginosus_5173_0ce7b6f01c.jpeg
train/bird/field_colaptes_auratus_18236_1665234492.jpeg,bird,train,BLURRY,47.99,133.38,22.44,0.0153,switch,0.1217,data/Mid224/train/bird/field_colaptes_auratus_18236_1665234492.jpeg
train/bird/field_colaptes_auratus_18236_961e685c2b.jpeg,bird,train,SUSPICIOUS_LABEL,1150.12,111.67,28.41,0.0443,pole,0.2473,data/Mid224/train/bird/field_colaptes_auratus_18236_961e685c2b.jpeg
train/bird/field_colaptes_auratus_luteus_555736_7374b8a90d.jpeg,bird,train,SUSPICIOUS_LABEL,153.72,149.01,51.76,0.0056,castle,0.3408,data/Mid224/train/bird/field_colaptes_auratus_luteus_555736_7374b8a90d.jpeg
train/bird/field_coloeus_monedula_336399_b2bd3b5e0b.jpeg,bird,train,SUSPICIOUS_LABEL,1297.28,86.5,75.47,0.0322,indri,0.5348,data/Mid224/train/bird/field_coloeus_monedula_336399_b2bd3b5e0b.jpeg
train/bird/field_columba_livia_domestica_122767_2a16b8f52c.jpeg,bird,train,SUSPICIOUS_LABEL,1070.3,140.56,58.36,0.0392,comic book,0.2704,data/Mid224/train/bird/field_columba_livia_domestica_122767_2a16b8f52c.jpeg
train/bird/field_columba_livia_domestica_122767_4f608fc135.jpeg,bird,train,LOW_CONTRAST,197.54,162.92,17.78,0.0155,Petri dish,0.0371,data/Mid224/train/bird/field_columba_livia_domestica_122767_4f608fc135.jpeg
train/bird/field_columba_livia_domestica_122767_66c2cd54d5.jpeg,bird,train,LOW_CONTRAST,108.11,145.12,17.07,0.2219,screw,0.186,data/Mid224/train/bird/field_columba_livia_domestica_122767_66c2cd54d5.jpeg
train/bird/field_columba_livia_domestica_122767_9ee57b39c9.jpeg,bird,train,LOW_CONTRAST,573.6,132.95,17.88,0.4082,kite,0.098,data/Mid224/train/bird/field_columba_livia_domestica_122767_9ee57b39c9.jpeg
train/bird/field_columba_livia_domestica_122767_de282d51d8.jpeg,bird,train,LOW_CONTRAST,168.26,146.5,15.48,0.0436,barn spider,0.1001,data/Mid224/train/bird/field_columba_livia_domestica_122767_de282d51d8.jpeg
train/bird/field_columbina_inca_3544_0910754b53.jpeg,bird,train,SUSPICIOUS_LABEL,1883.43,86.0,59.56,0.0008,picket fence,0.3925,data/Mid224/train/bird/field_columbina_inca_3544_0910754b53.jpeg
train/bird/field_copsychus_saularis_204491_aadb96ec56.jpeg,bird,train,SUSPICIOUS_LABEL,608.16,140.76,60.79,0.0001,stretcher,0.4095,data/Mid224/train/bird/field_copsychus_saularis_204491_aadb96ec56.jpeg
train/bird/field_coragyps_atratus_4765_6dbd1fb4ee.jpeg,bird,train,SUSPICIOUS_LABEL,130.55,110.98,34.19,0.0404,pole,0.2917,data/Mid224/train/bird/field_coragyps_atratus_4765_6dbd1fb4ee.jpeg
train/bird/field_coragyps_atratus_4765_d623dd0679.jpeg,bird,train,SUSPICIOUS_LABEL,564.63,138.47,56.99,0.0137,sandbar,0.2633,data/Mid224/train/bird/field_coragyps_atratus_4765_d623dd0679.jpeg
train/bird/field_corcorax_melanorhamphos_8658_545b1fe952.jpeg,bird,train,SUSPICIOUS_LABEL,3341.07,114.79,51.23,0.0083,mink,0.2683,data/Mid224/train/bird/field_corcorax_melanorhamphos_8658_545b1fe952.jpeg
train/bird/field_corvidae_7823_bf854f57f1.jpeg,bird,train,SUSPICIOUS_LABEL,460.68,182.24,63.25,0.0139,komondor,0.628,data/Mid224/train/bird/field_corvidae_7823_bf854f57f1.jpeg
train/bird/field_corvus_brachyrhynchos_8021_0505e4a5e7.jpeg,bird,train,SUSPICIOUS_LABEL,571.28,153.4,58.77,0.0022,tank,0.2981,data/Mid224/train/bird/field_corvus_brachyrhynchos_8021_0505e4a5e7.jpeg
train/bird/field_corvus_brachyrhynchos_8021_0563a67c82.jpeg,bird,train,SUSPICIOUS_LABEL,2511.45,123.36,46.81,0.0016,prison,0.3967,data/Mid224/train/bird/field_corvus_brachyrhynchos_8021_0563a67c82.jpeg
train/bird/field_corvus_brachyrhynchos_8021_2d3585cb95.jpeg,bird,train,SUSPICIOUS_LABEL,1652.99,123.92,44.32,0.0072,prison,0.3635,data/Mid224/train/bird/field_corvus_brachyrhynchos_8021_2d3585cb95.jpeg
train/bird/field_corvus_brachyrhynchos_8021_2e01fa0ed0.jpeg,bird,train,SUSPICIOUS_LABEL,121.55,130.42,24.07,0.0199,barn spider,0.2205,data/Mid224/train/bird/field_corvus_brachyrhynchos_8021_2e01fa0ed0.jpeg
train/bird/field_corvus_brachyrhynchos_8021_30b0b70199.jpeg,bird,train,SUSPICIOUS_LABEL,126.04,126.52,30.57,0.0164,nematode,0.2298,data/Mid224/train/bird/field_corvus_brachyrhynchos_8021_30b0b70199.jpeg
train/bird/field_corvus_brachyrhynchos_8021_33bd206344.jpeg,bird,train,SUSPICIOUS_LABEL,1117.18,103.31,39.53,0.0011,bannister,0.2726,data/Mid224/train/bird/field_corvus_brachyrhynchos_8021_33bd206344.jpeg
train/bird/field_corvus_brachyrhynchos_8021_38a0fe658d.jpeg,bird,train,SUSPICIOUS_LABEL,1836.06,124.88,63.47,0.0021,shoji,0.3614,data/Mid224/train/bird/field_corvus_brachyrhynchos_8021_38a0fe658d.jpeg
train/bird/field_corvus_brachyrhynchos_8021_5f6376de39.jpeg,bird,train,SUSPICIOUS_LABEL,1784.07,116.73,42.87,0.0012,chainlink fence,0.3477,data/Mid224/train/bird/field_corvus_brachyrhynchos_8021_5f6376de39.jpeg
train/bird/field_corvus_brachyrhynchos_8021_6e8f2b3ca7.jpeg,bird,train,SUSPICIOUS_LABEL,322.38,129.26,24.61,0.0051,pole,0.3354,data/Mid224/train/bird/field_corvus_brachyrhynchos_8021_6e8f2b3ca7.jpeg
train/bird/field_corvus_brachyrhynchos_8021_9a6fb36bb2.jpeg,bird,train,SUSPICIOUS_LABEL,1825.34,125.33,43.45,0.0029,prison,0.3603,data/Mid224/train/bird/field_corvus_brachyrhynchos_8021_9a6fb36bb2.jpeg
train/bird/field_corvus_brachyrhynchos_8021_b21b1b36ec.jpeg,bird,train,SUSPICIOUS_LABEL,1814.81,120.96,62.65,0.0152,fire screen,0.3088,data/Mid224/train/bird/field_corvus_brachyrhynchos_8021_b21b1b36ec.jpeg
train/bird/field_corvus_brachyrhynchos_8021_cc23cf43f4.jpeg,bird,train,SUSPICIOUS_LABEL,1909.0,117.1,43.35,0.0005,prison,0.2976,data/Mid224/train/bird/field_corvus_brachyrhynchos_8021_cc23cf43f4.jpeg
train/bird/field_corvus_brachyrhynchos_8021_d01c0f1cd9.jpeg,bird,train,SUSPICIOUS_LABEL,1287.17,144.13,29.11,0.005,nematode,0.421,data/Mid224/train/bird/field_corvus_brachyrhynchos_8021_d01c0f1cd9.jpeg
train/bird/field_crinifer_concolor_1506034_c10f9588a1.jpeg,bird,train,SUSPICIOUS_LABEL,962.65,149.56,44.57,0.0132,colobus,0.2675,data/Mid224/train/bird/field_crinifer_concolor_1506034_c10f9588a1.jpeg
train/bird/field_cyanocitta_cristata_8229_44ab500cde.jpeg,bird,train,LOW_CONTRAST,227.57,142.57,14.67,0.1438,nematode,0.0652,data/Mid224/train/bird/field_cyanocitta_cristata_8229_44ab500cde.jpeg
train/bird/field_cyanocitta_cristata_8229_9e5e014150.jpeg,bird,train,SUSPICIOUS_LABEL,631.61,110.62,70.17,0.0422,assault rifle,0.3608,data/Mid224/train/bird/field_cyanocitta_cristata_8229_9e5e014150.jpeg
train/bird/field_cyanocitta_cristata_8229_acdb761414.jpeg,bird,train,LOW_CONTRAST,227.62,142.08,14.31,0.0774,nematode,0.1213,data/Mid224/train/bird/field_cyanocitta_cristata_8229_acdb761414.jpeg
train/bird/field_cyanocitta_cristata_8229_ecc8fae77d.jpeg,bird,train,SUSPICIOUS_LABEL,229.23,122.01,42.18,0.0043,airship,0.3162,data/Mid224/train/bird/field_cyanocitta_cristata_8229_ecc8fae77d.jpeg
train/bird/field_cygnus_buccinator_6915_bdf989b65f.jpeg,bird,train,SUSPICIOUS_LABEL,440.31,157.22,57.31,0.0049,airship,0.4398,data/Mid224/train/bird/field_cygnus_buccinator_6915_bdf989b65f.jpeg
train/bird/field_dendrocygna_autumnalis_6893_2f372d4a79.jpeg,bird,train,SUSPICIOUS_LABEL,428.02,105.98,45.76,0.0192,platypus,0.3548,data/Mid224/train/bird/field_dendrocygna_autumnalis_6893_2f372d4a79.jpeg
train/bird/field_dryobates_nuttallii_792987_f15709c00f.jpeg,bird,train,SUSPICIOUS_LABEL,1651.35,136.73,45.82,0.0304,lacewing,0.2195,data/Mid224/train/bird/field_dryobates_nuttallii_792987_f15709c00f.jpeg
train/bird/field_dryobates_pubescens_792988_0652fb8b06.jpeg,bird,train,SUSPICIOUS_LABEL,1311.97,128.34,70.38,0.0013,colobus,0.6087,data/Mid224/train/bird/field_dryobates_pubescens_792988_0652fb8b06.jpeg
train/bird/field_dryobates_pubescens_792988_12642b2be5.jpeg,bird,train,SUSPICIOUS_LABEL,376.02,98.05,51.18,0.0077,Great Dane,0.2302,data/Mid224/train/bird/field_dryobates_pubescens_792988_12642b2be5.jpeg
train/bird/field_dryobates_pubescens_792988_2c9e07f520.jpeg,bird,train,SUSPICIOUS_LABEL,1070.66,137.8,69.09,0.0026,colobus,0.9323,data/Mid224/train/bird/field_dryobates_pubescens_792988_2c9e07f520.jpeg
train/bird/field_dryobates_pubescens_792988_7644673675.jpeg,bird,train,SUSPICIOUS_LABEL,1592.75,78.3,43.42,0.006,steel arch bridge,0.2971,data/Mid224/train/bird/field_dryobates_pubescens_792988_7644673675.jpeg
train/bird/field_dryobates_pubescens_792988_ca86bf0cd7.jpeg,bird,train,SUSPICIOUS_LABEL,1933.71,111.2,55.06,0.0113,indri,0.2408,data/Mid224/train/bird/field_dryobates_pubescens_792988_ca86bf0cd7.jpeg
train/bird/field_dumetella_carolinensis_14995_59ca09599f.jpeg,bird,train,SUSPICIOUS_LABEL,3415.28,88.25,59.2,0.0038,triceratops,0.3311,data/Mid224/train/bird/field_dumetella_carolinensis_14995_59ca09599f.jpeg
train/bird/field_egretta_thula_4940_79edb46089.jpeg,bird,train,SUSPICIOUS_LABEL,795.07,117.15,40.03,0.0461,plastic bag,0.5107,data/Mid224/train/bird/field_egretta_thula_4940_79edb46089.jpeg
train/bird/field_egretta_tricolor_4938_8c894f9b7b.jpeg,bird,train,LOW_CONTRAST,182.64,142.23,17.59,0.0117,nematode,0.1082,data/Mid224/train/bird/field_egretta_tricolor_4938_8c894f9b7b.jpeg
train/bird/field_empidonax_16597_19ce5832e6.jpeg,bird,train,SUSPICIOUS_LABEL,175.02,99.2,25.29,0.0067,barn spider,0.537,data/Mid224/train/bird/field_empidonax_16597_19ce5832e6.jpeg
train/bird/field_empidonax_16597_e645d5d496.jpeg,bird,train,SUSPICIOUS_LABEL,199.53,97.9,24.76,0.0185,barn spider,0.2028,data/Mid224/train/bird/field_empidonax_16597_e645d5d496.jpeg
train/bird/field_empidonax_minimus_16602_0c6aed84b9.jpeg,bird,train,SUSPICIOUS_LABEL,916.71,91.72,61.86,0.0433,indri,0.7018,data/Mid224/train/bird/field_empidonax_minimus_16602_0c6aed84b9.jpeg
train/bird/field_empidonax_traillii_16611_a7a564582e.jpeg,bird,train,SUSPICIOUS_LABEL,2223.01,141.74,62.14,0.005,pot,0.8347,data/Mid224/train/bird/field_empidonax_traillii_16611_a7a564582e.jpeg
train/bird/field_erythrotriorchis_radiatus_5396_4bef812b8e.jpeg,bird,train,BLURRY;LOW_CONTRAST,62.08,116.88,15.23,0.0204,promontory,0.0801,data/Mid224/train/bird/field_erythrotriorchis_radiatus_5396_4bef812b8e.jpeg
train/bird/field_eudocimus_albus_3751_9ff04e05dd.jpeg,bird,train,SUSPICIOUS_LABEL,455.22,116.29,74.8,0.0095,bulletproof vest,0.2988,data/Mid224/train/bird/field_eudocimus_albus_3751_9ff04e05dd.jpeg
train/bird/field_eurostopodus_argus_19554_6eed6d9b29.jpeg,bird,train,UNDEREXPOSED,198.36,21.98,31.86,0.0042,tank,0.1601,data/Mid224/train/bird/field_eurostopodus_argus_19554_6eed6d9b29.jpeg
train/bird/field_falco_columbarius_4672_738486088d.jpeg,bird,train,SUSPICIOUS_LABEL,755.39,87.77,49.76,0.0011,panpipe,0.2817,data/Mid224/train/bird/field_falco_columbarius_4672_738486088d.jpeg
train/bird/field_falco_columbarius_4672_c95993c022.jpeg,bird,train,SUSPICIOUS_LABEL,152.36,74.54,36.49,0.0118,hammerhead,0.226,data/Mid224/train/bird/field_falco_columbarius_4672_c95993c022.jpeg
train/bird/field_falco_peregrinus_4647_2445816c92.jpeg,bird,train,LOW_CONTRAST,94.12,100.69,16.26,0.2017,airliner,0.2254,data/Mid224/train/bird/field_falco_peregrinus_4647_2445816c92.jpeg
train/bird/field_falco_peregrinus_4647_54bbd94ced.jpeg,bird,train,SUSPICIOUS_LABEL,256.72,68.92,27.04,0.0016,space heater,0.2319,data/Mid224/train/bird/field_falco_peregrinus_4647_54bbd94ced.jpeg
train/bird/field_falco_peregrinus_4647_7da0a4d4ba.jpeg,bird,train,SUSPICIOUS_LABEL,1451.73,169.5,71.09,0.0001,guillotine,0.2044,data/Mid224/train/bird/field_falco_peregrinus_4647_7da0a4d4ba.jpeg
train/bird/field_falco_peregrinus_4647_8c4c00b188.jpeg,bird,train,SUSPICIOUS_LABEL,289.32,71.11,35.57,0.0006,prison,0.2448,data/Mid224/train/bird/field_falco_peregrinus_4647_8c4c00b188.jpeg
train/bird/field_falco_rupicolus_472764_e6cb14e2a9.jpeg,bird,train,SUSPICIOUS_LABEL,1171.91,127.48,41.92,0.0127,cliff,0.245,data/Mid224/train/bird/field_falco_rupicolus_472764_e6cb14e2a9.jpeg
train/bird/field_falco_rusticolus_4657_df0ddbf266.jpeg,bird,train,BLURRY,72.36,169.43,40.74,0.3505,black stork,0.2695,data/Mid224/train/bird/field_falco_rusticolus_4657_df0ddbf266.jpeg
train/bird/field_falco_sparverius_4665_32befba713.jpeg,bird,train,SUSPICIOUS_LABEL,557.11,146.33,38.38,0.0358,Indian cobra,0.5592,data/Mid224/train/bird/field_falco_sparverius_4665_32befba713.jpeg
train/bird/field_falco_sparverius_4665_b04b336e8b.jpeg,bird,train,SUSPICIOUS_LABEL,414.78,138.82,35.53,0.0412,Indian cobra,0.264,data/Mid224/train/bird/field_falco_sparverius_4665_b04b336e8b.jpeg
train/bird/field_falco_sparverius_4665_be5ee44972.jpeg,bird,train,SUSPICIOUS_LABEL,439.07,130.98,61.19,0.0196,ski,0.3898,data/Mid224/train/bird/field_falco_sparverius_4665_be5ee44972.jpeg
train/bird/field_falco_sparverius_4665_c31e0b1a47.jpeg,bird,train,SUSPICIOUS_LABEL,994.27,174.45,38.67,0.0091,rule,0.2324,data/Mid224/train/bird/field_falco_sparverius_4665_c31e0b1a47.jpeg
train/bird/field_falco_sparverius_4665_c48bf8b230.jpeg,bird,train,BLURRY;LOW_CONTRAST,66.25,108.32,12.35,0.9201,black stork,0.8455,data/Mid224/train/bird/field_falco_sparverius_4665_c48bf8b230.jpeg
train/bird/field_falco_sparverius_4665_d99ceab184.jpeg,bird,train,LOW_CONTRAST,130.67,206.6,15.45,0.6887,kite,0.3728,data/Mid224/train/bird/field_falco_sparverius_4665_d99ceab184.jpeg
train/bird/field_falco_sparverius_paulus_237006_bdbe630478.jpeg,bird,train,SUSPICIOUS_LABEL,420.57,161.62,36.81,0.0114,pole,0.2757,data/Mid224/train/bird/field_falco_sparverius_paulus_237006_bdbe630478.jpeg
train/bird/field_falco_tinnunculus_472766_0a7cb355ab.jpeg,bird,train,SUSPICIOUS_LABEL,725.47,102.06,36.19,0.0016,comic book,0.2754,data/Mid224/train/bird/field_falco_tinnunculus_472766_0a7cb355ab.jpeg
train/bird/field_falco_tinnunculus_472766_1f3eceb311.jpeg,bird,train,SUSPICIOUS_LABEL,382.52,106.43,34.46,0.0126,power drill,0.5945,data/Mid224/train/bird/field_falco_tinnunculus_472766_1f3eceb311.jpeg
train/bird/field_falco_tinnunculus_472766_9906ed36d4.jpeg,bird,train,SUSPICIOUS_LABEL,665.98,145.23,35.76,0.0041,comic book,0.2456,data/Mid224/train/bird/field_falco_tinnunculus_472766_9906ed36d4.jpeg
train/bird/field_falco_tinnunculus_472766_afff19c8aa.jpeg,bird,train,SUSPICIOUS_LABEL,345.86,108.46,33.34,0.0185,assault rifle,0.286,data/Mid224/train/bird/field_falco_tinnunculus_472766_afff19c8aa.jpeg
train/bird/field_falco_tinnunculus_472766_fefb7a1198.jpeg,bird,train,SUSPICIOUS_LABEL,499.43,100.25,37.49,0.0373,muzzle,0.4672,data/Mid224/train/bird/field_falco_tinnunculus_472766_fefb7a1198.jpeg
train/bird/field_fregata_magnificens_4631_11cdb1b853.jpeg,bird,train,SUSPICIOUS_LABEL,1326.91,162.85,40.21,0.0021,amphibian,0.2081,data/Mid224/train/bird/field_fregata_magnificens_4631_11cdb1b853.jpeg
train/bird/field_fregata_magnificens_4631_6b66cea338.jpeg,bird,train,SUSPICIOUS_LABEL,376.78,149.81,39.55,0.0007,tank,0.34,data/Mid224/train/bird/field_fregata_magnificens_4631_6b66cea338.jpeg
train/bird/field_fregata_magnificens_4631_d7d170e030.jpeg,bird,train,BLURRY;LOW_CONTRAST,2.2,128.05,1.78,0.0627,nematode,0.0482,data/Mid224/train/bird/field_fregata_magnificens_4631_d7d170e030.jpeg
train/bird/field_fregata_magnificens_4631_e9a38ce9cf.jpeg,bird,train,SUSPICIOUS_LABEL,1127.46,147.33,47.62,0.0223,thresher,0.2619,data/Mid224/train/bird/field_fregata_magnificens_4631_e9a38ce9cf.jpeg
train/bird/field_fregata_magnificens_4631_f544617cc1.jpeg,bird,train,SUSPICIOUS_LABEL,422.59,154.84,49.0,0.0004,thresher,0.5283,data/Mid224/train/bird/field_fregata_magnificens_4631_f544617cc1.jpeg
train/bird/field_fringilla_coelebs_10070_8bb390e644.jpeg,bird,train,SUSPICIOUS_LABEL;DUPLICATE_PHASH,601.18,203.88,58.53,0.0232,bolo tie,0.3487,data/Mid224/train/bird/field_fringilla_coelebs_10070_8bb390e644.jpeg
train/bird/field_fulica_americana_473_7371d6ce79.jpeg,bird,train,SUSPICIOUS_LABEL,1799.71,144.34,35.96,0.0042,fox squirrel,0.2431,data/Mid224/train/bird/field_fulica_americana_473_7371d6ce79.jpeg
train/bird/field_fulica_atra_482_e8ab7c021b.jpeg,bird,train,SUSPICIOUS_LABEL,316.18,132.65,26.53,0.0483,seashore,0.2238,data/Mid224/train/bird/field_fulica_atra_482_e8ab7c021b.jpeg
train/bird/field_gallinula_galeata_144479_2d07fbd07f.jpeg,bird,train,SUSPICIOUS_LABEL,511.89,127.89,46.81,0.0009,worm fence,0.4801,data/Mid224/train/bird/field_gallinula_galeata_144479_2d07fbd07f.jpeg
train/bird/field_gallinula_tenebrosa_357_7f2083367b.jpeg,bird,train,SUSPICIOUS_LABEL,4829.18,128.97,48.11,0.0063,submarine,0.4391,data/Mid224/train/bird/field_gallinula_tenebrosa_357_7f2083367b.jpeg
train/bird/field_gallinula_tenebrosa_357_8de76304bc.jpeg,bird,train,SUSPICIOUS_LABEL,352.39,121.43,50.52,0.043,amphibian,0.2912,data/Mid224/train/bird/field_gallinula_tenebrosa_357_8de76304bc.jpeg
train/bird/field_gallinula_tenebrosa_357_be520dcdc2.jpeg,bird,train,SUSPICIOUS_LABEL,1167.54,99.14,60.39,0.0355,hen-of-the-woods,0.3631,data/Mid224/train/bird/field_gallinula_tenebrosa_357_be520dcdc2.jpeg
train/bird/field_gallus_gallus_882_428dc9f809.jpeg,bird,train,SUSPICIOUS_LABEL,451.76,98.51,40.08,0.0261,worm fence,0.2714,data/Mid224/train/bird/field_gallus_gallus_882_428dc9f809.jpeg
train/bird/field_garrulus_glandarius_albipectus_711041_ec27436353.jpeg,bird,train,SUSPICIOUS_LABEL,989.09,125.39,68.41,0.0468,howler monkey,0.5723,data/Mid224/train/bird/field_garrulus_glandarius_albipectus_711041_ec27436353.jpeg
train/bird/field_gavia_immer_4626_3d46c76a6d.jpeg,bird,train,SUSPICIOUS_LABEL,346.68,215.09,39.91,0.008,nematode,0.5164,data/Mid224/train/bird/field_gavia_immer_4626_3d46c76a6d.jpeg
train/bird/field_gavia_pacifica_4621_144f0d69ef.jpeg,bird,train,BLURRY;LOW_CONTRAST,41.79,187.18,9.0,0.5701,black stork,0.2532,data/Mid224/train/bird/field_gavia_pacifica_4621_144f0d69ef.jpeg
train/bird/field_gavia_pacifica_4621_44be83f1e4.jpeg,bird,train,BLURRY;LOW_CONTRAST,31.14,186.83,7.38,0.1029,airship,0.0512,data/Mid224/train/bird/field_gavia_pacifica_4621_44be83f1e4.jpeg
train/bird/field_gavia_pacifica_4621_c33161b580.jpeg,bird,train,BLURRY;LOW_CONTRAST,60.89,186.77,9.32,0.4772,kite,0.2985,data/Mid224/train/bird/field_gavia_pacifica_4621_c33161b580.jpeg
train/bird/field_geopelia_striata_3607_81c9a2f69f.jpeg,bird,train,SUSPICIOUS_LABEL,1747.02,146.4,29.97,0.0173,nail,0.4234,data/Mid224/train/bird/field_geopelia_striata_3607_81c9a2f69f.jpeg
train/bird/field_grallina_cyanoleuca_8583_43b7a54256.jpeg,bird,train,SUSPICIOUS_LABEL,747.68,166.77,37.51,0.0003,ski,0.3394,data/Mid224/train/bird/field_grallina_cyanoleuca_8583_43b7a54256.jpeg
train/bird/field_grallina_cyanoleuca_8583_751f0746fe.jpeg,bird,train,SUSPICIOUS_LABEL,673.27,134.51,45.32,0.0198,German short-haired pointer,0.4137,data/Mid224/train/bird/field_grallina_cyanoleuca_8583_751f0746fe.jpeg
train/bird/field_gymnogyps_californianus_4778_2cf102416c.jpeg,bird,train,OVEREXPOSED;SUSPICIOUS_LABEL,327.06,221.59,61.58,0.0041,assault rifle,0.7744,data/Mid224/train/bird/field_gymnogyps_californianus_4778_2cf102416c.jpeg
train/bird/field_gymnogyps_californianus_4778_9cb95a78fe.jpeg,bird,train,BLURRY;LOW_CONTRAST,10.14,167.92,2.59,0.207,parachute,0.1154,data/Mid224/train/bird/field_gymnogyps_californianus_4778_9cb95a78fe.jpeg
train/bird/field_gymnogyps_californianus_4778_ab8192069d.jpeg,bird,train,SUSPICIOUS_LABEL,337.47,215.75,68.12,0.0471,assault rifle,0.2586,data/Mid224/train/bird/field_gymnogyps_californianus_4778_ab8192069d.jpeg
train/bird/field_gymnorhina_tibicen_8575_220c152632.jpeg,bird,train,SUSPICIOUS_LABEL,2313.03,107.27,48.59,0.0459,Saluki,0.2226,data/Mid224/train/bird/field_gymnorhina_tibicen_8575_220c152632.jpeg
train/bird/field_gymnorhina_tibicen_8575_3d8ec696a6.jpeg,bird,train,LOW_CONTRAST,133.08,148.46,16.74,0.105,screw,0.0444,data/Mid224/train/bird/field_gymnorhina_tibicen_8575_3d8ec696a6.jpeg
train/bird/field_gymnorhina_tibicen_8575_3f14c6f716.jpeg,bird,train,SUSPICIOUS_LABEL,969.66,124.17,34.32,0.0057,tank,0.2546,data/Mid224/train/bird/field_gymnorhina_tibicen_8575_3f14c6f716.jpeg
train/bird/field_gymnorhina_tibicen_8575_54761d3bbb.jpeg,bird,train,SUSPICIOUS_LABEL,195.77,120.13,42.4,0.0122,airliner,0.6279,data/Mid224/train/bird/field_gymnorhina_tibicen_8575_54761d3bbb.jpeg
train/bird/field_gymnorhina_tibicen_8575_5bfc262864.jpeg,bird,train,SUSPICIOUS_LABEL,1076.1,136.78,58.69,0.0268,whiptail,0.2524,data/Mid224/train/bird/field_gymnorhina_tibicen_8575_5bfc262864.jpeg
train/bird/field_gymnorhina_tibicen_8575_6cb9b94450.jpeg,bird,train,SUSPICIOUS_LABEL,1187.19,124.04,60.51,0.0276,bluetick,0.2855,data/Mid224/train/bird/field_gymnorhina_tibicen_8575_6cb9b94450.jpeg
train/bird/field_gymnorhina_tibicen_8575_ce00d3e3ec.jpeg,bird,train,SUSPICIOUS_LABEL,610.31,86.22,41.09,0.0057,Appenzeller,0.2069,data/Mid224/train/bird/field_gymnorhina_tibicen_8575_ce00d3e3ec.jpeg
train/bird/field_gymnorhina_tibicen_8575_d339074c61.jpeg,bird,train,SUSPICIOUS_LABEL,1723.38,110.0,53.59,0.0028,accordion,0.2039,data/Mid224/train/bird/field_gymnorhina_tibicen_8575_d339074c61.jpeg
train/bird/field_gymnorhina_tibicen_8575_d4bcb9e9b4.jpeg,bird,train,SUSPICIOUS_LABEL,2267.39,119.28,54.96,0.0153,jigsaw puzzle,0.2185,data/Mid224/train/bird/field_gymnorhina_tibicen_8575_d4bcb9e9b4.jpeg
train/bird/field_gyps_himalayensis_5367_9d7f08880f.jpeg,bird,train,SUSPICIOUS_LABEL,532.35,145.37,41.37,0.008,lifeboat,0.3348,data/Mid224/train/bird/field_gyps_himalayensis_5367_9d7f08880f.jpeg
train/bird/field_gyps_himalayensis_5367_f9baeaae80.jpeg,bird,train,SUSPICIOUS_LABEL,299.45,127.52,57.02,0.0017,tank,0.5218,data/Mid224/train/bird/field_gyps_himalayensis_5367_f9baeaae80.jpeg
train/bird/field_haemorhous_mexicanus_199840_3d8ef94cd5.jpeg,bird,train,SUSPICIOUS_LABEL,628.08,119.17,75.63,0.0165,indri,0.3369,data/Mid224/train/bird/field_haemorhous_mexicanus_199840_3d8ef94cd5.jpeg
train/bird/field_halcyon_albiventris_albiventris_625887_db8b3d6c4d.jpeg,bird,train,SUSPICIOUS_LABEL,507.72,114.04,78.44,0.0318,ibex,0.3738,data/Mid224/train/bird/field_halcyon_albiventris_albiventris_625887_db8b3d6c4d.jpeg
train/bird/field_haliaeetus_albicilla_5309_079e44c940.jpeg,bird,train,OVEREXPOSED,285.28,237.68,43.16,0.0746,corkscrew,0.0347,data/Mid224/train/bird/field_haliaeetus_albicilla_5309_079e44c940.jpeg
train/bird/field_haliaeetus_albicilla_5309_894edc4afc.jpeg,bird,train,OVEREXPOSED,409.44,225.25,38.58,0.0247,airliner,0.1542,data/Mid224/train/bird/field_haliaeetus_albicilla_5309_894edc4afc.jpeg
train/bird/field_haliaeetus_leucocephalus_5305_391e8b22c9.jpeg,bird,train,OVEREXPOSED,187.11,221.55,28.27,0.536,kite,0.241,data/Mid224/train/bird/field_haliaeetus_leucocephalus_5305_391e8b22c9.jpeg
train/bird/field_haliaeetus_leucocephalus_5305_9c3924f0a5.jpeg,bird,train,OVEREXPOSED,495.85,226.07,63.36,0.9538,black stork,0.6687,data/Mid224/train/bird/field_haliaeetus_leucocephalus_5305_9c3924f0a5.jpeg
train/bird/field_haliaeetus_leucocephalus_5305_ecd10d6e14.jpeg,bird,train,SUSPICIOUS_LABEL,3450.86,128.48,67.53,0.0052,pole,0.6035,data/Mid224/train/bird/field_haliaeetus_leucocephalus_5305_ecd10d6e14.jpeg
train/bird/field_harpia_harpyja_5321_69650aa9c9.jpeg,bird,train,SUSPICIOUS_LABEL,803.86,109.51,48.2,0.0045,langur,0.317,data/Mid224/train/bird/field_harpia_harpyja_5321_69650aa9c9.jpeg
train/bird/field_harpia_harpyja_5321_8ef20e0a49.jpeg,bird,train,SUSPICIOUS_LABEL,1650.95,102.89,61.61,0.0038,indri,0.9428,data/Mid224/train/bird/field_harpia_harpyja_5321_8ef20e0a49.jpeg
train/bird/field_hesperiphona_vespertina_1650411_c97472361d.jpeg,bird,train,SUSPICIOUS_LABEL,677.39,138.14,48.08,0.0128,banded gecko,0.5639,data/Mid224/train/bird/field_hesperiphona_vespertina_1650411_c97472361d.jpeg
train/bird/field_himantopus_himantopus_4835_c8f3c6fb16.jpeg,bird,train,OVEREXPOSED,461.65,228.44,46.14,0.9341,albatross,0.3639,data/Mid224/train/bird/field_himantopus_himantopus_4835_c8f3c6fb16.jpeg
train/bird/field_hydrobates_pelagicus_4170_70754a7910.jpeg,bird,train,SUSPICIOUS_LABEL,326.93,122.0,40.59,0.0233,hartebeest,0.232,data/Mid224/train/bird/field_hydrobates_pelagicus_4170_70754a7910.jpeg
train/bird/field_hydroprogne_caspia_144537_0db88dc61c.jpeg,bird,train,BLURRY,27.68,115.94,24.13,0.1508,airship,0.0403,data/Mid224/train/bird/field_hydroprogne_caspia_144537_0db88dc61c.jpeg
train/bird/field_icterus_spurius_9325_33a936220d.jpeg,bird,train,SUSPICIOUS_LABEL,328.7,62.63,22.38,0.0222,green mamba,0.5723,data/Mid224/train/bird/field_icterus_spurius_9325_33a936220d.jpeg
train/bird/field_ictinia_mississippiensis_5416_2046be8bc4.jpeg,bird,train,BLURRY;LOW_CONTRAST,44.75,166.7,12.84,0.6505,black stork,0.2845,data/Mid224/train/bird/field_ictinia_mississippiensis_5416_2046be8bc4.jpeg
train/bird/field_ictinia_mississippiensis_5416_427cb0a6cd.jpeg,bird,train,SUSPICIOUS_LABEL,589.9,161.37,69.86,0.0208,chain saw,0.7242,data/Mid224/train/bird/field_ictinia_mississippiensis_5416_427cb0a6cd.jpeg
train/bird/field_ictinia_mississippiensis_5416_56e03f2d0e.jpeg,bird,train,SUSPICIOUS_LABEL,629.3,155.45,77.39,0.0231,triceratops,0.3661,data/Mid224/train/bird/field_ictinia_mississippiensis_5416_56e03f2d0e.jpeg
train/bird/field_ictinia_mississippiensis_5416_6c5f7f346d.jpeg,bird,train,SUSPICIOUS_LABEL,788.47,137.16,84.75,0.0072,chain saw,0.3933,data/Mid224/train/bird/field_ictinia_mississippiensis_5416_6c5f7f346d.jpeg
train/bird/field_junco_hyemalis_10094_0c88b1dd9f.jpeg,bird,train,SUSPICIOUS_LABEL,803.75,127.77,69.19,0.0004,worm fence,0.2038,data/Mid224/train/bird/field_junco_hyemalis_10094_0c88b1dd9f.jpeg
train/bird/field_lanius_borealis_558512_6b6c362aaa.jpeg,bird,train,LOW_CONTRAST,108.44,177.72,14.69,0.607,kite,0.2222,data/Mid224/train/bird/field_lanius_borealis_558512_6b6c362aaa.jpeg
train/bird/field_larus_canus_kamtschatschensis_471769_23002e7244.jpeg,bird,train,SUSPICIOUS_LABEL,521.62,131.71,39.45,0.0114,projectile,0.3974,data/Mid224/train/bird/field_larus_canus_kamtschatschensis_471769_23002e7244.jpeg
train/bird/field_larus_delawarensis_4364_26a98fc2ef.jpeg,bird,train,LOW_CONTRAST,139.69,131.71,16.66,0.9973,albatross,0.8855,data/Mid224/train/bird/field_larus_delawarensis_4364_26a98fc2ef.jpeg
train/bird/field_larus_fuscus_4381_15f613cb30.jpeg,bird,train,SUSPICIOUS_LABEL,1043.51,183.27,32.5,0.0159,yawl,0.3962,data/Mid224/train/bird/field_larus_fuscus_4381_15f613cb30.jpeg
train/bird/field_larus_fuscus_graellsii_333291_91de62c2fd.jpeg,bird,train,LOW_CONTRAST,91.63,143.97,17.59,0.0043,analog clock,0.1537,data/Mid224/train/bird/field_larus_fuscus_graellsii_333291_91de62c2fd.jpeg
train/bird/field_larus_hyperboreus_4349_6b55156f1a.jpeg,bird,train,LOW_CONTRAST;SUSPICIOUS_LABEL,114.87,182.57,15.39,0.0121,nematode,0.4499,data/Mid224/train/bird/field_larus_hyperboreus_4349_6b55156f1a.jpeg
train/bird/field_larus_hyperboreus_4349_7b097edf97.jpeg,bird,train,SUSPICIOUS_LABEL,321.83,146.81,43.58,0.002,container ship,0.6091,data/Mid224/train/bird/field_larus_hyperboreus_4349_7b097edf97.jpeg
train/bird/field_larus_hyperboreus_4349_b51a327e18.jpeg,bird,train,BLURRY;LOW_CONTRAST;SUSPICIOUS_LABEL,52.87,170.2,12.58,0.0159,nematode,0.5272,data/Mid224/train/bird/field_larus_hyperboreus_4349_b51a327e18.jpeg
train/bird/field_larus_hyperboreus_4349_c546a349c9.jpeg,bird,train,SUSPICIOUS_LABEL,323.51,134.91,49.05,0.0013,aircraft carrier,0.366,data/Mid224/train/bird/field_larus_hyperboreus_4349_c546a349c9.jpeg
train/bird/field_larus_michahellis_59202_4d4c37c993.jpeg,bird,train,SUSPICIOUS_LABEL,663.6,138.14,39.26,0.0007,bell cote,0.36,data/Mid224/train/bird/field_larus_michahellis_59202_4d4c37c993.jpeg
train/bird/field_larus_michahellis_59202_9662428110.jpeg,bird,train,LOW_CONTRAST,386.75,89.27,15.73,0.2627,space shuttle,0.1661,data/Mid224/train/bird/field_larus_michahellis_59202_9662428110.jpeg
train/bird/field_larus_michahellis_59202_a3caa46a69.jpeg,bird,train,SUSPICIOUS_LABEL,2113.04,161.2,65.91,0.0182,indri,0.6874,data/Mid224/train/bird/field_larus_michahellis_59202_a3caa46a69.jpeg
train/bird/field_larus_michahellis_59202_d646025cda.jpeg,bird,train,SUSPICIOUS_LABEL,680.4,99.55,38.17,0.0001,monastery,0.4922,data/Mid224/train/bird/field_larus_michahellis_59202_d646025cda.jpeg
train/bird/field_larus_occidentalis_4345_62467a8f4c.jpeg,bird,train,LOW_CONTRAST;SUSPICIOUS_LABEL,138.58,127.94,14.37,0.0,corkscrew,0.5876,data/Mid224/train/bird/field_larus_occidentalis_4345_62467a8f4c.jpeg
train/bird/field_larus_occidentalis_4345_8365044a72.jpeg,bird,train,SUSPICIOUS_LABEL,979.34,151.55,30.18,0.0003,bow,0.2243,data/Mid224/train/bird/field_larus_occidentalis_4345_8365044a72.jpeg
train/bird/field_larus_occidentalis_4345_ad5cf0160b.jpeg,bird,train,SUSPICIOUS_LABEL,1549.63,124.93,54.37,0.0003,lifeboat,0.2119,data/Mid224/train/bird/field_larus_occidentalis_4345_ad5cf0160b.jpeg
train/bird/field_larus_occidentalis_4345_ca6e4b675b.jpeg,bird,train,LOW_CONTRAST;SUSPICIOUS_LABEL,178.77,127.13,17.99,0.0056,corkscrew,0.2038,data/Mid224/train/bird/field_larus_occidentalis_4345_ca6e4b675b.jpeg
train/bird/field_larus_pacificus_4390_3debd21789.jpeg,bird,train,LOW_CONTRAST,103.03,159.91,16.54,0.0894,seashore,0.1186,data/Mid224/train/bird/field_larus_pacificus_4390_3debd21789.jpeg
train/bird/field_larus_schistisagus_4366_11f4fca191.jpeg,bird,train,SUSPICIOUS_LABEL,238.72,194.35,29.43,0.0248,airship,0.2,data/Mid224/train/bird/field_larus_schistisagus_4366_11f4fca191.jpeg
train/bird/field_larus_smithsonianus_1578489_33a82e6668.jpeg,bird,train,LOW_CONTRAST;SUSPICIOUS_LABEL,132.15,138.18,16.34,0.0144,aircraft carrier,0.3131,data/Mid224/train/bird/field_larus_smithsonianus_1578489_33a82e6668.jpeg
train/bird/field_larus_smithsonianus_1578489_49627b8cbf.jpeg,bird,train,SUSPICIOUS_LABEL,118.65,136.34,23.54,0.0025,assault rifle,0.5332,data/Mid224/train/bird/field_larus_smithsonianus_1578489_49627b8cbf.jpeg
train/bird/field_larus_smithsonianus_1578489_8ebc413538.jpeg,bird,train,BLURRY,26.46,179.63,20.26,0.4101,kite,0.1911,data/Mid224/train/bird/field_larus_smithsonianus_1578489_8ebc413538.jpeg
train/bird/field_larus_smithsonianus_1578489_9c4241bf15.jpeg,bird,train,SUSPICIOUS_LABEL,405.84,107.51,67.1,0.0066,lakeside,0.2215,data/Mid224/train/bird/field_larus_smithsonianus_1578489_9c4241bf15.jpeg
train/bird/field_larus_smithsonianus_1578489_c6ea22dc35.jpeg,bird,train,BLURRY,26.37,176.9,19.86,0.5065,kite,0.2399,data/Mid224/train/bird/field_larus_smithsonianus_1578489_c6ea22dc35.jpeg
train/bird/field_larus_smithsonianus_1578489_ef5fa2d03b.jpeg,bird,train,OVEREXPOSED,428.72,235.02,41.98,0.3972,albatross,0.3189,data/Mid224/train/bird/field_larus_smithsonianus_1578489_ef5fa2d03b.jpeg
train/bird/field_larus_smithsonianus___glaucescens_1587553_39d80be5d8.jpeg,bird,train,SUSPICIOUS_LABEL,170.7,143.0,23.35,0.0193,killer whale,0.5451,data/Mid224/train/bird/field_larus_smithsonianus___glaucescens_1587553_39d80be5d8.jpeg
train/bird/field_leiothlypis_celata_979757_497fc23dac.jpeg,bird,train,SUSPICIOUS_LABEL,1841.77,99.94,56.53,0.0245,proboscis monkey,0.655,data/Mid224/train/bird/field_leiothlypis_celata_979757_497fc23dac.jpeg
train/bird/field_leuconotopicus_albolarvatus_1651488_a91b445e07.jpeg,bird,train,SUSPICIOUS_LABEL,820.19,142.37,59.35,0.001,sloth bear,0.6148,data/Mid224/train/bird/field_leuconotopicus_albolarvatus_1651488_a91b445e07.jpeg
train/bird/field_leuconotopicus_albolarvatus_1651488_bc1ac6cc2d.jpeg,bird,train,SUSPICIOUS_LABEL,948.8,147.67,57.98,0.0214,colobus,0.2638,data/Mid224/train/bird/field_leuconotopicus_albolarvatus_1651488_bc1ac6cc2d.jpeg
train/bird/field_leuconotopicus_villosus_1651487_61e762497b.jpeg,bird,train,SUSPICIOUS_LABEL,570.16,68.88,41.95,0.0104,indri,0.556,data/Mid224/train/bird/field_leuconotopicus_villosus_1651487_61e762497b.jpeg
train/bird/field_leuconotopicus_villosus_1651487_74a5ee3bdd.jpeg,bird,train,SUSPICIOUS_LABEL,698.14,76.04,37.16,0.006,colobus,0.6875,data/Mid224/train/bird/field_leuconotopicus_villosus_1651487_74a5ee3bdd.jpeg
train/bird/field_leucophaeus_atricilla_144514_144059b975.jpeg,bird,train,SUSPICIOUS_LABEL,164.79,138.2,50.39,0.0022,espresso maker,0.3688,data/Mid224/train/bird/field_leucophaeus_atricilla_144514_144059b975.jpeg
train/bird/field_leucophaeus_atricilla_144514_3e98e1ac6d.jpeg,bird,train,SUSPICIOUS_LABEL,305.97,117.98,34.74,0.007,airliner,0.2612,data/Mid224/train/bird/field_leucophaeus_atricilla_144514_3e98e1ac6d.jpeg
train/bird/field_leucophaeus_atricilla_144514_5a384e08aa.jpeg,bird,train,SUSPICIOUS_LABEL,1012.62,118.16,40.12,0.0077,airship,0.2145,data/Mid224/train/bird/field_leucophaeus_atricilla_144514_5a384e08aa.jpeg
train/bird/field_leucophaeus_atricilla_144514_f69cb74fd8.jpeg,bird,train,LOW_CONTRAST;SUSPICIOUS_LABEL,180.98,145.94,16.16,0.009,flagpole,0.3835,data/Mid224/train/bird/field_leucophaeus_atricilla_144514_f69cb74fd8.jpeg
train/bird/field_lophodytes_cucullatus_7109_9da9b188ba.jpeg,bird,train,LOW_CONTRAST,162.88,126.59,12.24,0.7599,kite,0.2511,data/Mid224/train/bird/field_lophodytes_cucullatus_7109_9da9b188ba.jpeg
train/bird/field_lophoictinia_isura_5286_624631b16e.jpeg,bird,train,SUSPICIOUS_LABEL,341.37,127.97,31.43,0.0052,letter opener,0.2062,data/Mid224/train/bird/field_lophoictinia_isura_5286_624631b16e.jpeg
train/bird/field_lophospiza_trivirgata_1582801_970bff7a5e.jpeg,bird,train,SUSPICIOUS_LABEL,661.37,108.95,27.63,0.0107,table lamp,0.2939,data/Mid224/train/bird/field_lophospiza_trivirgata_1582801_970bff7a5e.jpeg
train/bird/field_loxia_leucoptera_10423_886fc342e0.jpeg,bird,train,SUSPICIOUS_LABEL,758.14,148.58,49.28,0.0142,indri,0.3036,data/Mid224/train/bird/field_loxia_leucoptera_10423_886fc342e0.jpeg
train/bird/field_machlolophus_aplonotus_513970_fab3f25682.jpeg,bird,train,SUSPICIOUS_LABEL,203.97,127.71,27.55,0.008,letter opener,0.2537,data/Mid224/train/bird/field_machlolophus_aplonotus_513970_fab3f25682.jpeg
train/bird/field_macronectes_giganteus_4198_c350e1b47e.jpeg,bird,train,SUSPICIOUS_LABEL,477.19,130.35,58.73,0.0103,seashore,0.2235,data/Mid224/train/bird/field_macronectes_giganteus_4198_c350e1b47e.jpeg
train/bird/field_macropygia_phasianella_144551_bdeabca111.jpeg,bird,train,SUSPICIOUS_LABEL,2495.7,117.02,70.09,0.008,comic book,0.6097,data/Mid224/train/bird/field_macropygia_phasianella_144551_bdeabca111.jpeg
train/bird/field_malacorhynchus_membranaceus_7174_452f7f204a.jpeg,bird,train,SUSPICIOUS_LABEL,794.06,133.48,38.45,0.0011,tank,0.2751,data/Mid224/train/bird/field_malacorhynchus_membranaceus_7174_452f7f204a.jpeg
train/bird/field_malacorhynchus_membranaceus_7174_cd75fb371d.jpeg,bird,train,SUSPICIOUS_LABEL,528.68,128.63,35.34,0.046,airship,0.3908,data/Mid224/train/bird/field_malacorhynchus_membranaceus_7174_cd75fb371d.jpeg
train/bird/field_malurus_melanocephalus_12104_4f90db84a9.jpeg,bird,train,SUSPICIOUS_LABEL,1430.77,117.65,40.12,0.0057,weasel,0.4988,data/Mid224/train/bird/field_malurus_melanocephalus_12104_4f90db84a9.jpeg
train/bird/field_manorina_melanocephala_12231_2d48255c4d.jpeg,bird,train,SUSPICIOUS_LABEL,154.69,160.5,30.32,0.0335,ski,0.3847,data/Mid224/train/bird/field_manorina_melanocephala_12231_2d48255c4d.jpeg
train/bird/field_manorina_melanocephala_12231_3e85acb312.jpeg,bird,train,SUSPICIOUS_LABEL,1855.17,87.55,52.54,0.0063,steel arch bridge,0.2195,data/Mid224/train/bird/field_manorina_melanocephala_12231_3e85acb312.jpeg
train/bird/field_manorina_melanocephala_12231_89dc4ffb1f.jpeg,bird,train,SUSPICIOUS_LABEL,341.02,154.46,40.44,0.0041,parallel bars,0.4274,data/Mid224/train/bird/field_manorina_melanocephala_12231_89dc4ffb1f.jpeg
train/bird/field_mareca_americana_485176_ee815c8d9b.jpeg,bird,train,SUSPICIOUS_LABEL,753.42,135.89,60.69,0.0403,indri,0.4304,data/Mid224/train/bird/field_mareca_americana_485176_ee815c8d9b.jpeg
train/bird/field_megaceryle_alcyon_2548_44bbfffe57.jpeg,bird,train,SUSPICIOUS_LABEL,1435.62,139.04,39.69,0.0408,promontory,0.3414,data/Mid224/train/bird/field_megaceryle_alcyon_2548_44bbfffe57.jpeg
train/bird/field_megaceryle_alcyon_2548_f2dc2410ef.jpeg,bird,train,SUSPICIOUS_LABEL,439.09,178.23,38.53,0.0162,seashore,0.232,data/Mid224/train/bird/field_megaceryle_alcyon_2548_f2dc2410ef.jpeg
train/bird/field_megascops_asio_19765_01bcf3b550.jpeg,bird,train,SUSPICIOUS_LABEL,2191.64,122.93,51.84,0.0344,fox squirrel,0.6385,data/Mid224/train/bird/field_megascops_asio_19765_01bcf3b550.jpeg
train/bird/field_megascops_choliba_19788_7e28c224a2.jpeg,bird,train,SUSPICIOUS_LABEL,682.83,138.07,42.54,0.0018,Bedlington terrier,0.2181,data/Mid224/train/bird/field_megascops_choliba_19788_7e28c224a2.jpeg
train/bird/field_melanerpes_formicivorus_18209_0781175b1c.jpeg,bird,train,SUSPICIOUS_LABEL,561.16,125.84,55.47,0.0242,colobus,0.3963,data/Mid224/train/bird/field_melanerpes_formicivorus_18209_0781175b1c.jpeg
train/bird/field_melanerpes_formicivorus_18209_19a4a636f6.jpeg,bird,train,SUSPICIOUS_LABEL,575.81,110.68,45.25,0.0033,oxygen mask,0.5001,data/Mid224/train/bird/field_melanerpes_formicivorus_18209_19a4a636f6.jpeg
train/bird/field_melanerpes_formicivorus_18209_4b75440322.jpeg,bird,train,SUSPICIOUS_LABEL,646.06,94.18,50.38,0.0146,motor scooter,0.4363,data/Mid224/train/bird/field_melanerpes_formicivorus_18209_4b75440322.jpeg
train/bird/field_melanerpes_formicivorus_18209_6598e6d7f2.jpeg,bird,train,SUSPICIOUS_LABEL,894.33,122.29,55.58,0.0265,magnetic compass,0.2706,data/Mid224/train/bird/field_melanerpes_formicivorus_18209_6598e6d7f2.jpeg
train/bird/field_melanerpes_formicivorus_18209_7ae358d3f4.jpeg,bird,train,SUSPICIOUS_LABEL,1427.63,138.48,58.85,0.0097,Sealyham terrier,0.4452,data/Mid224/train/bird/field_melanerpes_formicivorus_18209_7ae358d3f4.jpeg
train/bird/field_melanerpes_formicivorus_18209_7d089c9d25.jpeg,bird,train,SUSPICIOUS_LABEL,938.47,98.68,59.39,0.0067,gyromitra,0.4146,data/Mid224/train/bird/field_melanerpes_formicivorus_18209_7d089c9d25.jpeg
train/bird/field_melanerpes_formicivorus_18209_987bfe2579.jpeg,bird,train,SUSPICIOUS_LABEL,2133.96,115.57,69.67,0.0074,groenendael,0.2417,data/Mid224/train/bird/field_melanerpes_formicivorus_18209_987bfe2579.jpeg
train/bird/field_melanerpes_formicivorus_18209_be22347aff.jpeg,bird,train,SUSPICIOUS_LABEL,602.12,113.72,91.05,0.0031,hen-of-the-woods,0.4495,data/Mid224/train/bird/field_melanerpes_formicivorus_18209_be22347aff.jpeg
train/bird/field_melanerpes_formicivorus_18209_df24bcfcac.jpeg,bird,train,SUSPICIOUS_LABEL,1080.14,116.84,51.32,0.0016,Great Dane,0.2263,data/Mid224/train/bird/field_melanerpes_formicivorus_18209_df24bcfcac.jpeg
train/bird/field_melanerpes_formicivorus_18209_e4cab5994a.jpeg,bird,train,SUSPICIOUS_LABEL,1236.46,118.57,58.62,0.002,gyromitra,0.8644,data/Mid224/train/bird/field_melanerpes_formicivorus_18209_e4cab5994a.jpeg
train/bird/field_melanerpes_lewis_18160_fad11514fb.jpeg,bird,train,OVEREXPOSED,439.9,235.7,42.26,0.0881,assault rifle,0.0825,data/Mid224/train/bird/field_melanerpes_lewis_18160_fad11514fb.jpeg
train/bird/field_melanitta_deglandi_144222_72904def9a.jpeg,bird,train,SUSPICIOUS_LABEL,313.33,120.41,27.89,0.0308,otter,0.3061,data/Mid224/train/bird/field_melanitta_deglandi_144222_72904def9a.jpeg
train/bird/field_melanitta_deglandi_144222_f10cc5c140.jpeg,bird,train,SUSPICIOUS_LABEL,242.2,114.91,35.56,0.0015,speedboat,0.327,data/Mid224/train/bird/field_melanitta_deglandi_144222_f10cc5c140.jpeg
train/bird/field_melanitta_fusca_850858_0189a8d607.jpeg,bird,train,LOW_CONTRAST,179.37,204.07,17.03,0.5549,black stork,0.218,data/Mid224/train/bird/field_melanitta_fusca_850858_0189a8d607.jpeg
train/bird/field_mellisuga_helenae_6425_98ee64e410.jpeg,bird,train,SUSPICIOUS_LABEL,314.85,84.19,51.68,0.0111,horizontal bar,0.3546,data/Mid224/train/bird/field_mellisuga_helenae_6425_98ee64e410.jpeg
train/bird/field_melospiza_lincolnii_9092_2aed275c59.jpeg,bird,train,BLURRY,55.39,106.8,37.44,0.026,airship,0.0699,data/Mid224/train/bird/field_melospiza_lincolnii_9092_2aed275c59.jpeg
train/bird/field_melozone_crissalis_73044_4e43c77aaa.jpeg,bird,train,SUSPICIOUS_LABEL,4584.0,163.41,61.71,0.0244,hen-of-the-woods,0.6714,data/Mid224/train/bird/field_melozone_crissalis_73044_4e43c77aaa.jpeg
train/bird/field_melozone_crissalis_73044_bc27b49b4d.jpeg,bird,train,SUSPICIOUS_LABEL,1606.42,109.88,59.71,0.0066,snowmobile,0.2072,data/Mid224/train/bird/field_melozone_crissalis_73044_bc27b49b4d.jpeg
train/bird/field_mergus_merganser_7004_fc73398f6f.jpeg,bird,train,OVEREXPOSED;LOW_CONTRAST,201.2,225.77,17.49,0.1182,warplane,0.0488,data/Mid224/train/bird/field_mergus_merganser_7004_fc73398f6f.jpeg
train/bird/field_mergus_merganser_americanus_512410_b798b76c46.jpeg,bird,train,SUSPICIOUS_LABEL,2216.01,142.69,74.19,0.0149,submarine,0.6451,data/Mid224/train/bird/field_mergus_merganser_americanus_512410_b798b76c46.jpeg
train/bird/field_mergus_serrator_6996_fd0d5d8864.jpeg,bird,train,SUSPICIOUS_LABEL,1368.35,114.7,53.44,0.0013,steel arch bridge,0.4233,data/Mid224/train/bird/field_mergus_serrator_6996_fd0d5d8864.jpeg
train/bird/field_milvus_migrans_5268_32c5637578.jpeg,bird,train,OVEREXPOSED,320.41,240.13,38.85,0.0243,projectile,0.1318,data/Mid224/train/bird/field_milvus_migrans_5268_32c5637578.jpeg
train/bird/field_milvus_migrans_5268_4bf72ec886.jpeg,bird,train,BLURRY;LOW_CONTRAST,67.25,157.54,15.77,0.6206,kite,0.4465,data/Mid224/train/bird/field_milvus_migrans_5268_4bf72ec886.jpeg
train/bird/field_milvus_migrans_5268_e62aa0d992.jpeg,bird,train,LOW_CONTRAST,98.71,186.76,12.02,0.4313,kite,0.1998,data/Mid224/train/bird/field_milvus_migrans_5268_e62aa0d992.jpeg
train/bird/field_milvus_milvus_5267_40be5f2b1f.jpeg,bird,train,BLURRY;LOW_CONTRAST,69.14,175.52,14.24,0.5426,black stork,0.3195,data/Mid224/train/bird/field_milvus_milvus_5267_40be5f2b1f.jpeg
train/bird/field_mimus_gilvus_14884_47f19481fc.jpeg,bird,train,SUSPICIOUS_LABEL,205.46,139.59,26.32,0.0053,assault rifle,0.3727,data/Mid224/train/bird/field_mimus_gilvus_14884_47f19481fc.jpeg
train/bird/field_mimus_gilvus_14884_5a2b72849f.jpeg,bird,train,SUSPICIOUS_LABEL,378.6,130.07,25.46,0.0085,nematode,0.3585,data/Mid224/train/bird/field_mimus_gilvus_14884_5a2b72849f.jpeg
train/bird/field_mimus_gilvus_14884_9e8c9b3e25.jpeg,bird,train,SUSPICIOUS_LABEL,206.8,158.72,28.14,0.0085,tripod,0.5183,data/Mid224/train/bird/field_mimus_gilvus_14884_9e8c9b3e25.jpeg
train/bird/field_mimus_gilvus_14884_b09f43e50a.jpeg,bird,train,SUSPICIOUS_LABEL,290.61,151.58,38.24,0.0031,tripod,0.3332,data/Mid224/train/bird/field_mimus_gilvus_14884_b09f43e50a.jpeg
train/bird/field_mimus_gilvus_14884_e878d6f8f0.jpeg,bird,train,SUSPICIOUS_LABEL,227.43,137.04,31.7,0.0033,ski,0.6753,data/Mid224/train/bird/field_mimus_gilvus_14884_e878d6f8f0.jpeg
train/bird/field_mimus_polyglottos_14886_02d2e96e74.jpeg,bird,train,SUSPICIOUS_LABEL,814.85,116.23,63.04,0.0005,scoreboard,0.2329,data/Mid224/train/bird/field_mimus_polyglottos_14886_02d2e96e74.jpeg
train/bird/field_mimus_polyglottos_14886_17314e6d51.jpeg,bird,train,SUSPICIOUS_LABEL,1818.89,124.4,59.64,0.004,mousetrap,0.2385,data/Mid224/train/bird/field_mimus_polyglottos_14886_17314e6d51.jpeg
train/bird/field_mimus_polyglottos_14886_4c469acf36.jpeg,bird,train,SUSPICIOUS_LABEL,2594.9,107.58,60.1,0.0363,indri,0.3178,data/Mid224/train/bird/field_mimus_polyglottos_14886_4c469acf36.jpeg
train/bird/field_mimus_polyglottos_14886_59a522b355.jpeg,bird,train,SUSPICIOUS_LABEL,3016.26,128.02,52.17,0.0146,Mexican hairless,0.2358,data/Mid224/train/bird/field_mimus_polyglottos_14886_59a522b355.jpeg
train/bird/field_mimus_polyglottos_14886_8293bebd7b.jpeg,bird,train,SUSPICIOUS_LABEL,1276.91,144.73,47.04,0.0075,cardoon,0.4793,data/Mid224/train/bird/field_mimus_polyglottos_14886_8293bebd7b.jpeg
train/bird/field_mimus_polyglottos_14886_889b3d2061.jpeg,bird,train,SUSPICIOUS_LABEL,2060.69,155.0,76.83,0.0019,tank,0.2116,data/Mid224/train/bird/field_mimus_polyglottos_14886_889b3d2061.jpeg
train/bird/field_mimus_polyglottos_14886_8c8f71ce5e.jpeg,bird,train,SUSPICIOUS_LABEL,688.17,109.75,45.15,0.0303,hare,0.3904,data/Mid224/train/bird/field_mimus_polyglottos_14886_8c8f71ce5e.jpeg
train/bird/field_mimus_polyglottos_14886_9b76d8e7e6.jpeg,bird,train,SUSPICIOUS_LABEL,2316.09,124.74,63.38,0.0156,cardoon,0.2732,data/Mid224/train/bird/field_mimus_polyglottos_14886_9b76d8e7e6.jpeg
train/bird/field_mimus_polyglottos_14886_a505c4dc88.jpeg,bird,train,SUSPICIOUS_LABEL,809.04,148.68,48.9,0.0009,street sign,0.2936,data/Mid224/train/bird/field_mimus_polyglottos_14886_a505c4dc88.jpeg
train/bird/field_mimus_polyglottos_14886_a6baab5b5f.jpeg,bird,train,SUSPICIOUS_LABEL,1634.36,145.85,60.39,0.0322,indri,0.3009,data/Mid224/train/bird/field_mimus_polyglottos_14886_a6baab5b5f.jpeg
train/bird/field_mimus_polyglottos_14886_dbaf713ed2.jpeg,bird,train,SUSPICIOUS_LABEL,1968.05,138.92,56.15,0.0032,mobile home,0.324,data/Mid224/train/bird/field_mimus_polyglottos_14886_dbaf713ed2.jpeg
train/bird/field_mimus_polyglottos_14886_de7ccdd9aa.jpeg,bird,train,UNDEREXPOSED;SUSPICIOUS_LABEL,190.01,22.49,28.43,0.0169,bulletproof vest,0.5507,data/Mid224/train/bird/field_mimus_polyglottos_14886_de7ccdd9aa.jpeg
train/bird/field_mimus_polyglottos_14886_eea58dfe22.jpeg,bird,train,SUSPICIOUS_LABEL,139.88,114.43,32.45,0.0042,oil filter,0.4156,data/Mid224/train/bird/field_mimus_polyglottos_14886_eea58dfe22.jpeg
train/bird/field_mimus_polyglottos_14886_eff4c5d3a4.jpeg,bird,train,SUSPICIOUS_LABEL,6948.21,119.62,66.12,0.0335,water tower,0.2049,data/Mid224/train/bird/field_mimus_polyglottos_14886_eff4c5d3a4.jpeg
train/bird/field_mimus_polyglottos_14886_f051b6efd4.jpeg,bird,train,SUSPICIOUS_LABEL,634.45,105.46,82.22,0.0062,mousetrap,0.789,data/Mid224/train/bird/field_mimus_polyglottos_14886_f051b6efd4.jpeg
train/bird/field_mimus_polyglottos_14886_f054bf1173.jpeg,bird,train,UNDEREXPOSED,615.91,31.41,47.32,0.0573,triceratops,0.1352,data/Mid224/train/bird/field_mimus_polyglottos_14886_f054bf1173.jpeg
train/bird/field_mimus_polyglottos_14886_f15d11c4a4.jpeg,bird,train,SUSPICIOUS_LABEL,1034.06,145.45,44.63,0.0369,mongoose,0.3624,data/Mid224/train/bird/field_mimus_polyglottos_14886_f15d11c4a4.jpeg
train/bird/field_mimus_polyglottos_polyglottos_555673_3112b44574.jpeg,bird,train,LOW_CONTRAST,205.64,128.4,17.67,0.1379,platypus,0.2883,data/Mid224/train/bird/field_mimus_polyglottos_polyglottos_555673_3112b44574.jpeg
train/bird/field_molothrus_ater_10373_399c6c7a08.jpeg,bird,train,SUSPICIOUS_LABEL,3425.83,150.77,52.87,0.0257,jigsaw puzzle,0.2051,data/Mid224/train/bird/field_molothrus_ater_10373_399c6c7a08.jpeg
train/bird/field_motacilla_alba_13695_d7b131db33.jpeg,bird,train,SUSPICIOUS_LABEL,1023.48,145.19,63.25,0.0004,passenger car,0.2145,data/Mid224/train/bird/field_motacilla_alba_13695_d7b131db33.jpeg
train/bird/field_motacilla_maderaspatensis_558550_ce47d7eb59.jpeg,bird,train,SUSPICIOUS_LABEL,968.8,193.35,29.29,0.0037,ski,0.3933,data/Mid224/train/bird/field_motacilla_maderaspatensis_558550_ce47d7eb59.jpeg
train/bird/field_mycteria_americana_4742_5fa149ebd8.jpeg,bird,train,SUSPICIOUS_LABEL,793.55,138.72,55.24,0.0015,mobile home,0.3257,data/Mid224/train/bird/field_mycteria_americana_4742_5fa149ebd8.jpeg
train/bird/field_myiopsitta_monachus_19349_6423e36742.jpeg,bird,train,BLURRY;LOW_CONTRAST,35.08,147.97,5.46,0.0937,corkscrew,0.0367,data/Mid224/train/bird/field_myiopsitta_monachus_19349_6423e36742.jpeg
train/bird/field_myiozetetes_similis_16842_98070a4b49.jpeg,bird,train,SUSPICIOUS_LABEL,393.99,117.94,46.3,0.0138,African chameleon,0.7774,data/Mid224/train/bird/field_myiozetetes_similis_16842_98070a4b49.jpeg
train/bird/field_nannopterum_auritum_1454382_0b6d07e84a.jpeg,bird,train,SUSPICIOUS_LABEL,1543.18,124.41,41.53,0.0336,steel arch bridge,0.3725,data/Mid224/train/bird/field_nannopterum_auritum_1454382_0b6d07e84a.jpeg
train/bird/field_nannopterum_auritum_1454382_1e947528b5.jpeg,bird,train,SUSPICIOUS_LABEL,241.47,141.38,47.52,0.0052,reel,0.3352,data/Mid224/train/bird/field_nannopterum_auritum_1454382_1e947528b5.jpeg
train/bird/field_nannopterum_auritum_1454382_5350eaf332.jpeg,bird,train,SUSPICIOUS_LABEL,702.09,158.98,41.6,0.0441,pickelhaube,0.4161,data/Mid224/train/bird/field_nannopterum_auritum_1454382_5350eaf332.jpeg
train/bird/field_nannopterum_auritum_1454382_92f7598298.jpeg,bird,train,SUSPICIOUS_LABEL,825.53,141.14,62.68,0.0282,amphibian,0.2861,data/Mid224/train/bird/field_nannopterum_auritum_1454382_92f7598298.jpeg
train/bird/field_nannopterum_auritum_1454382_a36f2f49b4.jpeg,bird,train,BLURRY;LOW_CONTRAST,74.19,146.78,10.64,0.271,parachute,0.3404,data/Mid224/train/bird/field_nannopterum_auritum_1454382_a36f2f49b4.jpeg
train/bird/field_nannopterum_auritum_1454382_c8064d7235.jpeg,bird,train,SUSPICIOUS_LABEL,286.52,187.65,59.04,0.0001,Kerry blue terrier,0.4789,data/Mid224/train/bird/field_nannopterum_auritum_1454382_c8064d7235.jpeg
train/bird/field_nannopterum_auritum_1454382_d628c56b9e.jpeg,bird,train,SUSPICIOUS_LABEL,1045.18,131.69,49.31,0.0171,lakeside,0.2988,data/Mid224/train/bird/field_nannopterum_auritum_1454382_d628c56b9e.jpeg
train/bird/field_nannopterum_auritum_1454382_e6cd303f0e.jpeg,bird,train,SUSPICIOUS_LABEL,860.25,135.62,49.08,0.0058,lakeside,0.387,data/Mid224/train/bird/field_nannopterum_auritum_1454382_e6cd303f0e.jpeg
train/bird/field_nannopterum_brasilianum_1289601_97786d42a3.jpeg,bird,train,SUSPICIOUS_LABEL,1081.92,142.73,54.54,0.0009,kelpie,0.4381,data/Mid224/train/bird/field_nannopterum_brasilianum_1289601_97786d42a3.jpeg
train/bird/field_neophron_percnopterus_5361_087f4200cd.jpeg,bird,train,BLURRY;LOW_CONTRAST,58.65,147.77,12.46,0.1488,airliner,0.3224,data/Mid224/train/bird/field_neophron_percnopterus_5361_087f4200cd.jpeg
train/bird/field_neophron_percnopterus_5361_b648f44d08.jpeg,bird,train,LOW_CONTRAST,134.7,100.39,16.94,0.9747,black stork,0.6299,data/Mid224/train/bird/field_neophron_percnopterus_5361_b648f44d08.jpeg
train/bird/field_nisaetus_cirrhatus_limnaeetus_979829_47d012b815.jpeg,bird,train,SUSPICIOUS_LABEL,574.33,126.47,45.6,0.0449,Kerry blue terrier,0.6532,data/Mid224/train/bird/field_nisaetus_cirrhatus_limnaeetus_979829_47d012b815.jpeg
train/bird/field_nisaetus_cirrhatus_limnaeetus_979829_fd23b94855.jpeg,bird,train,SUSPICIOUS_LABEL,682.52,137.98,39.46,0.0326,curly-coated retriever,0.3,data/Mid224/train/bird/field_nisaetus_cirrhatus_limnaeetus_979829_fd23b94855.jpeg
train/bird/field_nisaetus_nanus_nanus_727037_a8e93b5375.jpeg,bird,train,SUSPICIOUS_LABEL,299.32,154.86,36.66,0.0385,airship,0.211,data/Mid224/train/bird/field_nisaetus_nanus_nanus_727037_a8e93b5375.jpeg
train/bird/field_numida_meleagris_1428_cf15c19975.jpeg,bird,train,SUSPICIOUS_LABEL,8521.14,94.69,58.91,0.0318,curly-coated retriever,0.2124,data/Mid224/train/bird/field_numida_meleagris_1428_cf15c19975.jpeg
train/bird/field_nyctanassa_violacea_4999_bd9bfa4f8a.jpeg,bird,train,SUSPICIOUS_LABEL,507.85,160.4,31.52,0.027,speedboat,0.21,data/Mid224/train/bird/field_nyctanassa_violacea_4999_bd9bfa4f8a.jpeg
train/bird/field_nycticorax_nycticorax_4981_2b74f122ca.jpeg,bird,train,SUSPICIOUS_LABEL,1019.75,101.73,80.01,0.037,ibex,0.3226,data/Mid224/train/bird/field_nycticorax_nycticorax_4981_2b74f122ca.jpeg
train/bird/field_nycticorax_nycticorax_4981_2eebaccdf0.jpeg,bird,train,LOW_CONTRAST,186.56,200.48,15.81,0.2433,puck,0.1417,data/Mid224/train/bird/field_nycticorax_nycticorax_4981_2eebaccdf0.jpeg
train/bird/field_nycticorax_nycticorax_4981_5efbb81c1c.jpeg,bird,train,LOW_CONTRAST,266.14,197.29,15.54,0.2629,dowitcher,0.0901,data/Mid224/train/bird/field_nycticorax_nycticorax_4981_5efbb81c1c.jpeg
train/bird/field_nycticorax_nycticorax_4981_f58ad1568f.jpeg,bird,train,BLURRY,31.65,137.36,18.85,0.084,space shuttle,0.0511,data/Mid224/train/bird/field_nycticorax_nycticorax_4981_f58ad1568f.jpeg
train/bird/field_ocyphaps_lophotes_3681_0537750663.jpeg,bird,train,SUSPICIOUS_LABEL,7303.75,135.79,59.73,0.0478,whiptail,0.2962,data/Mid224/train/bird/field_ocyphaps_lophotes_3681_0537750663.jpeg
train/bird/field_onychoprion_fuscatus_144525_92e10d29ce.jpeg,bird,train,BLURRY;LOW_CONTRAST,77.41,181.06,10.95,0.0735,jigsaw puzzle,0.0424,data/Mid224/train/bird/field_onychoprion_fuscatus_144525_92e10d29ce.jpeg
train/bird/field_oxyura_australis_7074_0145b8777c.jpeg,bird,train,SUSPICIOUS_LABEL,569.16,130.46,37.89,0.0337,submarine,0.7148,data/Mid224/train/bird/field_oxyura_australis_7074_0145b8777c.jpeg
train/bird/field_oxyura_australis_7074_024160b450.jpeg,bird,train,SUSPICIOUS_LABEL,729.83,120.56,45.15,0.0319,otter,0.4195,data/Mid224/train/bird/field_oxyura_australis_7074_024160b450.jpeg
train/bird/field_oxyura_australis_7074_99583a2d3a.jpeg,bird,train,SUSPICIOUS_LABEL,556.14,122.2,52.63,0.0414,otter,0.4713,data/Mid224/train/bird/field_oxyura_australis_7074_99583a2d3a.jpeg
train/bird/field_oxyura_australis_7074_99f2f0d27e.jpeg,bird,train,SUSPICIOUS_LABEL,446.35,131.4,34.97,0.0365,submarine,0.6296,data/Mid224/train/bird/field_oxyura_australis_7074_99f2f0d27e.jpeg
train/bird/field_oxyura_australis_7074_b61e351281.jpeg,bird,train,SUSPICIOUS_LABEL,555.01,131.72,34.86,0.0456,submarine,0.2837,data/Mid224/train/bird/field_oxyura_australis_7074_b61e351281.jpeg
train/bird/field_oxyura_australis_7074_c63bf868cd.jpeg,bird,train,SUSPICIOUS_LABEL,780.84,137.66,44.47,0.0135,killer whale,0.263,data/Mid224/train/bird/field_oxyura_australis_7074_c63bf868cd.jpeg
train/bird/field_oxyura_australis_7074_e5bef8d3c8.jpeg,bird,train,SUSPICIOUS_LABEL,354.91,133.67,33.03,0.001,submarine,0.9107,data/Mid224/train/bird/field_oxyura_australis_7074_e5bef8d3c8.jpeg
train/bird/field_oxyura_australis_7074_f92240efe3.jpeg,bird,train,SUSPICIOUS_LABEL,269.4,124.69,38.53,0.0362,tick,0.2068,data/Mid224/train/bird/field_oxyura_australis_7074_f92240efe3.jpeg
train/bird/field_pandion_haliaetus_116999_81cbe81991.jpeg,bird,train,OVEREXPOSED,303.9,232.46,45.08,0.1376,screw,0.1114,data/Mid224/train/bird/field_pandion_haliaetus_116999_81cbe81991.jpeg
train/bird/field_pandion_haliaetus_116999_c88e238224.jpeg,bird,train,OVEREXPOSED;SUSPICIOUS_LABEL,413.56,229.82,54.69,0.0426,assault rifle,0.3675,data/Mid224/train/bird/field_pandion_haliaetus_116999_c88e238224.jpeg
train/bird/field_pardalotus_punctatus_13531_d773d35eb7.jpeg,bird,train,SUSPICIOUS_LABEL,376.68,98.95,53.96,0.0335,projectile,0.2641,data/Mid224/train/bird/field_pardalotus_punctatus_13531_d773d35eb7.jpeg
train/bird/field_parulidae_71349_3e8b4b477f.jpeg,bird,train,SUSPICIOUS_LABEL,246.43,74.97,35.03,0.0282,acorn,0.4128,data/Mid224/train/bird/field_parulidae_71349_3e8b4b477f.jpeg
train/bird/field_parulidae_71349_6e0ae8792e.jpeg,bird,train,SUSPICIOUS_LABEL,616.2,131.87,47.78,0.0122,Mexican hairless,0.2232,data/Mid224/train/bird/field_parulidae_71349_6e0ae8792e.jpeg
train/bird/field_parulidae_71349_c0b2f42156.jpeg,bird,train,SUSPICIOUS_LABEL,724.96,136.76,42.64,0.0001,binder,0.3837,data/Mid224/train/bird/field_parulidae_71349_c0b2f42156.jpeg
train/bird/field_parulidae_71349_f151446041.jpeg,bird,train,SUSPICIOUS_LABEL,673.84,145.2,52.17,0.0032,binder,0.3609,data/Mid224/train/bird/field_parulidae_71349_f151446041.jpeg
train/bird/field_passer_diffusus_73152_581d12d549.jpeg,bird,train,SUSPICIOUS_LABEL,1099.92,89.95,66.81,0.0421,mongoose,0.2199,data/Mid224/train/bird/field_passer_diffusus_73152_581d12d549.jpeg
train/bird/field_passer_domesticus_13858_2034d35e6d.jpeg,bird,train,SUSPICIOUS_LABEL,372.19,119.25,56.86,0.008,platypus,0.4134,data/Mid224/train/bird/field_passer_domesticus_13858_2034d35e6d.jpeg
train/bird/field_passer_domesticus_13858_20dd1500b7.jpeg,bird,train,SUSPICIOUS_LABEL,698.01,89.42,35.47,0.0004,pedestal,0.3652,data/Mid224/train/bird/field_passer_domesticus_13858_20dd1500b7.jpeg
train/bird/field_passer_domesticus_13858_726dd9e7c0.jpeg,bird,train,SUSPICIOUS_LABEL,359.54,93.6,46.61,0.0007,tricycle,0.263,data/Mid224/train/bird/field_passer_domesticus_13858_726dd9e7c0.jpeg
train/bird/field_passer_domesticus_13858_772ef026e5.jpeg,bird,train,SUSPICIOUS_LABEL,318.68,128.23,46.58,0.0001,espresso maker,0.4554,data/Mid224/train/bird/field_passer_domesticus_13858_772ef026e5.jpeg
train/bird/field_passer_domesticus_13858_89b97ff3cc.jpeg,bird,train,SUSPICIOUS_LABEL,410.41,95.13,40.33,0.0047,stretcher,0.3246,data/Mid224/train/bird/field_passer_domesticus_13858_89b97ff3cc.jpeg
train/bird/field_passer_domesticus_13858_a9cf4fbdb0.jpeg,bird,train,SUSPICIOUS_LABEL,923.54,114.55,38.22,0.0002,pedestal,0.4957,data/Mid224/train/bird/field_passer_domesticus_13858_a9cf4fbdb0.jpeg
train/bird/field_passer_domesticus_13858_ab98863fb0.jpeg,bird,train,SUSPICIOUS_LABEL,734.78,106.29,34.9,0.0006,corkscrew,0.2809,data/Mid224/train/bird/field_passer_domesticus_13858_ab98863fb0.jpeg
train/bird/field_passer_domesticus_13858_ae6ae7e94a.jpeg,bird,train,SUSPICIOUS_LABEL,755.49,110.71,28.9,0.001,corkscrew,0.298,data/Mid224/train/bird/field_passer_domesticus_13858_ae6ae7e94a.jpeg
train/bird/field_passer_domesticus_13858_b773febb55.jpeg,bird,train,SUSPICIOUS_LABEL,1035.35,94.71,61.64,0.0011,parallel bars,0.4505,data/Mid224/train/bird/field_passer_domesticus_13858_b773febb55.jpeg
train/bird/field_passer_domesticus_13858_c274433284.jpeg,bird,train,SUSPICIOUS_LABEL,1139.98,127.33,54.57,0.003,black widow,0.2193,data/Mid224/train/bird/field_passer_domesticus_13858_c274433284.jpeg
train/bird/field_passer_domesticus_13858_cd23dc0d97.jpeg,bird,train,SUSPICIOUS_LABEL,947.37,128.65,51.66,0.0033,bolo tie,0.718,data/Mid224/train/bird/field_passer_domesticus_13858_cd23dc0d97.jpeg
train/bird/field_passer_domesticus_13858_dc01a51a62.jpeg,bird,train,LOW_CONTRAST;SUSPICIOUS_LABEL,242.2,68.11,17.46,0.0018,parallel bars,0.2101,data/Mid224/train/bird/field_passer_domesticus_13858_dc01a51a62.jpeg
train/bird/field_passer_domesticus_13858_ebf3d28e2a.jpeg,bird,train,SUSPICIOUS_LABEL,742.31,65.81,27.96,0.0005,corkscrew,0.4558,data/Mid224/train/bird/field_passer_domesticus_13858_ebf3d28e2a.jpeg
train/bird/field_pavo_cristatus___muticus_957855_7629b7e0dc.jpeg,bird,train,SUSPICIOUS_LABEL,1374.24,99.84,51.63,0.0194,assault rifle,0.2854,data/Mid224/train/bird/field_pavo_cristatus___muticus_957855_7629b7e0dc.jpeg
train/bird/field_pelecanus_conspicillatus_4326_84dfddaf1d.jpeg,bird,train,SUSPICIOUS_LABEL,719.0,72.56,52.03,0.0229,killer whale,0.6376,data/Mid224/train/bird/field_pelecanus_conspicillatus_4326_84dfddaf1d.jpeg
train/bird/field_pelecanus_conspicillatus_4326_b17a2bd4ec.jpeg,bird,train,SUSPICIOUS_LABEL,749.94,110.42,52.84,0.0183,projectile,0.2945,data/Mid224/train/bird/field_pelecanus_conspicillatus_4326_b17a2bd4ec.jpeg
train/bird/field_pelecanus_erythrorhynchos_4334_52acd492c0.jpeg,bird,train,SUSPICIOUS_LABEL,784.45,96.58,71.95,0.0224,killer whale,0.2735,data/Mid224/train/bird/field_pelecanus_erythrorhynchos_4334_52acd492c0.jpeg
train/bird/field_pelecanus_occidentalis_4328_6bf7fb69f4.jpeg,bird,train,SUSPICIOUS_LABEL,403.39,167.27,62.21,0.0002,amphibian,0.2941,data/Mid224/train/bird/field_pelecanus_occidentalis_4328_6bf7fb69f4.jpeg
train/bird/field_pelecanus_occidentalis_4328_aa49cef9da.jpeg,bird,train,SUSPICIOUS_LABEL,234.03,126.72,49.39,0.012,submarine,0.242,data/Mid224/train/bird/field_pelecanus_occidentalis_4328_aa49cef9da.jpeg
train/bird/field_pelecanus_occidentalis_californicus_123829_b076750fd2.jpeg,bird,train,SUSPICIOUS_LABEL,2629.76,129.41,56.68,0.0184,grey whale,0.6523,data/Mid224/train/bird/field_pelecanus_occidentalis_californicus_123829_b076750fd2.jpeg
train/bird/field_pelecanus_occidentalis_californicus_123829_c79e059877.jpeg,bird,train,SUSPICIOUS_LABEL,631.54,146.43,48.91,0.0086,pickelhaube,0.6743,data/Mid224/train/bird/field_pelecanus_occidentalis_californicus_123829_c79e059877.jpeg
train/bird/field_pelecanus_occidentalis_californicus_123829_cef4d1dd3f.jpeg,bird,train,SUSPICIOUS_LABEL,2202.76,104.06,65.59,0.0308,colobus,0.2302,data/Mid224/train/bird/field_pelecanus_occidentalis_californicus_123829_cef4d1dd3f.jpeg
train/bird/field_petrochelidon_pyrrhonota_11858_0808b390c5.jpeg,bird,train,SUSPICIOUS_LABEL,430.47,156.55,42.96,0.0034,gyromitra,0.4554,data/Mid224/train/bird/field_petrochelidon_pyrrhonota_11858_0808b390c5.jpeg
train/bird/field_petrochelidon_pyrrhonota_11858_10eb62e634.jpeg,bird,train,SUSPICIOUS_LABEL,792.36,118.66,44.28,0.0034,pickelhaube,0.2983,data/Mid224/train/bird/field_petrochelidon_pyrrhonota_11858_10eb62e634.jpeg
train/bird/field_piranga_ludoviciana_9919_e6e39d9791.jpeg,bird,train,SUSPICIOUS_LABEL,1533.36,114.5,57.73,0.0247,snowmobile,0.2788,data/Mid224/train/bird/field_piranga_ludoviciana_9919_e6e39d9791.jpeg
train/bird/field_poecile_atricapillus_144815_64a5d7a109.jpeg,bird,train,SUSPICIOUS_LABEL,553.07,162.26,75.41,0.0055,ski,0.2649,data/Mid224/train/bird/field_poecile_atricapillus_144815_64a5d7a109.jpeg
train/bird/field_polioptila_caerulea_7493_e78ae0bbb3.jpeg,bird,train,SUSPICIOUS_LABEL,407.24,100.73,53.75,0.0366,three-toed sloth,0.2299,data/Mid224/train/bird/field_polioptila_caerulea_7493_e78ae0bbb3.jpeg
train/bird/field_porphyrio_melanotus_418530_59fb9289f3.jpeg,bird,train,SUSPICIOUS_LABEL,276.01,145.61,33.06,0.0029,punching bag,0.3692,data/Mid224/train/bird/field_porphyrio_melanotus_418530_59fb9289f3.jpeg
train/bird/field_psarocolius_montezuma_68047_50fcf54acf.jpeg,bird,train,SUSPICIOUS_LABEL,1484.41,110.34,47.45,0.0265,Kerry blue terrier,0.2908,data/Mid224/train/bird/field_psarocolius_montezuma_68047_50fcf54acf.jpeg
train/bird/field_pyrocephalus_rubinus_16447_cc763d0415.jpeg,bird,train,SUSPICIOUS_LABEL,887.64,113.66,52.32,0.0014,bulletproof vest,0.4021,data/Mid224/train/bird/field_pyrocephalus_rubinus_16447_cc763d0415.jpeg
train/bird/field_quiscalus_quiscula_9602_64ce119600.jpeg,bird,train,SUSPICIOUS_LABEL,6428.77,124.24,73.75,0.0007,bulletproof vest,0.8284,data/Mid224/train/bird/field_quiscalus_quiscula_9602_64ce119600.jpeg
train/bird/field_sayornis_phoebe_17008_c911f2e602.jpeg,bird,train,SUSPICIOUS_LABEL,729.27,145.79,44.17,0.0068,platypus,0.8466,data/Mid224/train/bird/field_sayornis_phoebe_17008_c911f2e602.jpeg
train/bird/field_sayornis_phoebe_17008_e75f169ec6.jpeg,bird,train,SUSPICIOUS_LABEL,560.46,160.99,39.86,0.0029,platypus,0.9542,data/Mid224/train/bird/field_sayornis_phoebe_17008_e75f169ec6.jpeg
train/bird/field_selasphorus_sasin_6359_3c5deb1cf7.jpeg,bird,train,SUSPICIOUS_LABEL,272.24,157.4,51.26,0.0016,bobsled,0.4987,data/Mid224/train/bird/field_selasphorus_sasin_6359_3c5deb1cf7.jpeg
train/bird/field_selasphorus_sasin_6359_7d4d901985.jpeg,bird,train,SUSPICIOUS_LABEL,1136.05,120.14,63.22,0.0224,titi,0.3517,data/Mid224/train/bird/field_selasphorus_sasin_6359_7d4d901985.jpeg
train/bird/field_selasphorus_sasin_6359_7dd924bdfd.jpeg,bird,train,SUSPICIOUS_LABEL,435.14,138.24,32.17,0.0386,lacewing,0.2332,data/Mid224/train/bird/field_selasphorus_sasin_6359_7dd924bdfd.jpeg
train/bird/field_setophaga_coronata_145245_95c072f5c8.jpeg,bird,train,LOW_CONTRAST,247.18,137.36,16.16,0.1048,nematode,0.1661,data/Mid224/train/bird/field_setophaga_coronata_145245_95c072f5c8.jpeg
train/bird/field_sialia_currucoides_12936_e202b9555d.jpeg,bird,train,SUSPICIOUS_LABEL,781.63,165.26,38.76,0.0269,letter opener,0.225,data/Mid224/train/bird/field_sialia_currucoides_12936_e202b9555d.jpeg
train/bird/field_sialia_mexicana_12937_1d94fdb4a7.jpeg,bird,train,SUSPICIOUS_LABEL,1503.54,110.87,52.6,0.0026,speedboat,0.5556,data/Mid224/train/bird/field_sialia_mexicana_12937_1d94fdb4a7.jpeg
train/bird/field_sialia_mexicana_12937_4c147374f7.jpeg,bird,train,SUSPICIOUS_LABEL,1177.97,123.24,43.2,0.0128,speedboat,0.3456,data/Mid224/train/bird/field_sialia_mexicana_12937_4c147374f7.jpeg
train/bird/field_sporophila_minuta_9492_0f1f791ec1.jpeg,bird,train,SUSPICIOUS_LABEL,236.13,143.88,35.12,0.0074,parallel bars,0.4037,data/Mid224/train/bird/field_sporophila_minuta_9492_0f1f791ec1.jpeg
train/bird/field_stelgidopteryx_serripennis_11970_39d364a2e9.jpeg,bird,train,LOW_CONTRAST,156.56,100.35,17.37,0.1486,barn spider,0.0941,data/Mid224/train/bird/field_stelgidopteryx_serripennis_11970_39d364a2e9.jpeg
train/bird/field_sturnus_vulgaris_14850_6bcdb92bea.jpeg,bird,train,SUSPICIOUS_LABEL,365.83,120.86,23.73,0.0188,pole,0.2144,data/Mid224/train/bird/field_sturnus_vulgaris_14850_6bcdb92bea.jpeg
train/bird/field_tachycineta_thalassina_11931_aee097bcf5.jpeg,bird,train,SUSPICIOUS_LABEL,522.2,115.5,37.58,0.0395,warplane,0.3368,data/Mid224/train/bird/field_tachycineta_thalassina_11931_aee097bcf5.jpeg
train/bird/field_tachyeres_pteneres_7135_d4db50224e.jpeg,bird,train,SUSPICIOUS_LABEL,387.77,129.42,43.36,0.0036,bulletproof vest,0.2639,data/Mid224/train/bird/field_tachyeres_pteneres_7135_d4db50224e.jpeg
train/bird/field_tachyspiza_fasciata_1583256_daff2186c8.jpeg,bird,train,SUSPICIOUS_LABEL,3117.25,129.18,69.23,0.0105,birdhouse,0.3343,data/Mid224/train/bird/field_tachyspiza_fasciata_1583256_daff2186c8.jpeg
train/bird/field_thinornis_dubius_1580336_8d97d09fcf.jpeg,bird,train,SUSPICIOUS_LABEL,2340.87,151.98,46.69,0.0243,aircraft carrier,0.2354,data/Mid224/train/bird/field_thinornis_dubius_1580336_8d97d09fcf.jpeg
train/bird/field_todiramphus_sanctus_vagans_413483_85c2d5e525.jpeg,bird,train,SUSPICIOUS_LABEL,575.5,125.43,54.81,0.0034,guillotine,0.5359,data/Mid224/train/bird/field_todiramphus_sanctus_vagans_413483_85c2d5e525.jpeg
train/bird/field_todiramphus_sanctus_vagans_413483_fb02d867a1.jpeg,bird,train,SUSPICIOUS_LABEL,307.05,66.02,59.58,0.0033,green mamba,0.2356,data/Mid224/train/bird/field_todiramphus_sanctus_vagans_413483_fb02d867a1.jpeg
train/bird/field_tringa_semipalmata_144491_604584a0b0.jpeg,bird,train,LOW_CONTRAST,237.83,200.96,16.73,0.8158,dowitcher,0.2641,data/Mid224/train/bird/field_tringa_semipalmata_144491_604584a0b0.jpeg
train/bird/field_tringa_semipalmata_inornata_512290_b2f76d7887.jpeg,bird,train,LOW_CONTRAST,85.14,129.28,13.38,0.332,revolver,0.1831,data/Mid224/train/bird/field_tringa_semipalmata_inornata_512290_b2f76d7887.jpeg
train/bird/field_tyrannus_forficatus_16783_72dc831906.jpeg,bird,train,LOW_CONTRAST,327.82,144.74,15.67,0.0505,pole,0.3491,data/Mid224/train/bird/field_tyrannus_forficatus_16783_72dc831906.jpeg
train/bird/field_tyrannus_forficatus_16783_dc8707a38a.jpeg,bird,train,SUSPICIOUS_LABEL,375.5,159.13,25.05,0.0026,tripod,0.6796,data/Mid224/train/bird/field_tyrannus_forficatus_16783_dc8707a38a.jpeg
train/bird/field_vanellus_miles_novaehollandiae_413584_f61902161d.jpeg,bird,train,SUSPICIOUS_LABEL,269.06,89.44,47.07,0.0315,skunk,0.3166,data/Mid224/train/bird/field_vanellus_miles_novaehollandiae_413584_f61902161d.jpeg
train/bird/field_zanda_funerea_1432688_e0849a17dd.jpeg,bird,train,SUSPICIOUS_LABEL,571.01,191.88,60.8,0.0103,assault rifle,0.5685,data/Mid224/train/bird/field_zanda_funerea_1432688_e0849a17dd.jpeg
train/bird/field_zenaida_asiatica_3460_27d368e4a4.jpeg,bird,train,SUSPICIOUS_LABEL,1157.99,112.93,51.71,0.0284,indri,0.2282,data/Mid224/train/bird/field_zenaida_asiatica_3460_27d368e4a4.jpeg
train/bird/field_zenaida_macroura_3454_a53623c41b.jpeg,bird,train,SUSPICIOUS_LABEL,465.61,132.9,46.43,0.0027,assault rifle,0.3095,data/Mid224/train/bird/field_zenaida_macroura_3454_a53623c41b.jpeg
train/bird/field_zenaida_macroura_3454_d0077732cf.jpeg,bird,train,SUSPICIOUS_LABEL,425.45,127.06,46.16,0.0019,letter opener,0.4994,data/Mid224/train/bird/field_zenaida_macroura_3454_d0077732cf.jpeg
train/bird/field_zonotrichia_querula_9182_44d0231923.jpeg,bird,train,SUSPICIOUS_LABEL,785.58,108.3,53.18,0.0008,thresher,0.2254,data/Mid224/train/bird/field_zonotrichia_querula_9182_44d0231923.jpeg
train/cat/cat_00004.jpeg,cat,train,SUSPICIOUS_LABEL,202.92,93.07,50.98,0.0029,Arctic fox,0.474,data/Mid224/train/cat/cat_00004.jpeg
train/cat/cat_00009.jpeg,cat,train,SUSPICIOUS_LABEL,392.17,91.15,55.49,0.0017,cuirass,0.2911,data/Mid224/train/cat/cat_00009.jpeg
train/cat/cat_00011.jpeg,cat,train,SUSPICIOUS_LABEL,406.46,120.59,57.85,0.0072,Brittany spaniel,0.4041,data/Mid224/train/cat/cat_00011.jpeg
train/cat/cat_00012.jpeg,cat,train,SUSPICIOUS_LABEL,378.85,80.17,60.45,0.0017,wire-haired fox terrier,0.2671,data/Mid224/train/cat/cat_00012.jpeg
train/cat/cat_00013.jpeg,cat,train,SUSPICIOUS_LABEL,384.54,127.27,37.87,0.0071,mousetrap,0.4404,data/Mid224/train/cat/cat_00013.jpeg
train/cat/cat_00014.jpeg,cat,train,SUSPICIOUS_LABEL,1069.27,108.95,48.78,0.0024,Japanese spaniel,0.2468,data/Mid224/train/cat/cat_00014.jpeg
train/cat/cat_00015.jpeg,cat,train,SUSPICIOUS_LABEL,515.8,115.56,66.32,0.003,schipperke,0.294,data/Mid224/train/cat/cat_00015.jpeg
train/cat/cat_00018.jpeg,cat,train,SUSPICIOUS_LABEL,304.86,118.67,39.04,0.0011,airship,0.3302,data/Mid224/train/cat/cat_00018.jpeg
train/cat/cat_00020.jpeg,cat,train,SUSPICIOUS_LABEL,191.07,141.55,42.68,0.0008,pickelhaube,0.3321,data/Mid224/train/cat/cat_00020.jpeg
train/cat/cat_00024.jpeg,cat,train,SUSPICIOUS_LABEL,503.73,109.85,61.27,0.0003,binder,0.7936,data/Mid224/train/cat/cat_00024.jpeg
train/cat/cat_00029.jpeg,cat,train,SUSPICIOUS_LABEL,161.65,131.52,31.2,0.0006,studio couch,0.6629,data/Mid224/train/cat/cat_00029.jpeg
train/cat/cat_00030.jpeg,cat,train,BLURRY;SUSPICIOUS_LABEL,78.13,122.18,23.56,0.001,airliner,0.2427,data/Mid224/train/cat/cat_00030.jpeg
train/cat/cat_00038.jpeg,cat,train,SUSPICIOUS_LABEL,354.87,111.25,54.78,0.0003,EntleBucher,0.4773,data/Mid224/train/cat/cat_00038.jpeg
train/cat/cat_00043.jpeg,cat,train,SUSPICIOUS_LABEL,209.99,161.12,54.24,0.0427,Siberian husky,0.2312,data/Mid224/train/cat/cat_00043.jpeg
train/cat/cat_00045.jpeg,cat,train,SUSPICIOUS_LABEL,280.28,88.64,58.57,0.0026,bulletproof vest,0.5387,data/Mid224/train/cat/cat_00045.jpeg
train/cat/cat_00046.jpeg,cat,train,SUSPICIOUS_LABEL,1046.97,136.66,52.16,0.0,prison,0.8367,data/Mid224/train/cat/cat_00046.jpeg
train/cat/cat_00047.jpeg,cat,train,SUSPICIOUS_LABEL,4696.04,109.49,57.55,0.0014,Kerry blue terrier,0.2222,data/Mid224/train/cat/cat_00047.jpeg
train/cat/cat_00049.jpeg,cat,train,SUSPICIOUS_LABEL,5041.89,121.59,55.16,0.0,racket,0.5988,data/Mid224/train/cat/cat_00049.jpeg
train/cat/cat_00052.jpeg,cat,train,SUSPICIOUS_LABEL,317.33,116.66,60.07,0.0004,EntleBucher,0.4889,data/Mid224/train/cat/cat_00052.jpeg
train/cat/cat_00055.jpeg,cat,train,SUSPICIOUS_LABEL,695.97,92.41,60.53,0.0009,espresso maker,0.2823,data/Mid224/train/cat/cat_00055.jpeg
train/cat/cat_00058.jpeg,cat,train,SUSPICIOUS_LABEL,187.89,120.35,51.45,0.0013,wire-haired fox terrier,0.4332,data/Mid224/train/cat/cat_00058.jpeg
train/cat/cat_00059.jpeg,cat,train,SUSPICIOUS_LABEL,305.73,127.95,51.8,0.0406,Samoyed,0.3247,data/Mid224/train/cat/cat_00059.jpeg
train/cat/cat_00062.jpeg,cat,train,SUSPICIOUS_LABEL,402.51,101.29,46.41,0.0185,toy terrier,0.2176,data/Mid224/train/cat/cat_00062.jpeg
train/cat/cat_00063.jpeg,cat,train,SUSPICIOUS_LABEL,589.68,122.93,76.06,0.0007,bulletproof vest,0.6507,data/Mid224/train/cat/cat_00063.jpeg
train/cat/cat_00064.jpeg,cat,train,SUSPICIOUS_LABEL,358.38,94.54,76.97,0.0308,Siberian husky,0.2578,data/Mid224/train/cat/cat_00064.jpeg
train/cat/cat_00065.jpeg,cat,train,SUSPICIOUS_LABEL,232.46,82.14,69.78,0.0016,bulletproof vest,0.543,data/Mid224/train/cat/cat_00065.jpeg
train/cat/cat_00068.jpeg,cat,train,SUSPICIOUS_LABEL,343.26,157.64,41.77,0.0004,holster,0.2361,data/Mid224/train/cat/cat_00068.jpeg
train/cat/cat_00072.jpeg,cat,train,SUSPICIOUS_LABEL,517.93,117.66,39.16,0.0039,breastplate,0.2098,data/Mid224/train/cat/cat_00072.jpeg
train/cat/cat_00074.jpeg,cat,train,SUSPICIOUS_LABEL,337.09,149.21,64.19,0.0015,espresso maker,0.4414,data/Mid224/train/cat/cat_00074.jpeg
train/cat/cat_00077.jpeg,cat,train,SUSPICIOUS_LABEL,449.08,116.93,65.68,0.0075,triceratops,0.3148,data/Mid224/train/cat/cat_00077.jpeg
train/cat/cat_00080.jpeg,cat,train,SUSPICIOUS_LABEL,461.17,109.35,51.22,0.0088,papillon,0.3114,data/Mid224/train/cat/cat_00080.jpeg
train/cat/cat_00082.jpeg,cat,train,SUSPICIOUS_LABEL,473.63,127.51,58.56,0.0149,assault rifle,0.2379,data/Mid224/train/cat/cat_00082.jpeg
train/cat/cat_00083.jpeg,cat,train,SUSPICIOUS_LABEL,215.67,124.56,47.14,0.0115,bulletproof vest,0.3178,data/Mid224/train/cat/cat_00083.jpeg
train/cat/cat_00085.jpeg,cat,train,SUSPICIOUS_LABEL,565.36,166.91,47.77,0.0158,isopod,0.5165,data/Mid224/train/cat/cat_00085.jpeg
train/cat/cat_00092.jpeg,cat,train,SUSPICIOUS_LABEL,305.62,100.48,50.43,0.003,African chameleon,0.4684,data/Mid224/train/cat/cat_00092.jpeg
train/cat/cat_00094.jpeg,cat,train,SUSPICIOUS_LABEL,269.24,127.1,55.74,0.0028,EntleBucher,0.331,data/Mid224/train/cat/cat_00094.jpeg
train/cat/cat_00096.jpeg,cat,train,SUSPICIOUS_LABEL,321.66,97.54,55.73,0.0045,toy terrier,0.4739,data/Mid224/train/cat/cat_00096.jpeg
train/cat/cat_00098.jpeg,cat,train,SUSPICIOUS_LABEL,321.62,128.36,48.02,0.0018,nipple,0.3698,data/Mid224/train/cat/cat_00098.jpeg
train/cat/cat_00099.jpeg,cat,train,SUSPICIOUS_LABEL,219.42,108.93,55.59,0.0342,Dandie Dinmont,0.4059,data/Mid224/train/cat/cat_00099.jpeg
train/cat/cat_00100.jpeg,cat,train,SUSPICIOUS_LABEL,173.18,102.87,46.48,0.009,bulletproof vest,0.442,data/Mid224/train/cat/cat_00100.jpeg
train/cat/cat_00101.jpeg,cat,train,SUSPICIOUS_LABEL,357.7,136.24,74.0,0.0095,bulletproof vest,0.7624,data/Mid224/train/cat/cat_00101.jpeg
train/cat/cat_00104.jpeg,cat,train,SUSPICIOUS_LABEL,232.4,121.28,38.19,0.0173,wall clock,0.334,data/Mid224/train/cat/cat_00104.jpeg
train/cat/cat_00109.jpeg,cat,train,SUSPICIOUS_LABEL,588.48,140.33,42.69,0.0029,thresher,0.2367,data/Mid224/train/cat/cat_00109.jpeg
train/cat/cat_00111.jpeg,cat,train,SUSPICIOUS_LABEL,328.7,108.84,55.78,0.0,revolver,0.3593,data/Mid224/train/cat/cat_00111.jpeg
train/cat/cat_00122.jpeg,cat,train,SUSPICIOUS_LABEL,791.16,170.17,55.3,0.0001,plate rack,0.7273,data/Mid224/train/cat/cat_00122.jpeg
train/cat/cat_00123.jpeg,cat,train,SUSPICIOUS_LABEL,494.22,111.78,46.49,0.0006,cassette player,0.6344,data/Mid224/train/cat/cat_00123.jpeg
train/cat/cat_00136.jpeg,cat,train,SUSPICIOUS_LABEL,176.99,125.66,37.95,0.0089,wire-haired fox terrier,0.6775,data/Mid224/train/cat/cat_00136.jpeg
train/cat/cat_00137.jpeg,cat,train,SUSPICIOUS_LABEL,800.17,109.41,55.5,0.0023,Old English sheepdog,0.2056,data/Mid224/train/cat/cat_00137.jpeg
train/cat/cat_00140.jpeg,cat,train,SUSPICIOUS_LABEL,3311.19,141.27,46.96,0.0259,German short-haired pointer,0.3515,data/Mid224/train/cat/cat_00140.jpeg
train/cat/cat_00156.jpeg,cat,train,SUSPICIOUS_LABEL,665.69,131.75,47.99,0.0168,fox squirrel,0.483,data/Mid224/train/cat/cat_00156.jpeg
train/cat/cat_00157.jpeg,cat,train,SUSPICIOUS_LABEL,204.23,81.08,66.74,0.0055,EntleBucher,0.2215,data/Mid224/train/cat/cat_00157.jpeg
train/cat/cat_00158.jpeg,cat,train,SUSPICIOUS_LABEL,522.07,139.81,53.59,0.0015,German short-haired pointer,0.2237,data/Mid224/train/cat/cat_00158.jpeg
train/cat/cat_00163.jpeg,cat,train,SUSPICIOUS_LABEL,1205.31,162.25,56.4,0.001,shoji,0.241,data/Mid224/train/cat/cat_00163.jpeg
train/cat/cat_00171.jpeg,cat,train,SUSPICIOUS_LABEL,283.36,118.18,39.11,0.0022,bulletproof vest,0.308,data/Mid224/train/cat/cat_00171.jpeg
train/cat/cat_00172.jpeg,cat,train,SUSPICIOUS_LABEL,309.24,100.0,37.87,0.0005,guillotine,0.3912,data/Mid224/train/cat/cat_00172.jpeg
train/cat/cat_00174.jpeg,cat,train,SUSPICIOUS_LABEL,461.54,105.46,52.24,0.0268,panpipe,0.4055,data/Mid224/train/cat/cat_00174.jpeg
train/cat/cat_00180.jpeg,cat,train,SUSPICIOUS_LABEL,107.03,126.14,27.37,0.0093,chain saw,0.2692,data/Mid224/train/cat/cat_00180.jpeg
train/cat/cat_00181.jpeg,cat,train,SUSPICIOUS_LABEL,392.81,140.18,35.72,0.0006,power drill,0.2567,data/Mid224/train/cat/cat_00181.jpeg
train/cat/cat_00186.jpeg,cat,train,SUSPICIOUS_LABEL,280.87,124.67,43.24,0.0004,knee pad,0.346,data/Mid224/train/cat/cat_00186.jpeg
train/cat/cat_00188.jpeg,cat,train,SUSPICIOUS_LABEL,405.81,135.9,63.94,0.0038,bulletproof vest,0.559,data/Mid224/train/cat/cat_00188.jpeg
train/cat/cat_00195.jpeg,cat,train,SUSPICIOUS_LABEL,736.03,115.92,65.17,0.0035,toy terrier,0.2653,data/Mid224/train/cat/cat_00195.jpeg
train/cat/cat_00200.jpeg,cat,train,SUSPICIOUS_LABEL,213.41,137.27,49.88,0.0015,snowmobile,0.4485,data/Mid224/train/cat/cat_00200.jpeg
train/cat/cat_00204.jpeg,cat,train,SUSPICIOUS_LABEL,249.31,130.67,47.2,0.0125,Cardigan,0.306,data/Mid224/train/cat/cat_00204.jpeg
train/cat/cat_00209.jpeg,cat,train,SUSPICIOUS_LABEL,337.38,143.29,41.71,0.0009,moving van,0.5045,data/Mid224/train/cat/cat_00209.jpeg
train/cat/cat_00210.jpeg,cat,train,SUSPICIOUS_LABEL,1542.78,103.37,48.95,0.0025,prison,0.8271,data/Mid224/train/cat/cat_00210.jpeg
train/cat/cat_00212.jpeg,cat,train,SUSPICIOUS_LABEL,134.17,114.48,33.14,0.0,knee pad,0.4618,data/Mid224/train/cat/cat_00212.jpeg
train/cat/cat_00213.jpeg,cat,train,SUSPICIOUS_LABEL,862.74,133.74,72.53,0.0029,wall clock,0.4592,data/Mid224/train/cat/cat_00213.jpeg
train/cat/cat_00225.jpeg,cat,train,SUSPICIOUS_LABEL,380.21,118.9,74.06,0.0188,Scotch terrier,0.3472,data/Mid224/train/cat/cat_00225.jpeg
train/cat/cat_00234.jpeg,cat,train,SUSPICIOUS_LABEL,1068.44,113.5,43.92,0.0018,fire screen,0.2302,data/Mid224/train/cat/cat_00234.jpeg
train/cat/cat_00249.jpeg,cat,train,SUSPICIOUS_LABEL,1109.5,118.27,74.51,0.0079,Border collie,0.6079,data/Mid224/train/cat/cat_00249.jpeg
train/cat/cat_00250.jpeg,cat,train,SUSPICIOUS_LABEL,530.89,129.83,41.25,0.0383,bulletproof vest,0.224,data/Mid224/train/cat/cat_00250.jpeg
train/cat/cat_00251.jpeg,cat,train,SUSPICIOUS_LABEL,233.66,120.78,61.58,0.0014,hatchet,0.2263,data/Mid224/train/cat/cat_00251.jpeg
train/cat/cat_00252.jpeg,cat,train,SUSPICIOUS_LABEL,334.05,102.89,46.04,0.0017,bluetick,0.2913,data/Mid224/train/cat/cat_00252.jpeg
train/cat/cat_00253.jpeg,cat,train,SUSPICIOUS_LABEL,498.98,106.42,50.88,0.0018,killer whale,0.287,data/Mid224/train/cat/cat_00253.jpeg
train/cat/cat_00256.jpeg,cat,train,SUSPICIOUS_LABEL,296.8,112.73,42.37,0.0079,Eskimo dog,0.3253,data/Mid224/train/cat/cat_00256.jpeg
train/cat/cat_00259.jpeg,cat,train,SUSPICIOUS_LABEL,557.35,111.37,49.09,0.0297,Japanese spaniel,0.2769,data/Mid224/train/cat/cat_00259.jpeg
train/cat/cat_00261.jpeg,cat,train,SUSPICIOUS_LABEL,174.58,109.31,48.4,0.005,guillotine,0.2261,data/Mid224/train/cat/cat_00261.jpeg
train/cat/cat_00269.jpeg,cat,train,SUSPICIOUS_LABEL,376.66,93.33,70.35,0.0006,can opener,0.3355,data/Mid224/train/cat/cat_00269.jpeg
train/cat/cat_00271.jpeg,cat,train,SUSPICIOUS_LABEL,645.85,102.68,57.72,0.0032,Japanese spaniel,0.2426,data/Mid224/train/cat/cat_00271.jpeg
train/cat/cat_00274.jpeg,cat,train,SUSPICIOUS_LABEL,142.33,75.76,52.35,0.0024,television,0.2773,data/Mid224/train/cat/cat_00274.jpeg
train/cat/cat_00276.jpeg,cat,train,SUSPICIOUS_LABEL,1327.11,132.84,56.13,0.0004,Scotch terrier,0.3539,data/Mid224/train/cat/cat_00276.jpeg
train/cat/cat_00283.jpeg,cat,train,SUSPICIOUS_LABEL,598.66,130.68,51.77,0.002,bulletproof vest,0.413,data/Mid224/train/cat/cat_00283.jpeg
train/cat/cat_00284.jpeg,cat,train,SUSPICIOUS_LABEL,296.61,134.38,41.61,0.0013,custard apple,0.3352,data/Mid224/train/cat/cat_00284.jpeg
train/cat/cat_00290.jpeg,cat,train,SUSPICIOUS_LABEL,747.09,122.56,41.67,0.016,prison,0.2202,data/Mid224/train/cat/cat_00290.jpeg
train/cat/cat_00294.jpeg,cat,train,SUSPICIOUS_LABEL,377.38,81.25,65.15,0.0048,can opener,0.416,data/Mid224/train/cat/cat_00294.jpeg
train/cat/cat_00297.jpeg,cat,train,SUSPICIOUS_LABEL,156.94,110.04,39.03,0.0062,groenendael,0.4367,data/Mid224/train/cat/cat_00297.jpeg
train/cat/cat_00301.jpeg,cat,train,SUSPICIOUS_LABEL,109.29,127.7,21.08,0.0028,can opener,0.2622,data/Mid224/train/cat/cat_00301.jpeg
train/cat/cat_00302.jpeg,cat,train,SUSPICIOUS_LABEL,181.41,108.05,40.51,0.0038,Sealyham terrier,0.2265,data/Mid224/train/cat/cat_00302.jpeg
train/cat/cat_00306.jpeg,cat,train,SUSPICIOUS_LABEL,395.45,118.04,41.38,0.011,jersey,0.236,data/Mid224/train/cat/cat_00306.jpeg
train/cat/cat_00308.jpeg,cat,train,SUSPICIOUS_LABEL,292.98,121.19,44.12,0.0025,bulletproof vest,0.6947,data/Mid224/train/cat/cat_00308.jpeg
train/cat/cat_00314.jpeg,cat,train,SUSPICIOUS_LABEL,289.9,116.8,43.15,0.003,can opener,0.2708,data/Mid224/train/cat/cat_00314.jpeg
train/cat/cat_00315.jpeg,cat,train,SUSPICIOUS_LABEL,466.93,91.59,51.55,0.0262,lotion,0.2256,data/Mid224/train/cat/cat_00315.jpeg
train/cat/cat_00316.jpeg,cat,train,SUSPICIOUS_LABEL,407.88,127.29,40.15,0.0027,Japanese spaniel,0.3841,data/Mid224/train/cat/cat_00316.jpeg
train/cat/cat_00321.jpeg,cat,train,SUSPICIOUS_LABEL,1663.83,105.12,69.82,0.0007,cocktail shaker,0.2105,data/Mid224/train/cat/cat_00321.jpeg
train/cat/cat_00328.jpeg,cat,train,SUSPICIOUS_LABEL,653.87,89.49,60.4,0.0117,Border collie,0.2967,data/Mid224/train/cat/cat_00328.jpeg
train/cat/cat_00329.jpeg,cat,train,SUSPICIOUS_LABEL,1417.04,106.31,68.04,0.0002,affenpinscher,0.2606,data/Mid224/train/cat/cat_00329.jpeg
train/cat/cat_00331.jpeg,cat,train,SUSPICIOUS_LABEL,299.25,103.69,51.61,0.0001,espresso maker,0.5092,data/Mid224/train/cat/cat_00331.jpeg
train/cat/cat_00334.jpeg,cat,train,SUSPICIOUS_LABEL,257.53,102.59,55.21,0.0003,assault rifle,0.2192,data/Mid224/train/cat/cat_00334.jpeg
train/cat/cat_00335.jpeg,cat,train,SUSPICIOUS_LABEL,926.25,126.21,75.65,0.0365,EntleBucher,0.3691,data/Mid224/train/cat/cat_00335.jpeg
train/cat/cat_00344.jpeg,cat,train,SUSPICIOUS_LABEL,341.76,133.53,61.29,0.0137,indri,0.8206,data/Mid224/train/cat/cat_00344.jpeg
train/cat/cat_00347.jpeg,cat,train,SUSPICIOUS_LABEL,439.92,84.83,54.24,0.0065,bulletproof vest,0.3872,data/Mid224/train/cat/cat_00347.jpeg
train/cat/cat_00353.jpeg,cat,train,SUSPICIOUS_LABEL,654.65,110.37,67.1,0.002,bulletproof vest,0.4636,data/Mid224/train/cat/cat_00353.jpeg
train/cat/cat_00358.jpeg,cat,train,SUSPICIOUS_LABEL,2000.24,131.6,68.13,0.0006,wire-haired fox terrier,0.5419,data/Mid224/train/cat/cat_00358.jpeg
train/cat/cat_00359.jpeg,cat,train,SUSPICIOUS_LABEL,337.06,163.4,67.79,0.0023,bulletproof vest,0.2144,data/Mid224/train/cat/cat_00359.jpeg
train/cat/cat_00363.jpeg,cat,train,SUSPICIOUS_LABEL,227.97,148.91,56.95,0.0025,Cardigan,0.4236,data/Mid224/train/cat/cat_00363.jpeg
train/cat/cat_00364.jpeg,cat,train,SUSPICIOUS_LABEL,804.63,139.09,79.95,0.0024,curly-coated retriever,0.4307,data/Mid224/train/cat/cat_00364.jpeg
train/cat/cat_00373.jpeg,cat,train,SUSPICIOUS_LABEL,490.1,137.11,44.44,0.0007,Bedlington terrier,0.2242,data/Mid224/train/cat/cat_00373.jpeg
train/cat/cat_00374.jpeg,cat,train,SUSPICIOUS_LABEL,248.29,114.78,57.44,0.007,Cardigan,0.4663,data/Mid224/train/cat/cat_00374.jpeg
train/cat/cat_00378.jpeg,cat,train,SUSPICIOUS_LABEL,206.08,113.62,43.44,0.0015,standard poodle,0.2802,data/Mid224/train/cat/cat_00378.jpeg
train/cat/cat_00386.jpeg,cat,train,SUSPICIOUS_LABEL,330.12,147.78,38.77,0.0017,parallel bars,0.3281,data/Mid224/train/cat/cat_00386.jpeg
train/cat/cat_00390.jpeg,cat,train,SUSPICIOUS_LABEL,326.01,119.64,47.41,0.0002,plane,0.4499,data/Mid224/train/cat/cat_00390.jpeg
train/cat/cat_00394.jpeg,cat,train,SUSPICIOUS_LABEL,285.6,124.31,48.32,0.0235,Sealyham terrier,0.2668,data/Mid224/train/cat/cat_00394.jpeg
train/cat/cat_00399.jpeg,cat,train,SUSPICIOUS_LABEL,206.97,113.46,39.58,0.0141,Cardigan,0.2273,data/Mid224/train/cat/cat_00399.jpeg
train/cat/cat_00401.jpeg,cat,train,SUSPICIOUS_LABEL,475.05,98.54,66.77,0.0001,moving van,0.2173,data/Mid224/train/cat/cat_00401.jpeg
train/cat/cat_00403.jpeg,cat,train,SUSPICIOUS_LABEL,159.98,81.46,42.27,0.0002,Japanese spaniel,0.3573,data/Mid224/train/cat/cat_00403.jpeg
train/cat/cat_00407.jpeg,cat,train,SUSPICIOUS_LABEL,713.74,129.54,43.78,0.0005,plate rack,0.413,data/Mid224/train/cat/cat_00407.jpeg
train/cat/cat_00410.jpeg,cat,train,SUSPICIOUS_LABEL,176.05,79.35,55.68,0.0373,groenendael,0.2267,data/Mid224/train/cat/cat_00410.jpeg
train/cat/cat_00412.jpeg,cat,train,SUSPICIOUS_LABEL,642.75,127.0,50.04,0.0138,bulletproof vest,0.2705,data/Mid224/train/cat/cat_00412.jpeg
train/cat/cat_00419.jpeg,cat,train,SUSPICIOUS_LABEL,367.46,150.46,49.81,0.0139,snowmobile,0.2146,data/Mid224/train/cat/cat_00419.jpeg
train/cat/cat_00421.jpeg,cat,train,SUSPICIOUS_LABEL,397.92,108.07,51.95,0.0009,bulletproof vest,0.2465,data/Mid224/train/cat/cat_00421.jpeg
train/cat/cat_00428.jpeg,cat,train,SUSPICIOUS_LABEL,1750.18,99.06,60.16,0.0221,prison,0.4575,data/Mid224/train/cat/cat_00428.jpeg
train/cat/cat_00430.jpeg,cat,train,SUSPICIOUS_LABEL,309.5,118.5,78.41,0.0007,espresso maker,0.3331,data/Mid224/train/cat/cat_00430.jpeg
train/cat/cat_00432.jpeg,cat,train,SUSPICIOUS_LABEL,360.05,145.51,48.59,0.0013,plate rack,0.2217,data/Mid224/train/cat/cat_00432.jpeg
train/cat/cat_00437.jpeg,cat,train,SUSPICIOUS_LABEL,137.22,113.66,45.04,0.0186,white wolf,0.3237,data/Mid224/train/cat/cat_00437.jpeg
train/cat/cat_00441.jpeg,cat,train,SUSPICIOUS_LABEL,248.14,114.11,70.82,0.0173,pickelhaube,0.2046,data/Mid224/train/cat/cat_00441.jpeg
train/cat/cat_00442.jpeg,cat,train,SUSPICIOUS_LABEL,337.17,126.56,47.21,0.0032,English foxhound,0.6253,data/Mid224/train/cat/cat_00442.jpeg
train/cat/cat_00450.jpeg,cat,train,SUSPICIOUS_LABEL,156.43,75.84,43.89,0.0048,papillon,0.4368,data/Mid224/train/cat/cat_00450.jpeg
train/cat/cat_00451.jpeg,cat,train,SUSPICIOUS_LABEL,407.97,88.11,64.77,0.0007,Border collie,0.4812,data/Mid224/train/cat/cat_00451.jpeg
train/cat/cat_00453.jpeg,cat,train,SUSPICIOUS_LABEL,616.59,134.89,73.31,0.0032,chain saw,0.2657,data/Mid224/train/cat/cat_00453.jpeg
train/cat/cat_00454.jpeg,cat,train,SUSPICIOUS_LABEL,160.28,133.15,26.49,0.0018,bulletproof vest,0.2165,data/Mid224/train/cat/cat_00454.jpeg
train/cat/cat_00455.jpeg,cat,train,SUSPICIOUS_LABEL,565.23,122.19,32.92,0.0025,bulletproof vest,0.7331,data/Mid224/train/cat/cat_00455.jpeg
train/cat/cat_00460.jpeg,cat,train,SUSPICIOUS_LABEL,659.73,122.22,45.77,0.0142,prison,0.2411,data/Mid224/train/cat/cat_00460.jpeg
train/cat/cat_00462.jpeg,cat,train,SUSPICIOUS_LABEL,732.39,129.88,61.25,0.0033,bulletproof vest,0.4558,data/Mid224/train/cat/cat_00462.jpeg
train/cat/cat_00470.jpeg,cat,train,SUSPICIOUS_LABEL,292.15,127.13,44.84,0.0003,guillotine,0.7402,data/Mid224/train/cat/cat_00470.jpeg
train/cat/cat_00472.jpeg,cat,train,SUSPICIOUS_LABEL,544.48,137.08,61.88,0.0114,Sussex spaniel,0.271,data/Mid224/train/cat/cat_00472.jpeg
train/cat/cat_00475.jpeg,cat,train,SUSPICIOUS_LABEL,597.71,103.12,53.57,0.0011,prison,0.25,data/Mid224/train/cat/cat_00475.jpeg
train/cat/cat_00477.jpeg,cat,train,SUSPICIOUS_LABEL,437.89,114.44,68.38,0.0002,Japanese spaniel,0.746,data/Mid224/train/cat/cat_00477.jpeg
train/cat/cat_00478.jpeg,cat,train,SUSPICIOUS_LABEL,1133.33,131.2,47.78,0.0001,plane,0.8374,data/Mid224/train/cat/cat_00478.jpeg
train/cat/cat_00483.jpeg,cat,train,SUSPICIOUS_LABEL,415.74,133.33,76.79,0.0004,revolver,0.6848,data/Mid224/train/cat/cat_00483.jpeg
train/cat/cat_00486.jpeg,cat,train,SUSPICIOUS_LABEL,460.82,112.55,35.77,0.005,space shuttle,0.3065,data/Mid224/train/cat/cat_00486.jpeg
train/cat/cat_00488.jpeg,cat,train,SUSPICIOUS_LABEL,311.4,103.38,54.54,0.0042,space shuttle,0.444,data/Mid224/train/cat/cat_00488.jpeg
train/cat/cat_00490.jpeg,cat,train,SUSPICIOUS_LABEL,228.32,123.95,33.93,0.003,mousetrap,0.3521,data/Mid224/train/cat/cat_00490.jpeg
train/cat/cat_00491.jpeg,cat,train,SUSPICIOUS_LABEL,487.36,162.04,55.96,0.0209,Cardigan,0.6644,data/Mid224/train/cat/cat_00491.jpeg
train/cat/cat_00492.jpeg,cat,train,SUSPICIOUS_LABEL,269.85,133.75,40.26,0.0009,can opener,0.3065,data/Mid224/train/cat/cat_00492.jpeg
train/cat/cat_00494.jpeg,cat,train,SUSPICIOUS_LABEL,356.4,122.37,68.19,0.0242,bearskin,0.4719,data/Mid224/train/cat/cat_00494.jpeg
train/cat/cat_00498.jpeg,cat,train,SUSPICIOUS_LABEL,1274.9,102.65,60.18,0.011,prison,0.2902,data/Mid224/train/cat/cat_00498.jpeg
train/cat/cat_00500.jpeg,cat,train,SUSPICIOUS_LABEL,293.1,125.1,44.41,0.0056,guillotine,0.2395,data/Mid224/train/cat/cat_00500.jpeg
train/cat/cat_00501.jpeg,cat,train,SUSPICIOUS_LABEL,234.37,108.23,48.52,0.0048,studio couch,0.332,data/Mid224/train/cat/cat_00501.jpeg
train/cat/cat_00505.jpeg,cat,train,SUSPICIOUS_LABEL,433.11,95.91,43.37,0.0054,academic gown,0.2902,data/Mid224/train/cat/cat_00505.jpeg
train/cat/cat_00508.jpeg,cat,train,SUSPICIOUS_LABEL,1394.06,111.49,64.52,0.0003,plate rack,0.3971,data/Mid224/train/cat/cat_00508.jpeg
train/cat/cat_00510.jpeg,cat,train,SUSPICIOUS_LABEL,242.85,139.36,32.57,0.0031,switch,0.2721,data/Mid224/train/cat/cat_00510.jpeg
train/cat/cat_00515.jpeg,cat,train,SUSPICIOUS_LABEL,345.75,142.17,44.73,0.0024,half track,0.2588,data/Mid224/train/cat/cat_00515.jpeg
train/cat/cat_00517.jpeg,cat,train,SUSPICIOUS_LABEL,196.63,129.25,37.72,0.0094,guillotine,0.3206,data/Mid224/train/cat/cat_00517.jpeg
train/cat/cat_00519.jpeg,cat,train,SUSPICIOUS_LABEL,532.24,102.6,52.93,0.0051,chain saw,0.2632,data/Mid224/train/cat/cat_00519.jpeg
train/cat/cat_00520.jpeg,cat,train,SUSPICIOUS_LABEL,281.57,133.47,45.67,0.0029,wire-haired fox terrier,0.5697,data/Mid224/train/cat/cat_00520.jpeg
train/cat/cat_00527.jpeg,cat,train,SUSPICIOUS_LABEL,577.44,117.67,39.71,0.0014,solar dish,0.2292,data/Mid224/train/cat/cat_00527.jpeg
train/cat/cat_00534.jpeg,cat,train,SUSPICIOUS_LABEL,347.0,107.15,63.84,0.0478,weasel,0.3602,data/Mid224/train/cat/cat_00534.jpeg
train/cat/cat_00536.jpeg,cat,train,SUSPICIOUS_LABEL,296.97,105.86,43.28,0.0136,Dandie Dinmont,0.3108,data/Mid224/train/cat/cat_00536.jpeg
train/cat/cat_00537.jpeg,cat,train,SUSPICIOUS_LABEL,318.01,116.4,45.49,0.0455,can opener,0.3495,data/Mid224/train/cat/cat_00537.jpeg
train/cat/cat_00550.jpeg,cat,train,SUSPICIOUS_LABEL,300.98,139.65,43.65,0.0018,Boston bull,0.2848,data/Mid224/train/cat/cat_00550.jpeg
train/cat/cat_00558.jpeg,cat,train,SUSPICIOUS_LABEL,310.09,130.64,83.1,0.0004,sloth bear,0.7909,data/Mid224/train/cat/cat_00558.jpeg
train/cat/cat_00560.jpeg,cat,train,SUSPICIOUS_LABEL,263.47,129.19,51.8,0.0036,wire-haired fox terrier,0.7267,data/Mid224/train/cat/cat_00560.jpeg
train/cat/cat_00564.jpeg,cat,train,SUSPICIOUS_LABEL,367.47,125.97,44.2,0.0098,half track,0.3389,data/Mid224/train/cat/cat_00564.jpeg
train/cat/cat_00567.jpeg,cat,train,SUSPICIOUS_LABEL,747.08,81.03,52.35,0.0001,prison,0.8212,data/Mid224/train/cat/cat_00567.jpeg
train/cat/cat_00568.jpeg,cat,train,SUSPICIOUS_LABEL,296.82,99.09,49.81,0.0257,airliner,0.2036,data/Mid224/train/cat/cat_00568.jpeg
train/cat/cat_00569.jpeg,cat,train,SUSPICIOUS_LABEL,310.56,128.24,54.26,0.0008,wire-haired fox terrier,0.4776,data/Mid224/train/cat/cat_00569.jpeg
train/cat/cat_00571.jpeg,cat,train,SUSPICIOUS_LABEL,340.76,138.69,60.96,0.0433,toy terrier,0.2173,data/Mid224/train/cat/cat_00571.jpeg
train/cat/cat_00572.jpeg,cat,train,SUSPICIOUS_LABEL,323.04,113.56,60.73,0.0067,plane,0.3341,data/Mid224/train/cat/cat_00572.jpeg
train/cat/cat_00573.jpeg,cat,train,SUSPICIOUS_LABEL,961.31,117.23,62.32,0.0285,toy terrier,0.3061,data/Mid224/train/cat/cat_00573.jpeg
train/cat/cat_00575.jpeg,cat,train,SUSPICIOUS_LABEL,242.62,91.24,50.17,0.024,Cardigan,0.2758,data/Mid224/train/cat/cat_00575.jpeg
train/cat/cat_00578.jpeg,cat,train,SUSPICIOUS_LABEL,230.49,78.3,63.07,0.0032,space shuttle,0.2531,data/Mid224/train/cat/cat_00578.jpeg
train/cat/cat_00579.jpeg,cat,train,SUSPICIOUS_LABEL,300.66,129.41,47.74,0.0021,Kerry blue terrier,0.4955,data/Mid224/train/cat/cat_00579.jpeg
train/cat/cat_00581.jpeg,cat,train,SUSPICIOUS_LABEL,461.48,88.6,42.67,0.0081,fox squirrel,0.3276,data/Mid224/train/cat/cat_00581.jpeg
train/cat/cat_00582.jpeg,cat,train,SUSPICIOUS_LABEL,203.07,79.21,48.12,0.0049,groenendael,0.5738,data/Mid224/train/cat/cat_00582.jpeg
train/cat/cat_00583.jpeg,cat,train,SUSPICIOUS_LABEL,345.04,104.67,61.53,0.0049,amphibian,0.3755,data/Mid224/train/cat/cat_00583.jpeg
train/cat/cat_00584.jpeg,cat,train,SUSPICIOUS_LABEL,263.18,128.07,40.52,0.0004,colobus,0.342,data/Mid224/train/cat/cat_00584.jpeg
train/cat/cat_00591.jpeg,cat,train,SUSPICIOUS_LABEL,265.69,128.48,54.35,0.0026,Arctic fox,0.6091,data/Mid224/train/cat/cat_00591.jpeg
train/cat/cat_00595.jpeg,cat,train,UNDEREXPOSED,144.08,27.52,23.37,0.0066,nematode,0.0151,data/Mid224/train/cat/cat_00595.jpeg
train/cat/cat_00598.jpeg,cat,train,SUSPICIOUS_LABEL,244.57,114.02,42.84,0.0,space shuttle,0.6842,data/Mid224/train/cat/cat_00598.jpeg
train/cat/cat_00600.jpeg,cat,train,SUSPICIOUS_LABEL,208.2,103.31,72.11,0.002,schipperke,0.2181,data/Mid224/train/cat/cat_00600.jpeg
train/cat/cat_00607.jpeg,cat,train,SUSPICIOUS_LABEL,258.52,98.82,49.53,0.0007,affenpinscher,0.382,data/Mid224/train/cat/cat_00607.jpeg
train/cat/cat_00609.jpeg,cat,train,SUSPICIOUS_LABEL,308.03,111.75,51.87,0.0027,toy terrier,0.5104,data/Mid224/train/cat/cat_00609.jpeg
train/cat/cat_00612.jpeg,cat,train,SUSPICIOUS_LABEL,634.39,129.73,47.63,0.0063,toy terrier,0.2259,data/Mid224/train/cat/cat_00612.jpeg
train/cat/cat_00618.jpeg,cat,train,SUSPICIOUS_LABEL,404.97,130.81,47.77,0.0002,neck brace,0.3729,data/Mid224/train/cat/cat_00618.jpeg
train/cat/cat_00620.jpeg,cat,train,SUSPICIOUS_LABEL,522.51,124.0,44.18,0.0002,guillotine,0.3213,data/Mid224/train/cat/cat_00620.jpeg
train/cat/cat_00623.jpeg,cat,train,SUSPICIOUS_LABEL,406.21,183.34,45.94,0.0091,fox squirrel,0.2204,data/Mid224/train/cat/cat_00623.jpeg
train/cat/cat_00627.jpeg,cat,train,SUSPICIOUS_LABEL,242.78,50.94,57.66,0.0041,guillotine,0.2188,data/Mid224/train/cat/cat_00627.jpeg
train/cat/cat_00638.jpeg,cat,train,SUSPICIOUS_LABEL,636.46,120.58,50.65,0.0027,bulletproof vest,0.2229,data/Mid224/train/cat/cat_00638.jpeg
train/cat/cat_00640.jpeg,cat,train,SUSPICIOUS_LABEL,564.88,122.86,77.86,0.0014,Japanese spaniel,0.237,data/Mid224/train/cat/cat_00640.jpeg
train/cat/cat_00648.jpeg,cat,train,SUSPICIOUS_LABEL,282.85,70.21,54.9,0.0035,Cardigan,0.2553,data/Mid224/train/cat/cat_00648.jpeg
train/cat/cat_00649.jpeg,cat,train,SUSPICIOUS_LABEL,357.83,111.78,38.53,0.0002,wire-haired fox terrier,0.6539,data/Mid224/train/cat/cat_00649.jpeg
train/cat/cat_00650.jpeg,cat,train,SUSPICIOUS_LABEL,196.65,99.08,42.51,0.0067,wire-haired fox terrier,0.2822,data/Mid224/train/cat/cat_00650.jpeg
train/cat/cat_00655.jpeg,cat,train,SUSPICIOUS_LABEL,293.63,125.9,69.72,0.003,groenendael,0.3067,data/Mid224/train/cat/cat_00655.jpeg
train/cat/cat_00657.jpeg,cat,train,SUSPICIOUS_LABEL,335.11,95.53,73.78,0.0028,Kerry blue terrier,0.2598,data/Mid224/train/cat/cat_00657.jpeg
train/cat/cat_00658.jpeg,cat,train,SUSPICIOUS_LABEL,370.2,115.31,48.62,0.0496,guillotine,0.2061,data/Mid224/train/cat/cat_00658.jpeg
train/cat/cat_00660.jpeg,cat,train,SUSPICIOUS_LABEL,638.27,161.2,59.94,0.0119,can opener,0.2057,data/Mid224/train/cat/cat_00660.jpeg
train/cat/cat_00661.jpeg,cat,train,SUSPICIOUS_LABEL,367.46,104.34,41.39,0.0034,Cardigan,0.6424,data/Mid224/train/cat/cat_00661.jpeg
train/cat/cat_00669.jpeg,cat,train,SUSPICIOUS_LABEL,655.4,96.04,59.48,0.0054,red-breasted merganser,0.3859,data/Mid224/train/cat/cat_00669.jpeg
train/cat/cat_00671.jpeg,cat,train,SUSPICIOUS_LABEL,422.26,145.77,45.22,0.0011,screen,0.2418,data/Mid224/train/cat/cat_00671.jpeg
train/cat/cat_00682.jpeg,cat,train,SUSPICIOUS_LABEL,271.87,133.86,57.85,0.0122,curly-coated retriever,0.42,data/Mid224/train/cat/cat_00682.jpeg
train/cat/cat_00683.jpeg,cat,train,SUSPICIOUS_LABEL,373.54,126.57,78.8,0.0053,black grouse,0.4012,data/Mid224/train/cat/cat_00683.jpeg
train/cat/cat_00684.jpeg,cat,train,SUSPICIOUS_LABEL,435.95,139.38,47.07,0.0036,tank,0.2372,data/Mid224/train/cat/cat_00684.jpeg
train/cat/cat_00690.jpeg,cat,train,SUSPICIOUS_LABEL,2138.56,123.52,62.99,0.0007,shopping cart,0.2412,data/Mid224/train/cat/cat_00690.jpeg
train/cat/cat_00697.jpeg,cat,train,SUSPICIOUS_LABEL,357.16,93.83,52.74,0.0029,punching bag,0.2573,data/Mid224/train/cat/cat_00697.jpeg
train/cat/cat_00699.jpeg,cat,train,SUSPICIOUS_LABEL,329.05,136.4,72.75,0.0312,studio couch,0.2715,data/Mid224/train/cat/cat_00699.jpeg
train/cat/cat_00703.jpeg,cat,train,SUSPICIOUS_LABEL,305.21,137.19,52.29,0.0011,bobsled,0.2833,data/Mid224/train/cat/cat_00703.jpeg
train/cat/cat_00705.jpeg,cat,train,SUSPICIOUS_LABEL,202.25,101.83,66.32,0.0004,airship,0.5164,data/Mid224/train/cat/cat_00705.jpeg
train/cat/cat_00710.jpeg,cat,train,SUSPICIOUS_LABEL,356.82,121.1,65.21,0.0014,Border collie,0.4938,data/Mid224/train/cat/cat_00710.jpeg
train/cat/cat_00715.jpeg,cat,train,SUSPICIOUS_LABEL,322.99,78.74,53.0,0.0135,Japanese spaniel,0.2314,data/Mid224/train/cat/cat_00715.jpeg
train/cat/cat_00716.jpeg,cat,train,SUSPICIOUS_LABEL,360.18,107.81,41.56,0.0008,Japanese spaniel,0.2554,data/Mid224/train/cat/cat_00716.jpeg
train/cat/cat_00725.jpeg,cat,train,SUSPICIOUS_LABEL,288.36,145.86,39.17,0.0006,bulletproof vest,0.2104,data/Mid224/train/cat/cat_00725.jpeg
train/cat/cat_00728.jpeg,cat,train,SUSPICIOUS_LABEL,945.68,119.02,55.26,0.0063,Kerry blue terrier,0.2051,data/Mid224/train/cat/cat_00728.jpeg
train/cat/cat_00729.jpeg,cat,train,SUSPICIOUS_LABEL,560.63,91.94,62.19,0.0001,upright,0.6766,data/Mid224/train/cat/cat_00729.jpeg
train/cat/cat_00731.jpeg,cat,train,SUSPICIOUS_LABEL,350.75,107.67,52.84,0.0011,Japanese spaniel,0.2812,data/Mid224/train/cat/cat_00731.jpeg
train/cat/cat_00742.jpeg,cat,train,SUSPICIOUS_LABEL,444.22,124.77,60.7,0.001,microwave,0.2129,data/Mid224/train/cat/cat_00742.jpeg
train/cat/cat_00745.jpeg,cat,train,SUSPICIOUS_LABEL,212.68,118.26,31.1,0.0066,bluetick,0.3741,data/Mid224/train/cat/cat_00745.jpeg
train/cat/cat_00754.jpeg,cat,train,SUSPICIOUS_LABEL,143.07,53.93,65.72,0.0031,groenendael,0.2133,data/Mid224/train/cat/cat_00754.jpeg
train/cat/cat_00756.jpeg,cat,train,SUSPICIOUS_LABEL,478.65,131.4,64.12,0.0126,toy terrier,0.3295,data/Mid224/train/cat/cat_00756.jpeg
train/cat/cat_00758.jpeg,cat,train,SUSPICIOUS_LABEL,311.06,110.32,49.02,0.0,plane,0.296,data/Mid224/train/cat/cat_00758.jpeg
train/cat/cat_00766.jpeg,cat,train,SUSPICIOUS_LABEL,454.07,100.15,40.7,0.0001,carpenter's kit,0.8412,data/Mid224/train/cat/cat_00766.jpeg
train/cat/cat_00768.jpeg,cat,train,SUSPICIOUS_LABEL,486.75,113.77,48.32,0.0001,thresher,0.2024,data/Mid224/train/cat/cat_00768.jpeg
train/cat/cat_00775.jpeg,cat,train,SUSPICIOUS_LABEL,502.5,136.26,53.34,0.0016,nipple,0.2153,data/Mid224/train/cat/cat_00775.jpeg
train/cat/cat_00777.jpeg,cat,train,SUSPICIOUS_LABEL,351.7,90.62,42.1,0.0019,clumber,0.2844,data/Mid224/train/cat/cat_00777.jpeg
train/cat/cat_00783.jpeg,cat,train,SUSPICIOUS_LABEL,425.26,92.48,58.87,0.0107,Maltese dog,0.2074,data/Mid224/train/cat/cat_00783.jpeg
train/cat/cat_00788.jpeg,cat,train,SUSPICIOUS_LABEL,1374.48,129.4,34.41,0.0196,studio couch,0.4608,data/Mid224/train/cat/cat_00788.jpeg
train/cat/cat_00793.jpeg,cat,train,SUSPICIOUS_LABEL,881.24,111.06,50.66,0.0037,printer,0.5128,data/Mid224/train/cat/cat_00793.jpeg
train/cat/cat_00796.jpeg,cat,train,SUSPICIOUS_LABEL,159.66,140.93,47.35,0.0136,space shuttle,0.2007,data/Mid224/train/cat/cat_00796.jpeg
train/cat/cat_00798.jpeg,cat,train,SUSPICIOUS_LABEL,343.07,88.49,49.11,0.0072,plate rack,0.4157,data/Mid224/train/cat/cat_00798.jpeg
train/cat/cat_00799.jpeg,cat,train,SUSPICIOUS_LABEL,406.67,129.18,35.02,0.0081,fire screen,0.3533,data/Mid224/train/cat/cat_00799.jpeg
train/cat/cat_00800.jpeg,cat,train,SUSPICIOUS_LABEL,226.24,118.31,52.3,0.0012,container ship,0.2703,data/Mid224/train/cat/cat_00800.jpeg
train/cat/cat_00801.jpeg,cat,train,SUSPICIOUS_LABEL,944.58,110.23,53.64,0.0256,cocktail shaker,0.238,data/Mid224/train/cat/cat_00801.jpeg
train/cat/cat_00803.jpeg,cat,train,SUSPICIOUS_LABEL,350.23,140.8,45.29,0.012,bulletproof vest,0.6322,data/Mid224/train/cat/cat_00803.jpeg
train/cat/cat_00806.jpeg,cat,train,SUSPICIOUS_LABEL,337.85,113.58,38.55,0.003,fire screen,0.2765,data/Mid224/train/cat/cat_00806.jpeg
train/cat/cat_00809.jpeg,cat,train,SUSPICIOUS_LABEL,220.84,151.7,53.88,0.0281,space shuttle,0.2242,data/Mid224/train/cat/cat_00809.jpeg
train/cat/cat_00811.jpeg,cat,train,SUSPICIOUS_LABEL,783.84,79.6,55.2,0.0,milk can,0.4219,data/Mid224/train/cat/cat_00811.jpeg
train/cat/cat_00819.jpeg,cat,train,SUSPICIOUS_LABEL,315.23,81.52,51.73,0.0006,bulletproof vest,0.992,data/Mid224/train/cat/cat_00819.jpeg
train/cat/cat_00820.jpeg,cat,train,SUSPICIOUS_LABEL,294.35,112.72,64.0,0.0398,wire-haired fox terrier,0.3219,data/Mid224/train/cat/cat_00820.jpeg
train/cat/cat_00835.jpeg,cat,train,SUSPICIOUS_LABEL,234.57,94.29,63.5,0.0046,kelpie,0.6797,data/Mid224/train/cat/cat_00835.jpeg
train/cat/cat_00838.jpeg,cat,train,SUSPICIOUS_LABEL,626.69,103.06,73.71,0.0031,Border collie,0.3048,data/Mid224/train/cat/cat_00838.jpeg
train/cat/cat_00842.jpeg,cat,train,SUSPICIOUS_LABEL,1900.7,139.01,48.72,0.0035,dishwasher,0.279,data/Mid224/train/cat/cat_00842.jpeg
train/cat/cat_00846.jpeg,cat,train,SUSPICIOUS_LABEL,294.08,136.17,35.64,0.0159,revolver,0.5226,data/Mid224/train/cat/cat_00846.jpeg
train/cat/cat_00849.jpeg,cat,train,SUSPICIOUS_LABEL,662.58,112.32,52.24,0.0128,Cardigan,0.4052,data/Mid224/train/cat/cat_00849.jpeg
train/cat/cat_00852.jpeg,cat,train,SUSPICIOUS_LABEL,1346.14,151.7,55.97,0.0014,prison,0.326,data/Mid224/train/cat/cat_00852.jpeg
train/cat/cat_00858.jpeg,cat,train,SUSPICIOUS_LABEL,240.2,131.36,64.2,0.0045,ice bear,0.3297,data/Mid224/train/cat/cat_00858.jpeg
train/cat/cat_00860.jpeg,cat,train,SUSPICIOUS_LABEL,527.91,128.83,40.44,0.0076,bulletproof vest,0.3184,data/Mid224/train/cat/cat_00860.jpeg
train/cat/cat_00861.jpeg,cat,train,SUSPICIOUS_LABEL,275.06,145.99,46.48,0.0186,bulletproof vest,0.34,data/Mid224/train/cat/cat_00861.jpeg
train/cat/cat_00866.jpeg,cat,train,SUSPICIOUS_LABEL,460.12,125.2,56.4,0.0268,wire-haired fox terrier,0.3181,data/Mid224/train/cat/cat_00866.jpeg
train/cat/cat_00871.jpeg,cat,train,SUSPICIOUS_LABEL,1111.55,149.94,66.28,0.0154,EntleBucher,0.2049,data/Mid224/train/cat/cat_00871.jpeg
train/cat/cat_00874.jpeg,cat,train,SUSPICIOUS_LABEL,199.45,129.56,39.62,0.016,Border collie,0.2684,data/Mid224/train/cat/cat_00874.jpeg
train/cat/cat_00876.jpeg,cat,train,SUSPICIOUS_LABEL,767.72,109.99,57.24,0.0109,Windsor tie,0.3172,data/Mid224/train/cat/cat_00876.jpeg
train/cat/cat_00878.jpeg,cat,train,SUSPICIOUS_LABEL,220.98,121.41,55.83,0.0455,can opener,0.2027,data/Mid224/train/cat/cat_00878.jpeg
train/cat/cat_00882.jpeg,cat,train,SUSPICIOUS_LABEL,173.09,153.06,48.76,0.0063,revolver,0.4786,data/Mid224/train/cat/cat_00882.jpeg
train/cat/cat_00883.jpeg,cat,train,SUSPICIOUS_LABEL,287.52,104.27,44.66,0.0333,comic book,0.2237,data/Mid224/train/cat/cat_00883.jpeg
train/cat/cat_00887.jpeg,cat,train,SUSPICIOUS_LABEL,526.01,130.79,44.6,0.0129,hog,0.2827,data/Mid224/train/cat/cat_00887.jpeg
train/cat/cat_00893.jpeg,cat,train,SUSPICIOUS_LABEL,1227.2,97.42,55.21,0.0004,plate rack,0.2729,data/Mid224/train/cat/cat_00893.jpeg
train/cat/cat_00894.jpeg,cat,train,SUSPICIOUS_LABEL,388.02,81.36,65.82,0.0074,EntleBucher,0.3438,data/Mid224/train/cat/cat_00894.jpeg
train/cat/cat_00897.jpeg,cat,train,SUSPICIOUS_LABEL,331.35,138.06,41.25,0.0232,weasel,0.3282,data/Mid224/train/cat/cat_00897.jpeg
train/cat/cat_00899.jpeg,cat,train,SUSPICIOUS_LABEL,328.57,130.91,31.47,0.005,mousetrap,0.3897,data/Mid224/train/cat/cat_00899.jpeg
train/cat/cat_00900.jpeg,cat,train,SUSPICIOUS_LABEL,224.14,105.38,54.06,0.0227,Cardigan,0.3467,data/Mid224/train/cat/cat_00900.jpeg
train/cat/cat_00901.jpeg,cat,train,SUSPICIOUS_LABEL,378.21,135.94,62.6,0.0007,whiskey jug,0.3012,data/Mid224/train/cat/cat_00901.jpeg
train/cat/cat_00905.jpeg,cat,train,SUSPICIOUS_LABEL,1291.39,121.67,52.56,0.0135,comic book,0.6262,data/Mid224/train/cat/cat_00905.jpeg
train/cat/cat_00908.jpeg,cat,train,SUSPICIOUS_LABEL,293.06,107.14,72.59,0.0073,EntleBucher,0.231,data/Mid224/train/cat/cat_00908.jpeg
train/cat/cat_00909.jpeg,cat,train,SUSPICIOUS_LABEL,554.06,103.79,52.07,0.0037,Japanese spaniel,0.3654,data/Mid224/train/cat/cat_00909.jpeg
train/cat/cat_00910.jpeg,cat,train,SUSPICIOUS_LABEL,378.77,154.57,82.44,0.0033,American black bear,0.4509,data/Mid224/train/cat/cat_00910.jpeg
train/cat/cat_00915.jpeg,cat,train,SUSPICIOUS_LABEL,303.54,147.3,49.83,0.0225,chain saw,0.3044,data/Mid224/train/cat/cat_00915.jpeg
train/cat/cat_00916.jpeg,cat,train,SUSPICIOUS_LABEL,335.91,130.65,70.04,0.0046,bulletproof vest,0.7817,data/Mid224/train/cat/cat_00916.jpeg
train/cat/cat_00917.jpeg,cat,train,SUSPICIOUS_LABEL,368.99,138.08,44.14,0.0321,bluetick,0.2044,data/Mid224/train/cat/cat_00917.jpeg
train/cat/cat_00920.jpeg,cat,train,SUSPICIOUS_LABEL,288.59,115.87,67.71,0.0127,Doberman,0.2425,data/Mid224/train/cat/cat_00920.jpeg
train/cat/cat_00922.jpeg,cat,train,SUSPICIOUS_LABEL,203.08,112.95,80.34,0.0066,schipperke,0.2463,data/Mid224/train/cat/cat_00922.jpeg
train/cat/cat_00929.jpeg,cat,train,SUSPICIOUS_LABEL,444.53,98.42,61.74,0.0035,schipperke,0.4274,data/Mid224/train/cat/cat_00929.jpeg
train/cat/cat_00930.jpeg,cat,train,SUSPICIOUS_LABEL,391.04,107.78,66.77,0.0045,EntleBucher,0.2612,data/Mid224/train/cat/cat_00930.jpeg
train/cat/cat_00938.jpeg,cat,train,SUSPICIOUS_LABEL,84.83,76.51,54.75,0.0035,Bouvier des Flandres,0.2302,data/Mid224/train/cat/cat_00938.jpeg
train/cat/cat_00939.jpeg,cat,train,SUSPICIOUS_LABEL,308.76,122.49,66.28,0.0037,bulletproof vest,0.2417,data/Mid224/train/cat/cat_00939.jpeg
train/cat/cat_00942.jpeg,cat,train,SUSPICIOUS_LABEL,772.08,122.16,38.11,0.0011,Japanese spaniel,0.316,data/Mid224/train/cat/cat_00942.jpeg
train/cat/cat_00945.jpeg,cat,train,SUSPICIOUS_LABEL,216.23,88.48,34.28,0.0004,file,0.2764,data/Mid224/train/cat/cat_00945.jpeg
train/cat/cat_00948.jpeg,cat,train,SUSPICIOUS_LABEL,307.05,143.72,52.98,0.0174,Sealyham terrier,0.4278,data/Mid224/train/cat/cat_00948.jpeg
train/cat/cat_00950.jpeg,cat,train,SUSPICIOUS_LABEL,927.16,141.51,69.64,0.0014,moving van,0.5679,data/Mid224/train/cat/cat_00950.jpeg
train/cat/cat_00953.jpeg,cat,train,SUSPICIOUS_LABEL,336.69,97.09,70.14,0.0106,Japanese spaniel,0.4604,data/Mid224/train/cat/cat_00953.jpeg
train/cat/cat_00956.jpeg,cat,train,SUSPICIOUS_LABEL,303.01,115.47,39.82,0.0008,wire-haired fox terrier,0.355,data/Mid224/train/cat/cat_00956.jpeg
train/cat/cat_00957.jpeg,cat,train,SUSPICIOUS_LABEL,273.6,140.11,67.81,0.01,Japanese spaniel,0.2868,data/Mid224/train/cat/cat_00957.jpeg
train/cat/cat_00959.jpeg,cat,train,SUSPICIOUS_LABEL,434.51,117.53,43.33,0.0374,comic book,0.2685,data/Mid224/train/cat/cat_00959.jpeg
train/cat/cat_00960.jpeg,cat,train,SUSPICIOUS_LABEL,509.71,105.36,44.68,0.0003,power drill,0.4071,data/Mid224/train/cat/cat_00960.jpeg
train/cat/cat_00962.jpeg,cat,train,SUSPICIOUS_LABEL,679.4,121.57,37.46,0.0004,comic book,0.2191,data/Mid224/train/cat/cat_00962.jpeg
train/cat/cat_00966.jpeg,cat,train,SUSPICIOUS_LABEL,388.8,108.28,51.54,0.0004,moving van,0.2104,data/Mid224/train/cat/cat_00966.jpeg
train/cat/cat_00969.jpeg,cat,train,SUSPICIOUS_LABEL,400.89,100.02,49.12,0.024,mousetrap,0.2403,data/Mid224/train/cat/cat_00969.jpeg
train/cat/cat_00971.jpeg,cat,train,SUSPICIOUS_LABEL,357.05,138.1,54.95,0.0052,Siberian husky,0.4496,data/Mid224/train/cat/cat_00971.jpeg
train/cat/cat_00974.jpeg,cat,train,SUSPICIOUS_LABEL,280.29,101.71,56.09,0.006,bulletproof vest,0.5061,data/Mid224/train/cat/cat_00974.jpeg
train/cat/cat_00983.jpeg,cat,train,SUSPICIOUS_LABEL,465.16,174.17,56.96,0.008,milk can,0.2013,data/Mid224/train/cat/cat_00983.jpeg
train/cat/cat_00984.jpeg,cat,train,SUSPICIOUS_LABEL,243.35,159.2,48.3,0.0088,Japanese spaniel,0.495,data/Mid224/train/cat/cat_00984.jpeg
train/cat/cat_00985.jpeg,cat,train,SUSPICIOUS_LABEL,572.37,114.43,53.09,0.0244,Old English sheepdog,0.3228,data/Mid224/train/cat/cat_00985.jpeg
train/cat/cat_00991.jpeg,cat,train,SUSPICIOUS_LABEL,267.25,127.99,30.35,0.021,can opener,0.4313,data/Mid224/train/cat/cat_00991.jpeg
train/cat/cat_00992.jpeg,cat,train,SUSPICIOUS_LABEL,352.31,125.78,48.09,0.0118,wire-haired fox terrier,0.2547,data/Mid224/train/cat/cat_00992.jpeg
train/cat/cat_00993.jpeg,cat,train,SUSPICIOUS_LABEL,307.95,131.6,40.71,0.0038,wire-haired fox terrier,0.3414,data/Mid224/train/cat/cat_00993.jpeg
train/cat/cat_00997.jpeg,cat,train,SUSPICIOUS_LABEL,838.48,83.69,68.2,0.0051,bulletproof vest,0.4048,data/Mid224/train/cat/cat_00997.jpeg
train/cat/cat_01000.jpeg,cat,train,SUSPICIOUS_LABEL,326.95,110.81,60.53,0.0003,bulletproof vest,0.4059,data/Mid224/train/cat/cat_01000.jpeg
train/cat/cat_01007.jpeg,cat,train,SUSPICIOUS_LABEL,327.47,109.78,44.96,0.022,wall clock,0.3171,data/Mid224/train/cat/cat_01007.jpeg
train/cat/cat_01010.jpeg,cat,train,SUSPICIOUS_LABEL,220.25,102.09,55.78,0.0287,neck brace,0.2665,data/Mid224/train/cat/cat_01010.jpeg
train/cat/cat_01011.jpeg,cat,train,SUSPICIOUS_LABEL,418.45,100.13,43.24,0.0015,comic book,0.4086,data/Mid224/train/cat/cat_01011.jpeg
train/cat/cat_01015.jpeg,cat,train,SUSPICIOUS_LABEL,410.55,107.58,54.96,0.0001,bulletproof vest,0.8011,data/Mid224/train/cat/cat_01015.jpeg
train/cat/cat_01023.jpeg,cat,train,SUSPICIOUS_LABEL,538.0,110.01,53.06,0.003,kuvasz,0.2708,data/Mid224/train/cat/cat_01023.jpeg
train/cat/cat_01026.jpeg,cat,train,SUSPICIOUS_LABEL,360.76,119.53,58.16,0.0001,chain saw,0.673,data/Mid224/train/cat/cat_01026.jpeg
train/cat/cat_01028.jpeg,cat,train,SUSPICIOUS_LABEL,682.97,121.62,59.13,0.0001,groenendael,0.4114,data/Mid224/train/cat/cat_01028.jpeg
train/cat/cat_01030.jpeg,cat,train,SUSPICIOUS_LABEL,390.6,110.49,54.45,0.0211,Cardigan,0.2176,data/Mid224/train/cat/cat_01030.jpeg
train/cat/cat_01031.jpeg,cat,train,SUSPICIOUS_LABEL,249.66,109.73,66.01,0.0228,Kerry blue terrier,0.2021,data/Mid224/train/cat/cat_01031.jpeg
train/cat/cat_01034.jpeg,cat,train,SUSPICIOUS_LABEL,204.28,121.98,31.3,0.0023,bulletproof vest,0.2023,data/Mid224/train/cat/cat_01034.jpeg
train/cat/cat_01035.jpeg,cat,train,SUSPICIOUS_LABEL,1424.98,116.1,60.32,0.0216,Border collie,0.4774,data/Mid224/train/cat/cat_01035.jpeg
train/cat/cat_01036.jpeg,cat,train,SUSPICIOUS_LABEL,441.48,103.97,46.09,0.001,bulletproof vest,0.2481,data/Mid224/train/cat/cat_01036.jpeg
train/cat/cat_01039.jpeg,cat,train,SUSPICIOUS_LABEL,289.27,163.49,59.22,0.001,platypus,0.6899,data/Mid224/train/cat/cat_01039.jpeg
train/cat/cat_01044.jpeg,cat,train,SUSPICIOUS_LABEL,186.95,118.38,34.8,0.0028,wire-haired fox terrier,0.2491,data/Mid224/train/cat/cat_01044.jpeg
train/cat/cat_01045.jpeg,cat,train,SUSPICIOUS_LABEL,416.86,124.28,47.88,0.0052,EntleBucher,0.2577,data/Mid224/train/cat/cat_01045.jpeg
train/cat/cat_01050.jpeg,cat,train,SUSPICIOUS_LABEL,2290.77,112.18,53.29,0.0001,dishwasher,0.6681,data/Mid224/train/cat/cat_01050.jpeg
train/cat/cat_01055.jpeg,cat,train,SUSPICIOUS_LABEL,663.06,103.09,60.79,0.0003,table lamp,0.2839,data/Mid224/train/cat/cat_01055.jpeg
train/cat/cat_01057.jpeg,cat,train,SUSPICIOUS_LABEL,695.61,124.24,44.54,0.0018,wire-haired fox terrier,0.2063,data/Mid224/train/cat/cat_01057.jpeg
train/cat/cat_01059.jpeg,cat,train,SUSPICIOUS_LABEL,447.88,145.01,86.84,0.0015,schipperke,0.6314,data/Mid224/train/cat/cat_01059.jpeg
train/cat/cat_01069.jpeg,cat,train,SUSPICIOUS_LABEL,464.43,146.08,58.0,0.0013,Japanese spaniel,0.2982,data/Mid224/train/cat/cat_01069.jpeg
train/cat/cat_01070.jpeg,cat,train,SUSPICIOUS_LABEL,2607.62,115.58,46.41,0.0002,prison,0.2314,data/Mid224/train/cat/cat_01070.jpeg
train/cat/cat_01071.jpeg,cat,train,SUSPICIOUS_LABEL,262.54,72.7,55.59,0.0002,space shuttle,0.9047,data/Mid224/train/cat/cat_01071.jpeg
train/cat/cat_01073.jpeg,cat,train,SUSPICIOUS_LABEL,515.66,77.8,61.86,0.0004,television,0.3316,data/Mid224/train/cat/cat_01073.jpeg
train/cat/cat_01076.jpeg,cat,train,SUSPICIOUS_LABEL,946.37,120.5,55.1,0.0003,Kerry blue terrier,0.2069,data/Mid224/train/cat/cat_01076.jpeg
train/cat/cat_01078.jpeg,cat,train,SUSPICIOUS_LABEL,900.42,128.67,66.03,0.0215,keeshond,0.2409,data/Mid224/train/cat/cat_01078.jpeg
train/cat/cat_01082.jpeg,cat,train,SUSPICIOUS_LABEL,441.69,121.59,88.25,0.0052,ox,0.4827,data/Mid224/train/cat/cat_01082.jpeg
train/cat/cat_01084.jpeg,cat,train,SUSPICIOUS_LABEL,201.87,136.83,39.3,0.0034,toy terrier,0.422,data/Mid224/train/cat/cat_01084.jpeg
train/cat/cat_01086.jpeg,cat,train,SUSPICIOUS_LABEL,270.21,154.96,40.44,0.0003,switch,0.4468,data/Mid224/train/cat/cat_01086.jpeg
train/cat/cat_01087.jpeg,cat,train,SUSPICIOUS_LABEL,264.97,99.59,46.64,0.0048,toy terrier,0.204,data/Mid224/train/cat/cat_01087.jpeg
train/cat/cat_01090.jpeg,cat,train,SUSPICIOUS_LABEL,2240.36,122.57,45.19,0.0025,prison,0.2327,data/Mid224/train/cat/cat_01090.jpeg
train/cat/cat_01104.jpeg,cat,train,SUSPICIOUS_LABEL,348.64,119.77,61.03,0.0078,EntleBucher,0.2255,data/Mid224/train/cat/cat_01104.jpeg
train/cat/cat_01106.jpeg,cat,train,SUSPICIOUS_LABEL,4362.39,130.71,65.19,0.0002,prison,0.9051,data/Mid224/train/cat/cat_01106.jpeg
train/cat/cat_01109.jpeg,cat,train,SUSPICIOUS_LABEL,818.48,94.44,46.36,0.0026,comic book,0.5441,data/Mid224/train/cat/cat_01109.jpeg
train/cat/cat_01113.jpeg,cat,train,SUSPICIOUS_LABEL,489.71,122.56,47.78,0.0055,chain saw,0.3271,data/Mid224/train/cat/cat_01113.jpeg
train/cat/cat_01115.jpeg,cat,train,SUSPICIOUS_LABEL,342.04,132.11,62.17,0.0107,binder,0.246,data/Mid224/train/cat/cat_01115.jpeg
train/cat/cat_01119.jpeg,cat,train,SUSPICIOUS_LABEL,501.62,100.42,45.16,0.0023,prison,0.2544,data/Mid224/train/cat/cat_01119.jpeg
train/cat/cat_01121.jpeg,cat,train,SUSPICIOUS_LABEL,500.83,134.72,54.14,0.0004,nipple,0.4262,data/Mid224/train/cat/cat_01121.jpeg
train/cat/cat_01122.jpeg,cat,train,SUSPICIOUS_LABEL,203.13,108.26,32.66,0.0001,warplane,0.2364,data/Mid224/train/cat/cat_01122.jpeg
train/cat/cat_01123.jpeg,cat,train,SUSPICIOUS_LABEL,1024.75,104.34,61.64,0.0171,schipperke,0.2698,data/Mid224/train/cat/cat_01123.jpeg
train/cat/cat_01126.jpeg,cat,train,SUSPICIOUS_LABEL,291.57,137.56,43.65,0.0058,studio couch,0.2912,data/Mid224/train/cat/cat_01126.jpeg
train/cat/cat_01131.jpeg,cat,train,SUSPICIOUS_LABEL,696.07,116.72,36.21,0.0008,joystick,0.212,data/Mid224/train/cat/cat_01131.jpeg
train/cat/cat_01143.jpeg,cat,train,SUSPICIOUS_LABEL,172.3,159.16,30.56,0.0002,switch,0.2303,data/Mid224/train/cat/cat_01143.jpeg
train/cat/cat_01147.jpeg,cat,train,SUSPICIOUS_LABEL,215.67,100.12,62.55,0.0232,kelpie,0.3947,data/Mid224/train/cat/cat_01147.jpeg
train/cat/cat_01149.jpeg,cat,train,SUSPICIOUS_LABEL,463.37,122.14,52.5,0.0051,platypus,0.2858,data/Mid224/train/cat/cat_01149.jpeg
train/cat/cat_01150.jpeg,cat,train,SUSPICIOUS_LABEL,345.76,105.76,57.75,0.0002,chain saw,0.3806,data/Mid224/train/cat/cat_01150.jpeg
train/cat/cat_01152.jpeg,cat,train,SUSPICIOUS_LABEL,523.21,130.02,68.44,0.0048,axolotl,0.2567,data/Mid224/train/cat/cat_01152.jpeg
train/cat/cat_01155.jpeg,cat,train,SUSPICIOUS_LABEL,197.74,163.0,43.58,0.001,English foxhound,0.216,data/Mid224/train/cat/cat_01155.jpeg
train/cat/cat_01156.jpeg,cat,train,SUSPICIOUS_LABEL,1495.46,126.7,64.33,0.002,turnstile,0.2805,data/Mid224/train/cat/cat_01156.jpeg
train/cat/cat_01159.jpeg,cat,train,SUSPICIOUS_LABEL,401.15,111.04,70.81,0.0221,Japanese spaniel,0.2409,data/Mid224/train/cat/cat_01159.jpeg
train/cat/cat_01162.jpeg,cat,train,SUSPICIOUS_LABEL,143.46,116.24,35.08,0.0465,wire-haired fox terrier,0.2132,data/Mid224/train/cat/cat_01162.jpeg
train/cat/cat_01166.jpeg,cat,train,SUSPICIOUS_LABEL,649.45,95.0,42.75,0.0036,toy terrier,0.2401,data/Mid224/train/cat/cat_01166.jpeg
train/cat/cat_01174.jpeg,cat,train,SUSPICIOUS_LABEL,1336.37,137.51,51.06,0.0038,plate rack,0.5148,data/Mid224/train/cat/cat_01174.jpeg
train/cat/cat_01177.jpeg,cat,train,SUSPICIOUS_LABEL,271.44,85.09,52.92,0.0177,groenendael,0.368,data/Mid224/train/cat/cat_01177.jpeg
train/cat/cat_01184.jpeg,cat,train,SUSPICIOUS_LABEL,383.0,126.42,46.49,0.0099,can opener,0.2261,data/Mid224/train/cat/cat_01184.jpeg
train/cat/cat_01185.jpeg,cat,train,SUSPICIOUS_LABEL,201.73,110.08,47.95,0.0015,curly-coated retriever,0.4203,data/Mid224/train/cat/cat_01185.jpeg
train/cat/cat_01186.jpeg,cat,train,SUSPICIOUS_LABEL,574.77,89.69,55.91,0.0011,Cardigan,0.5016,data/Mid224/train/cat/cat_01186.jpeg
train/cat/cat_01193.jpeg,cat,train,SUSPICIOUS_LABEL,350.47,86.16,68.21,0.0209,groenendael,0.3691,data/Mid224/train/cat/cat_01193.jpeg
train/cat/cat_01194.jpeg,cat,train,SUSPICIOUS_LABEL,188.93,113.32,51.55,0.0429,bulletproof vest,0.2187,data/Mid224/train/cat/cat_01194.jpeg
train/cat/cat_01200.jpeg,cat,train,SUSPICIOUS_LABEL,489.21,117.26,57.1,0.0019,cuirass,0.3612,data/Mid224/train/cat/cat_01200.jpeg
train/cat/cat_01202.jpeg,cat,train,SUSPICIOUS_LABEL,658.04,113.1,63.55,0.0215,fire screen,0.4045,data/Mid224/train/cat/cat_01202.jpeg
train/cat/cat_01203.jpeg,cat,train,SUSPICIOUS_LABEL,372.39,91.15,58.61,0.0019,Border collie,0.5857,data/Mid224/train/cat/cat_01203.jpeg
train/cat/cat_01204.jpeg,cat,train,SUSPICIOUS_LABEL,154.82,70.29,62.12,0.0169,Japanese spaniel,0.2002,data/Mid224/train/cat/cat_01204.jpeg
train/cat/cat_01205.jpeg,cat,train,SUSPICIOUS_LABEL,575.09,148.06,48.58,0.0187,plate rack,0.2175,data/Mid224/train/cat/cat_01205.jpeg
train/cat/cat_01206.jpeg,cat,train,SUSPICIOUS_LABEL,910.02,109.14,77.55,0.0012,bearskin,0.3451,data/Mid224/train/cat/cat_01206.jpeg
train/cat/cat_01209.jpeg,cat,train,SUSPICIOUS_LABEL,870.89,100.24,54.0,0.0026,prison,0.5636,data/Mid224/train/cat/cat_01209.jpeg
train/cat/cat_01212.jpeg,cat,train,SUSPICIOUS_LABEL,305.87,115.98,53.26,0.0085,wire-haired fox terrier,0.4303,data/Mid224/train/cat/cat_01212.jpeg
train/cat/cat_01215.jpeg,cat,train,SUSPICIOUS_LABEL,121.13,114.44,26.78,0.0009,chain saw,0.2648,data/Mid224/train/cat/cat_01215.jpeg
train/cat/cat_01217.jpeg,cat,train,SUSPICIOUS_LABEL,918.76,99.18,51.95,0.0001,cassette player,0.3581,data/Mid224/train/cat/cat_01217.jpeg
train/cat/cat_01220.jpeg,cat,train,SUSPICIOUS_LABEL,704.83,121.73,54.96,0.001,wire-haired fox terrier,0.2471,data/Mid224/train/cat/cat_01220.jpeg
train/cat/cat_01221.jpeg,cat,train,SUSPICIOUS_LABEL,295.47,138.46,52.89,0.0106,Sussex spaniel,0.2719,data/Mid224/train/cat/cat_01221.jpeg
train/cat/cat_01226.jpeg,cat,train,SUSPICIOUS_LABEL,264.75,138.01,53.35,0.0381,soap dispenser,0.2424,data/Mid224/train/cat/cat_01226.jpeg
train/cat/cat_01228.jpeg,cat,train,SUSPICIOUS_LABEL,647.49,102.85,46.69,0.0009,bulletproof vest,0.4414,data/Mid224/train/cat/cat_01228.jpeg
train/cat/cat_01229.jpeg,cat,train,SUSPICIOUS_LABEL,374.35,107.93,57.79,0.0022,EntleBucher,0.2181,data/Mid224/train/cat/cat_01229.jpeg
train/cat/cat_01231.jpeg,cat,train,SUSPICIOUS_LABEL,1718.77,112.49,78.71,0.0047,mink,0.6514,data/Mid224/train/cat/cat_01231.jpeg
train/cat/cat_01235.jpeg,cat,train,SUSPICIOUS_LABEL,731.68,121.95,68.88,0.0007,toy terrier,0.3817,data/Mid224/train/cat/cat_01235.jpeg
train/cat/cat_01238.jpeg,cat,train,SUSPICIOUS_LABEL,370.65,131.02,41.41,0.0001,can opener,0.21,data/Mid224/train/cat/cat_01238.jpeg
train/cat/cat_01244.jpeg,cat,train,SUSPICIOUS_LABEL,393.26,104.01,44.33,0.0009,Cardigan,0.2665,data/Mid224/train/cat/cat_01244.jpeg
train/cat/cat_01252.jpeg,cat,train,SUSPICIOUS_LABEL,450.63,165.24,45.61,0.0024,shoji,0.883,data/Mid224/train/cat/cat_01252.jpeg
train/cat/cat_01253.jpeg,cat,train,SUSPICIOUS_LABEL,855.06,124.89,40.44,0.0,plate rack,0.8395,data/Mid224/train/cat/cat_01253.jpeg
train/cat/cat_01255.jpeg,cat,train,SUSPICIOUS_LABEL,249.45,113.13,44.87,0.0024,bolo tie,0.2789,data/Mid224/train/cat/cat_01255.jpeg
train/cat/cat_01262.jpeg,cat,train,SUSPICIOUS_LABEL,332.99,103.81,60.92,0.045,wall clock,0.2296,data/Mid224/train/cat/cat_01262.jpeg
train/cat/cat_01265.jpeg,cat,train,SUSPICIOUS_LABEL,500.73,106.06,43.15,0.0004,cuirass,0.2552,data/Mid224/train/cat/cat_01265.jpeg
train/cat/cat_01268.jpeg,cat,train,SUSPICIOUS_LABEL,190.24,102.43,45.86,0.0009,studio couch,0.3064,data/Mid224/train/cat/cat_01268.jpeg
train/cat/cat_01272.jpeg,cat,train,SUSPICIOUS_LABEL,279.73,100.8,52.04,0.0004,EntleBucher,0.4492,data/Mid224/train/cat/cat_01272.jpeg
train/cat/cat_01278.jpeg,cat,train,SUSPICIOUS_LABEL,507.58,82.2,51.11,0.0058,bulletproof vest,0.2337,data/Mid224/train/cat/cat_01278.jpeg
train/cat/cat_01279.jpeg,cat,train,SUSPICIOUS_LABEL,327.93,89.52,57.1,0.0035,bulletproof vest,0.3877,data/Mid224/train/cat/cat_01279.jpeg
train/cat/cat_01280.jpeg,cat,train,SUSPICIOUS_LABEL,238.81,92.61,56.86,0.02,Border collie,0.2907,data/Mid224/train/cat/cat_01280.jpeg
train/cat/cat_01281.jpeg,cat,train,SUSPICIOUS_LABEL,327.43,161.94,51.89,0.0059,Dandie Dinmont,0.2166,data/Mid224/train/cat/cat_01281.jpeg
train/cat/cat_01288.jpeg,cat,train,SUSPICIOUS_LABEL,231.07,124.57,41.4,0.0237,revolver,0.2189,data/Mid224/train/cat/cat_01288.jpeg
train/cat/cat_01294.jpeg,cat,train,SUSPICIOUS_LABEL,681.21,127.36,44.63,0.0028,assault rifle,0.2783,data/Mid224/train/cat/cat_01294.jpeg
train/cat/cat_01303.jpeg,cat,train,SUSPICIOUS_LABEL,274.16,137.54,48.49,0.005,Dandie Dinmont,0.4035,data/Mid224/train/cat/cat_01303.jpeg
train/cat/cat_01305.jpeg,cat,train,SUSPICIOUS_LABEL,134.12,105.38,33.27,0.0013,Japanese spaniel,0.2441,data/Mid224/train/cat/cat_01305.jpeg
train/cat/cat_01306.jpeg,cat,train,SUSPICIOUS_LABEL,253.51,120.34,44.32,0.0184,Japanese spaniel,0.2981,data/Mid224/train/cat/cat_01306.jpeg
train/cat/cat_01307.jpeg,cat,train,SUSPICIOUS_LABEL,564.1,136.8,57.01,0.0004,Great Dane,0.2947,data/Mid224/train/cat/cat_01307.jpeg
train/cat/cat_01308.jpeg,cat,train,SUSPICIOUS_LABEL,406.11,122.13,49.43,0.0041,toy terrier,0.2702,data/Mid224/train/cat/cat_01308.jpeg
train/cat/cat_01316.jpeg,cat,train,SUSPICIOUS_LABEL,294.91,109.01,48.75,0.023,Japanese spaniel,0.3091,data/Mid224/train/cat/cat_01316.jpeg
train/cat/cat_01318.jpeg,cat,train,SUSPICIOUS_LABEL,503.71,122.61,52.88,0.007,yawl,0.2929,data/Mid224/train/cat/cat_01318.jpeg
train/cat/cat_01322.jpeg,cat,train,SUSPICIOUS_LABEL,141.84,138.87,29.51,0.0022,studio couch,0.3255,data/Mid224/train/cat/cat_01322.jpeg
train/cat/cat_01323.jpeg,cat,train,SUSPICIOUS_LABEL,207.23,108.71,44.92,0.0047,bulletproof vest,0.3365,data/Mid224/train/cat/cat_01323.jpeg
train/cat/cat_01326.jpeg,cat,train,SUSPICIOUS_LABEL,290.55,86.15,59.15,0.0016,Cardigan,0.4377,data/Mid224/train/cat/cat_01326.jpeg
train/cat/cat_01327.jpeg,cat,train,SUSPICIOUS_LABEL,293.41,122.22,31.93,0.0164,gyromitra,0.3629,data/Mid224/train/cat/cat_01327.jpeg
train/cat/cat_01329.jpeg,cat,train,SUSPICIOUS_LABEL,168.78,133.49,36.95,0.0157,panpipe,0.2042,data/Mid224/train/cat/cat_01329.jpeg
train/cat/cat_01332.jpeg,cat,train,SUSPICIOUS_LABEL,358.1,115.29,57.87,0.0009,bulletproof vest,0.2327,data/Mid224/train/cat/cat_01332.jpeg
train/cat/cat_01334.jpeg,cat,train,SUSPICIOUS_LABEL,270.83,145.26,58.09,0.0297,can opener,0.405,data/Mid224/train/cat/cat_01334.jpeg
train/cat/cat_01337.jpeg,cat,train,SUSPICIOUS_LABEL,325.25,149.63,41.42,0.0079,lotion,0.3757,data/Mid224/train/cat/cat_01337.jpeg
train/cat/cat_01343.jpeg,cat,train,SUSPICIOUS_LABEL,223.2,152.77,37.25,0.0007,bulletproof vest,0.7874,data/Mid224/train/cat/cat_01343.jpeg
train/cat/cat_01344.jpeg,cat,train,SUSPICIOUS_LABEL,252.46,92.57,50.52,0.0055,EntleBucher,0.2356,data/Mid224/train/cat/cat_01344.jpeg
train/cat/cat_01347.jpeg,cat,train,SUSPICIOUS_LABEL,311.96,85.3,83.93,0.009,Cardigan,0.6175,data/Mid224/train/cat/cat_01347.jpeg
train/cat/cat_01350.jpeg,cat,train,SUSPICIOUS_LABEL,283.2,91.03,55.19,0.0035,projectile,0.3412,data/Mid224/train/cat/cat_01350.jpeg
train/cat/cat_01355.jpeg,cat,train,SUSPICIOUS_LABEL,296.16,149.68,50.94,0.0251,Japanese spaniel,0.4049,data/Mid224/train/cat/cat_01355.jpeg
train/cat/cat_01356.jpeg,cat,train,SUSPICIOUS_LABEL,718.23,135.72,58.07,0.0002,black-and-tan coonhound,0.477,data/Mid224/train/cat/cat_01356.jpeg
train/cat/cat_01357.jpeg,cat,train,SUSPICIOUS_LABEL,1453.03,131.47,51.87,0.0443,hamper,0.3555,data/Mid224/train/cat/cat_01357.jpeg
train/cat/cat_01358.jpeg,cat,train,SUSPICIOUS_LABEL,497.72,89.04,63.8,0.0006,wire-haired fox terrier,0.6937,data/Mid224/train/cat/cat_01358.jpeg
train/cat/cat_01362.jpeg,cat,train,SUSPICIOUS_LABEL,194.06,134.2,35.59,0.0016,bulletproof vest,0.41,data/Mid224/train/cat/cat_01362.jpeg
train/cat/cat_01363.jpeg,cat,train,SUSPICIOUS_LABEL,236.35,145.67,57.41,0.0146,bulletproof vest,0.5993,data/Mid224/train/cat/cat_01363.jpeg
train/cat/cat_01364.jpeg,cat,train,SUSPICIOUS_LABEL,323.12,96.86,53.32,0.0311,pedestal,0.2805,data/Mid224/train/cat/cat_01364.jpeg
train/cat/cat_01366.jpeg,cat,train,SUSPICIOUS_LABEL,179.79,123.44,53.67,0.0035,bulletproof vest,0.292,data/Mid224/train/cat/cat_01366.jpeg
train/cat/cat_01367.jpeg,cat,train,SUSPICIOUS_LABEL,284.36,120.86,37.42,0.0022,espresso maker,0.2602,data/Mid224/train/cat/cat_01367.jpeg
train/cat/cat_01377.jpeg,cat,train,SUSPICIOUS_LABEL,792.46,129.66,46.78,0.0114,cup,0.5313,data/Mid224/train/cat/cat_01377.jpeg
train/cat/cat_01379.jpeg,cat,train,SUSPICIOUS_LABEL,284.58,132.66,67.85,0.0003,bulletproof vest,0.9406,data/Mid224/train/cat/cat_01379.jpeg
train/cat/cat_01389.jpeg,cat,train,SUSPICIOUS_LABEL,3369.81,157.57,60.91,0.0019,shoji,0.569,data/Mid224/train/cat/cat_01389.jpeg
train/cat/cat_01390.jpeg,cat,train,SUSPICIOUS_LABEL,367.97,138.81,53.51,0.0026,Sealyham terrier,0.3068,data/Mid224/train/cat/cat_01390.jpeg
train/cat/cat_01392.jpeg,cat,train,SUSPICIOUS_LABEL,1008.07,131.3,50.41,0.0001,moving van,0.859,data/Mid224/train/cat/cat_01392.jpeg
train/cat/cat_01393.jpeg,cat,train,SUSPICIOUS_LABEL,155.01,97.22,44.23,0.0119,Norwich terrier,0.214,data/Mid224/train/cat/cat_01393.jpeg
train/cat/cat_01394.jpeg,cat,train,SUSPICIOUS_LABEL,432.71,120.86,36.39,0.0066,Australian terrier,0.2788,data/Mid224/train/cat/cat_01394.jpeg
train/cat/cat_01395.jpeg,cat,train,SUSPICIOUS_LABEL,192.48,142.18,34.48,0.0004,bulletproof vest,0.3751,data/Mid224/train/cat/cat_01395.jpeg
train/cat/cat_01397.jpeg,cat,train,SUSPICIOUS_LABEL,196.15,116.17,55.01,0.0011,Dandie Dinmont,0.6473,data/Mid224/train/cat/cat_01397.jpeg
train/cat/cat_01400.jpeg,cat,train,SUSPICIOUS_LABEL,436.3,116.6,56.91,0.0116,indri,0.3045,data/Mid224/train/cat/cat_01400.jpeg
train/cat/cat_01405.jpeg,cat,train,SUSPICIOUS_LABEL,430.19,131.7,46.46,0.02,space shuttle,0.2143,data/Mid224/train/cat/cat_01405.jpeg
train/cat/cat_01407.jpeg,cat,train,SUSPICIOUS_LABEL,424.02,126.23,57.8,0.0007,Japanese spaniel,0.4979,data/Mid224/train/cat/cat_01407.jpeg
train/cat/cat_01409.jpeg,cat,train,SUSPICIOUS_LABEL,456.89,134.32,74.72,0.0013,revolver,0.5883,data/Mid224/train/cat/cat_01409.jpeg
train/cat/cat_01411.jpeg,cat,train,SUSPICIOUS_LABEL,307.77,99.5,57.14,0.0026,Japanese spaniel,0.8489,data/Mid224/train/cat/cat_01411.jpeg
train/cat/cat_01413.jpeg,cat,train,SUSPICIOUS_LABEL,465.91,100.87,69.29,0.001,bulletproof vest,0.304,data/Mid224/train/cat/cat_01413.jpeg
train/cat/cat_01415.jpeg,cat,train,SUSPICIOUS_LABEL,378.97,144.62,51.38,0.0009,mousetrap,0.2209,data/Mid224/train/cat/cat_01415.jpeg
train/cat/cat_01416.jpeg,cat,train,SUSPICIOUS_LABEL,142.71,129.61,39.9,0.0032,Sealyham terrier,0.6514,data/Mid224/train/cat/cat_01416.jpeg
train/cat/cat_01419.jpeg,cat,train,SUSPICIOUS_LABEL,195.28,87.37,60.04,0.0491,wire-haired fox terrier,0.242,data/Mid224/train/cat/cat_01419.jpeg
train/cat/cat_01420.jpeg,cat,train,SUSPICIOUS_LABEL,279.35,99.91,55.83,0.0138,screen,0.3332,data/Mid224/train/cat/cat_01420.jpeg
train/cat/cat_01421.jpeg,cat,train,SUSPICIOUS_LABEL,178.54,123.96,37.04,0.0118,platypus,0.2656,data/Mid224/train/cat/cat_01421.jpeg
train/cat/cat_01422.jpeg,cat,train,SUSPICIOUS_LABEL,343.67,128.1,54.51,0.005,kuvasz,0.6149,data/Mid224/train/cat/cat_01422.jpeg
train/cat/cat_01429.jpeg,cat,train,SUSPICIOUS_LABEL,188.64,130.19,57.55,0.0165,Cardigan,0.4889,data/Mid224/train/cat/cat_01429.jpeg
train/cat/cat_01431.jpeg,cat,train,SUSPICIOUS_LABEL,302.62,164.88,81.1,0.0065,bulletproof vest,0.459,data/Mid224/train/cat/cat_01431.jpeg
train/cat/cat_01432.jpeg,cat,train,SUSPICIOUS_LABEL,305.15,104.18,65.91,0.0024,Japanese spaniel,0.6399,data/Mid224/train/cat/cat_01432.jpeg
train/cat/cat_01434.jpeg,cat,train,SUSPICIOUS_LABEL,259.4,136.35,38.79,0.0086,bulletproof vest,0.3362,data/Mid224/train/cat/cat_01434.jpeg
train/cat/cat_01437.jpeg,cat,train,SUSPICIOUS_LABEL,558.7,147.62,55.79,0.0003,moving van,0.5703,data/Mid224/train/cat/cat_01437.jpeg
train/cat/cat_01438.jpeg,cat,train,SUSPICIOUS_LABEL,460.62,150.2,50.18,0.0026,pickelhaube,0.5494,data/Mid224/train/cat/cat_01438.jpeg
train/cat/cat_01442.jpeg,cat,train,SUSPICIOUS_LABEL,196.66,147.24,35.86,0.0197,can opener,0.3296,data/Mid224/train/cat/cat_01442.jpeg
train/cat/cat_01443.jpeg,cat,train,SUSPICIOUS_LABEL,380.69,81.79,46.5,0.0003,espresso maker,0.3547,data/Mid224/train/cat/cat_01443.jpeg
train/cat/cat_01446.jpeg,cat,train,SUSPICIOUS_LABEL,236.32,103.94,61.34,0.0184,Cardigan,0.3445,data/Mid224/train/cat/cat_01446.jpeg
train/cat/cat_01447.jpeg,cat,train,SUSPICIOUS_LABEL,439.62,143.6,48.41,0.0,hair slide,0.629,data/Mid224/train/cat/cat_01447.jpeg
train/cat/cat_01448.jpeg,cat,train,SUSPICIOUS_LABEL,802.89,98.01,38.33,0.0292,plate rack,0.2705,data/Mid224/train/cat/cat_01448.jpeg
train/cat/cat_01450.jpeg,cat,train,SUSPICIOUS_LABEL,272.8,99.64,47.98,0.0176,Cardigan,0.3486,data/Mid224/train/cat/cat_01450.jpeg
train/cat/cat_01457.jpeg,cat,train,SUSPICIOUS_LABEL,252.72,117.4,63.4,0.0017,Border collie,0.3708,data/Mid224/train/cat/cat_01457.jpeg
train/cat/cat_01458.jpeg,cat,train,SUSPICIOUS_LABEL,276.23,127.93,33.36,0.0008,chain saw,0.2948,data/Mid224/train/cat/cat_01458.jpeg
train/cat/cat_01459.jpeg,cat,train,SUSPICIOUS_LABEL,367.8,160.8,56.62,0.0049,triceratops,0.4271,data/Mid224/train/cat/cat_01459.jpeg
train/cat/cat_01461.jpeg,cat,train,SUSPICIOUS_LABEL,803.48,110.09,49.79,0.0006,can opener,0.4009,data/Mid224/train/cat/cat_01461.jpeg
train/cat/cat_01462.jpeg,cat,train,SUSPICIOUS_LABEL,517.25,110.2,30.07,0.0,switch,0.592,data/Mid224/train/cat/cat_01462.jpeg
train/cat/cat_01468.jpeg,cat,train,SUSPICIOUS_LABEL,328.18,113.66,59.92,0.0027,Cardigan,0.3839,data/Mid224/train/cat/cat_01468.jpeg
train/cat/cat_01480.jpeg,cat,train,SUSPICIOUS_LABEL,399.33,116.76,80.28,0.0033,bulletproof vest,0.3038,data/Mid224/train/cat/cat_01480.jpeg
train/cat/cat_01484.jpeg,cat,train,SUSPICIOUS_LABEL,463.6,100.75,51.36,0.0002,book jacket,0.4442,data/Mid224/train/cat/cat_01484.jpeg
train/cat/cat_01489.jpeg,cat,train,SUSPICIOUS_LABEL,986.47,121.86,66.72,0.0003,Kerry blue terrier,0.255,data/Mid224/train/cat/cat_01489.jpeg
train/cat/cat_01491.jpeg,cat,train,SUSPICIOUS_LABEL,297.82,113.06,50.05,0.0118,black grouse,0.352,data/Mid224/train/cat/cat_01491.jpeg
train/cat/cat_01496.jpeg,cat,train,SUSPICIOUS_LABEL,260.08,105.81,47.72,0.0005,bulletproof vest,0.7897,data/Mid224/train/cat/cat_01496.jpeg
train/cat/cat_01497.jpeg,cat,train,SUSPICIOUS_LABEL,196.93,151.74,34.01,0.0023,studio couch,0.2478,data/Mid224/train/cat/cat_01497.jpeg
train/cat/cat_01501.jpeg,cat,train,SUSPICIOUS_LABEL,413.23,89.72,53.44,0.0297,schipperke,0.2354,data/Mid224/train/cat/cat_01501.jpeg
train/cat/cat_01506.jpeg,cat,train,SUSPICIOUS_LABEL,1716.81,94.53,44.16,0.0001,prison,0.9103,data/Mid224/train/cat/cat_01506.jpeg
train/cat/cat_01518.jpeg,cat,train,SUSPICIOUS_LABEL,148.87,160.19,32.12,0.0062,chain saw,0.4359,data/Mid224/train/cat/cat_01518.jpeg
train/cat/cat_01525.jpeg,cat,train,SUSPICIOUS_LABEL,509.41,81.65,53.15,0.0031,Japanese spaniel,0.8254,data/Mid224/train/cat/cat_01525.jpeg
train/cat/cat_01527.jpeg,cat,train,SUSPICIOUS_LABEL,308.45,134.22,79.19,0.015,Angora,0.4167,data/Mid224/train/cat/cat_01527.jpeg
train/cat/cat_01528.jpeg,cat,train,SUSPICIOUS_LABEL,318.01,141.42,55.51,0.0015,toy terrier,0.3343,data/Mid224/train/cat/cat_01528.jpeg
train/cat/cat_01529.jpeg,cat,train,SUSPICIOUS_LABEL,191.39,87.47,42.53,0.0252,groenendael,0.251,data/Mid224/train/cat/cat_01529.jpeg
train/cat/cat_01530.jpeg,cat,train,SUSPICIOUS_LABEL,1135.69,109.52,46.71,0.0009,prison,0.9541,data/Mid224/train/cat/cat_01530.jpeg
train/cat/cat_01534.jpeg,cat,train,SUSPICIOUS_LABEL,268.18,51.62,47.7,0.0059,ski mask,0.4537,data/Mid224/train/cat/cat_01534.jpeg
train/cat/cat_01540.jpeg,cat,train,SUSPICIOUS_LABEL,221.02,151.23,36.7,0.0015,assault rifle,0.212,data/Mid224/train/cat/cat_01540.jpeg
train/cat/cat_01541.jpeg,cat,train,SUSPICIOUS_LABEL,1346.44,117.04,53.35,0.0008,prison,0.4641,data/Mid224/train/cat/cat_01541.jpeg
train/cat/cat_01542.jpeg,cat,train,SUSPICIOUS_LABEL,232.66,115.56,44.92,0.001,Sealyham terrier,0.2358,data/Mid224/train/cat/cat_01542.jpeg
train/cat/cat_01552.jpeg,cat,train,SUSPICIOUS_LABEL,145.92,131.96,50.14,0.0029,Japanese spaniel,0.8601,data/Mid224/train/cat/cat_01552.jpeg
train/cat/cat_01553.jpeg,cat,train,SUSPICIOUS_LABEL,606.47,128.23,57.38,0.0209,fire screen,0.2079,data/Mid224/train/cat/cat_01553.jpeg
train/cat/cat_01556.jpeg,cat,train,SUSPICIOUS_LABEL,236.14,84.19,45.83,0.0034,schipperke,0.405,data/Mid224/train/cat/cat_01556.jpeg
train/cat/cat_01558.jpeg,cat,train,SUSPICIOUS_LABEL,423.31,156.98,77.04,0.0119,English foxhound,0.4938,data/Mid224/train/cat/cat_01558.jpeg
train/cat/cat_01564.jpeg,cat,train,SUSPICIOUS_LABEL,258.96,169.28,56.83,0.0008,airship,0.3239,data/Mid224/train/cat/cat_01564.jpeg
train/cat/cat_01567.jpeg,cat,train,SUSPICIOUS_LABEL,433.56,152.07,67.79,0.0087,EntleBucher,0.226,data/Mid224/train/cat/cat_01567.jpeg
train/cat/cat_01570.jpeg,cat,train,SUSPICIOUS_LABEL,524.86,122.33,30.01,0.0204,bolo tie,0.2344,data/Mid224/train/cat/cat_01570.jpeg
train/cat/cat_01571.jpeg,cat,train,SUSPICIOUS_LABEL,285.98,98.24,48.25,0.0212,Japanese spaniel,0.3283,data/Mid224/train/cat/cat_01571.jpeg
train/cat/cat_01572.jpeg,cat,train,SUSPICIOUS_LABEL,470.62,111.64,52.13,0.0043,groenendael,0.2148,data/Mid224/train/cat/cat_01572.jpeg
train/cat/cat_01573.jpeg,cat,train,SUSPICIOUS_LABEL,132.7,79.13,50.96,0.0054,Kerry blue terrier,0.2739,data/Mid224/train/cat/cat_01573.jpeg
train/cat/cat_01574.jpeg,cat,train,SUSPICIOUS_LABEL,326.84,74.41,47.77,0.001,Border collie,0.7341,data/Mid224/train/cat/cat_01574.jpeg
train/cat/cat_01575.jpeg,cat,train,SUSPICIOUS_LABEL,276.05,124.25,68.78,0.0047,affenpinscher,0.3889,data/Mid224/train/cat/cat_01575.jpeg
train/cat/cat_01578.jpeg,cat,train,SUSPICIOUS_LABEL,345.13,113.45,64.7,0.0423,Cardigan,0.2082,data/Mid224/train/cat/cat_01578.jpeg
train/cat/cat_01579.jpeg,cat,train,SUSPICIOUS_LABEL,231.92,122.16,40.43,0.0329,toy terrier,0.2629,data/Mid224/train/cat/cat_01579.jpeg
train/cat/cat_01580.jpeg,cat,train,SUSPICIOUS_LABEL,447.82,102.94,65.46,0.0308,Japanese spaniel,0.2085,data/Mid224/train/cat/cat_01580.jpeg
train/cat/cat_01586.jpeg,cat,train,SUSPICIOUS_LABEL,172.98,123.37,53.84,0.0014,Sealyham terrier,0.2167,data/Mid224/train/cat/cat_01586.jpeg
train/cat/cat_01587.jpeg,cat,train,SUSPICIOUS_LABEL,217.92,121.73,75.52,0.0021,Scotch terrier,0.3377,data/Mid224/train/cat/cat_01587.jpeg
train/cat/cat_01589.jpeg,cat,train,SUSPICIOUS_LABEL,647.23,117.36,63.33,0.0013,Cardigan,0.407,data/Mid224/train/cat/cat_01589.jpeg
train/cat/cat_01591.jpeg,cat,train,SUSPICIOUS_LABEL,114.9,113.16,50.03,0.0029,black grouse,0.4626,data/Mid224/train/cat/cat_01591.jpeg
train/cat/cat_01594.jpeg,cat,train,SUSPICIOUS_LABEL,249.21,133.1,31.58,0.0284,aircraft carrier,0.2,data/Mid224/train/cat/cat_01594.jpeg
train/cat/cat_01595.jpeg,cat,train,SUSPICIOUS_LABEL,217.71,106.73,36.33,0.0002,book jacket,0.3728,data/Mid224/train/cat/cat_01595.jpeg
train/cat/cat_01597.jpeg,cat,train,SUSPICIOUS_LABEL,306.22,106.06,38.78,0.0035,plastic bag,0.4134,data/Mid224/train/cat/cat_01597.jpeg
train/cat/cat_01601.jpeg,cat,train,SUSPICIOUS_LABEL,1833.38,95.13,58.56,0.0004,plate rack,0.5843,data/Mid224/train/cat/cat_01601.jpeg
train/cat/cat_01603.jpeg,cat,train,SUSPICIOUS_LABEL,288.2,108.66,34.68,0.0004,container ship,0.4232,data/Mid224/train/cat/cat_01603.jpeg
train/cat/cat_01606.jpeg,cat,train,SUSPICIOUS_LABEL,538.45,127.66,40.15,0.0059,jigsaw puzzle,0.4373,data/Mid224/train/cat/cat_01606.jpeg
train/cat/cat_01615.jpeg,cat,train,SUSPICIOUS_LABEL,460.69,150.01,73.25,0.0371,Japanese spaniel,0.2359,data/Mid224/train/cat/cat_01615.jpeg
train/cat/cat_01617.jpeg,cat,train,SUSPICIOUS_LABEL,2864.11,131.24,55.49,0.0048,comic book,0.5101,data/Mid224/train/cat/cat_01617.jpeg
train/cat/cat_01618.jpeg,cat,train,SUSPICIOUS_LABEL,345.82,154.79,61.48,0.0021,EntleBucher,0.3261,data/Mid224/train/cat/cat_01618.jpeg
train/cat/cat_01620.jpeg,cat,train,SUSPICIOUS_LABEL,540.77,132.32,38.52,0.0301,cocktail shaker,0.5244,data/Mid224/train/cat/cat_01620.jpeg
train/cat/cat_01624.jpeg,cat,train,SUSPICIOUS_LABEL,521.85,121.88,62.98,0.0003,wire-haired fox terrier,0.2638,data/Mid224/train/cat/cat_01624.jpeg
train/cat/cat_01628.jpeg,cat,train,SUSPICIOUS_LABEL,397.97,99.12,66.35,0.011,moving van,0.2501,data/Mid224/train/cat/cat_01628.jpeg
train/cat/cat_01639.jpeg,cat,train,SUSPICIOUS_LABEL,295.19,121.26,74.56,0.0073,ski,0.2935,data/Mid224/train/cat/cat_01639.jpeg
train/cat/cat_01640.jpeg,cat,train,SUSPICIOUS_LABEL,409.3,92.73,55.15,0.0097,Japanese spaniel,0.3774,data/Mid224/train/cat/cat_01640.jpeg
train/cat/cat_01649.jpeg,cat,train,SUSPICIOUS_LABEL,348.18,143.52,50.84,0.0159,Border collie,0.2235,data/Mid224/train/cat/cat_01649.jpeg
train/cat/cat_01659.jpeg,cat,train,SUSPICIOUS_LABEL,209.69,131.14,38.21,0.0035,ice bear,0.2808,data/Mid224/train/cat/cat_01659.jpeg
train/cat/cat_01666.jpeg,cat,train,SUSPICIOUS_LABEL,226.08,125.27,32.93,0.0034,parallel bars,0.2119,data/Mid224/train/cat/cat_01666.jpeg
train/cat/cat_01673.jpeg,cat,train,SUSPICIOUS_LABEL,267.67,106.54,46.48,0.0001,warplane,0.2346,data/Mid224/train/cat/cat_01673.jpeg
train/cat/cat_01676.jpeg,cat,train,SUSPICIOUS_LABEL,276.91,98.23,76.27,0.0006,airship,0.2985,data/Mid224/train/cat/cat_01676.jpeg
train/cat/cat_01677.jpeg,cat,train,SUSPICIOUS_LABEL,152.85,88.54,47.01,0.0064,pickelhaube,0.305,data/Mid224/train/cat/cat_01677.jpeg
train/cat/cat_01682.jpeg,cat,train,SUSPICIOUS_LABEL,238.39,105.24,46.73,0.0441,EntleBucher,0.2136,data/Mid224/train/cat/cat_01682.jpeg
train/cat/cat_01688.jpeg,cat,train,SUSPICIOUS_LABEL,904.79,120.15,57.65,0.0016,Japanese spaniel,0.2232,data/Mid224/train/cat/cat_01688.jpeg
train/cat/cat_01690.jpeg,cat,train,SUSPICIOUS_LABEL,322.2,118.49,67.81,0.0025,Japanese spaniel,0.3935,data/Mid224/train/cat/cat_01690.jpeg
train/cat/cat_01691.jpeg,cat,train,SUSPICIOUS_LABEL,316.55,104.21,57.02,0.0011,Japanese spaniel,0.5103,data/Mid224/train/cat/cat_01691.jpeg
train/cat/cat_01696.jpeg,cat,train,SUSPICIOUS_LABEL,534.97,112.22,47.47,0.0022,plastic bag,0.201,data/Mid224/train/cat/cat_01696.jpeg
train/cat/cat_01700.jpeg,cat,train,SUSPICIOUS_LABEL,253.03,114.88,51.9,0.0098,EntleBucher,0.2925,data/Mid224/train/cat/cat_01700.jpeg
train/cat/cat_01701.jpeg,cat,train,SUSPICIOUS_LABEL,193.89,74.79,41.88,0.001,Scotch terrier,0.693,data/Mid224/train/cat/cat_01701.jpeg
train/cat/cat_01704.jpeg,cat,train,SUSPICIOUS_LABEL,358.01,101.97,64.08,0.0044,toy terrier,0.3013,data/Mid224/train/cat/cat_01704.jpeg
train/cat/cat_01705.jpeg,cat,train,SUSPICIOUS_LABEL,598.32,118.21,52.33,0.0,bobsled,0.3682,data/Mid224/train/cat/cat_01705.jpeg
train/cat/cat_01707.jpeg,cat,train,SUSPICIOUS_LABEL,237.9,129.03,40.7,0.0004,neck brace,0.5098,data/Mid224/train/cat/cat_01707.jpeg
train/cat/cat_01709.jpeg,cat,train,SUSPICIOUS_LABEL,838.39,87.81,61.75,0.0078,cuirass,0.5651,data/Mid224/train/cat/cat_01709.jpeg
train/cat/cat_01711.jpeg,cat,train,SUSPICIOUS_LABEL,468.77,149.64,88.47,0.0001,bulletproof vest,0.7922,data/Mid224/train/cat/cat_01711.jpeg
train/cat/cat_01714.jpeg,cat,train,SUSPICIOUS_LABEL,350.27,141.66,51.16,0.0042,bucket,0.3329,data/Mid224/train/cat/cat_01714.jpeg
train/cat/cat_01715.jpeg,cat,train,SUSPICIOUS_LABEL,288.11,119.63,57.41,0.0117,can opener,0.2317,data/Mid224/train/cat/cat_01715.jpeg
train/cat/cat_01724.jpeg,cat,train,SUSPICIOUS_LABEL,273.23,83.44,55.86,0.0017,espresso maker,0.4281,data/Mid224/train/cat/cat_01724.jpeg
train/cat/cat_01725.jpeg,cat,train,SUSPICIOUS_LABEL,187.49,122.89,41.82,0.0053,can opener,0.2638,data/Mid224/train/cat/cat_01725.jpeg
train/cat/cat_01726.jpeg,cat,train,SUSPICIOUS_LABEL,298.39,128.26,53.95,0.0172,Pomeranian,0.2192,data/Mid224/train/cat/cat_01726.jpeg
train/cat/cat_01738.jpeg,cat,train,SUSPICIOUS_LABEL,305.45,125.67,72.92,0.0341,Border collie,0.2537,data/Mid224/train/cat/cat_01738.jpeg
train/cat/cat_01739.jpeg,cat,train,SUSPICIOUS_LABEL,226.89,115.88,39.47,0.0,assault rifle,0.3552,data/Mid224/train/cat/cat_01739.jpeg
train/cat/cat_01743.jpeg,cat,train,SUSPICIOUS_LABEL,1589.16,89.69,78.04,0.0316,groenendael,0.2176,data/Mid224/train/cat/cat_01743.jpeg
train/cat/cat_01746.jpeg,cat,train,SUSPICIOUS_LABEL,259.57,112.41,53.38,0.0018,Border collie,0.4191,data/Mid224/train/cat/cat_01746.jpeg
train/cat/cat_01749.jpeg,cat,train,SUSPICIOUS_LABEL,563.28,65.14,54.6,0.0004,switch,0.2383,data/Mid224/train/cat/cat_01749.jpeg
train/cat/cat_01753.jpeg,cat,train,SUSPICIOUS_LABEL,824.09,138.56,47.08,0.001,wire-haired fox terrier,0.4999,data/Mid224/train/cat/cat_01753.jpeg
train/cat/cat_01754.jpeg,cat,train,SUSPICIOUS_LABEL,162.45,134.12,44.24,0.0099,Cardigan,0.3871,data/Mid224/train/cat/cat_01754.jpeg
train/cat/cat_01755.jpeg,cat,train,SUSPICIOUS_LABEL,357.6,122.07,48.08,0.0063,Cardigan,0.4998,data/Mid224/train/cat/cat_01755.jpeg
train/cat/cat_01756.jpeg,cat,train,SUSPICIOUS_LABEL,228.75,127.6,48.93,0.0106,wire-haired fox terrier,0.2241,data/Mid224/train/cat/cat_01756.jpeg
train/cat/cat_01759.jpeg,cat,train,SUSPICIOUS_LABEL,556.18,112.32,43.01,0.0028,chain saw,0.2149,data/Mid224/train/cat/cat_01759.jpeg
train/cat/cat_01774.jpeg,cat,train,SUSPICIOUS_LABEL,457.3,134.61,55.28,0.023,moving van,0.2372,data/Mid224/train/cat/cat_01774.jpeg
train/cat/cat_01775.jpeg,cat,train,SUSPICIOUS_LABEL,286.81,143.85,56.75,0.0194,wire-haired fox terrier,0.2882,data/Mid224/train/cat/cat_01775.jpeg
train/cat/cat_01776.jpeg,cat,train,SUSPICIOUS_LABEL,514.44,78.36,62.4,0.0063,Dandie Dinmont,0.2346,data/Mid224/train/cat/cat_01776.jpeg
train/cat/cat_01777.jpeg,cat,train,SUSPICIOUS_LABEL,187.87,133.1,47.64,0.0088,bulletproof vest,0.5985,data/Mid224/train/cat/cat_01777.jpeg
train/cat/cat_01780.jpeg,cat,train,SUSPICIOUS_LABEL,476.76,151.61,81.73,0.0241,affenpinscher,0.4301,data/Mid224/train/cat/cat_01780.jpeg
train/cat/cat_01781.jpeg,cat,train,SUSPICIOUS_LABEL,415.28,103.98,49.73,0.0043,cuirass,0.2243,data/Mid224/train/cat/cat_01781.jpeg
train/cat/cat_01785.jpeg,cat,train,SUSPICIOUS_LABEL,175.2,142.49,29.6,0.0346,bulletproof vest,0.5711,data/Mid224/train/cat/cat_01785.jpeg
train/cat/cat_01787.jpeg,cat,train,SUSPICIOUS_LABEL,215.22,114.3,31.84,0.0005,switch,0.3936,data/Mid224/train/cat/cat_01787.jpeg
train/cat/cat_01789.jpeg,cat,train,SUSPICIOUS_LABEL,564.5,127.6,54.37,0.0004,espresso maker,0.5459,data/Mid224/train/cat/cat_01789.jpeg
train/cat/cat_01790.jpeg,cat,train,SUSPICIOUS_LABEL,362.76,79.05,67.76,0.0043,Japanese spaniel,0.5332,data/Mid224/train/cat/cat_01790.jpeg
train/cat/cat_01791.jpeg,cat,train,SUSPICIOUS_LABEL,776.31,104.58,48.69,0.0013,plate rack,0.7517,data/Mid224/train/cat/cat_01791.jpeg
train/cat/cat_01794.jpeg,cat,train,SUSPICIOUS_LABEL,348.92,116.86,52.04,0.0011,projectile,0.3602,data/Mid224/train/cat/cat_01794.jpeg
train/cat/cat_01797.jpeg,cat,train,SUSPICIOUS_LABEL,1356.06,94.89,58.87,0.0017,steel arch bridge,0.5309,data/Mid224/train/cat/cat_01797.jpeg
train/cat/cat_01798.jpeg,cat,train,SUSPICIOUS_LABEL,327.62,98.18,42.54,0.0015,bulletproof vest,0.4755,data/Mid224/train/cat/cat_01798.jpeg
train/cat/cat_01807.jpeg,cat,train,SUSPICIOUS_LABEL,168.5,103.37,41.38,0.0405,Siberian husky,0.3263,data/Mid224/train/cat/cat_01807.jpeg
train/cat/cat_01808.jpeg,cat,train,SUSPICIOUS_LABEL,276.72,110.45,56.25,0.0004,can opener,0.2014,data/Mid224/train/cat/cat_01808.jpeg
train/cat/cat_01814.jpeg,cat,train,SUSPICIOUS_LABEL,629.31,125.92,53.96,0.0002,moving van,0.455,data/Mid224/train/cat/cat_01814.jpeg
train/cat/cat_01816.jpeg,cat,train,SUSPICIOUS_LABEL,364.08,125.38,53.29,0.0026,Cardigan,0.7826,data/Mid224/train/cat/cat_01816.jpeg
train/cat/cat_01820.jpeg,cat,train,SUSPICIOUS_LABEL,2374.72,142.59,63.75,0.0174,Angora,0.5911,data/Mid224/train/cat/cat_01820.jpeg
train/cat/cat_01826.jpeg,cat,train,SUSPICIOUS_LABEL,352.5,119.41,39.51,0.0011,can opener,0.3126,data/Mid224/train/cat/cat_01826.jpeg
train/cat/cat_01828.jpeg,cat,train,SUSPICIOUS_LABEL,224.73,93.51,55.31,0.002,bulletproof vest,0.3999,data/Mid224/train/cat/cat_01828.jpeg
train/cat/cat_01830.jpeg,cat,train,SUSPICIOUS_LABEL,394.02,93.27,53.71,0.0002,trailer truck,0.3162,data/Mid224/train/cat/cat_01830.jpeg
train/cat/cat_01831.jpeg,cat,train,SUSPICIOUS_LABEL,168.5,94.72,49.81,0.0043,Sealyham terrier,0.3233,data/Mid224/train/cat/cat_01831.jpeg
train/cat/cat_01836.jpeg,cat,train,SUSPICIOUS_LABEL,253.45,135.55,59.03,0.0209,assault rifle,0.2533,data/Mid224/train/cat/cat_01836.jpeg
train/cat/cat_01838.jpeg,cat,train,SUSPICIOUS_LABEL,527.02,57.71,58.69,0.0318,bulletproof vest,0.2119,data/Mid224/train/cat/cat_01838.jpeg
train/cat/cat_01839.jpeg,cat,train,SUSPICIOUS_LABEL,502.7,107.41,52.27,0.0462,Cardigan,0.2353,data/Mid224/train/cat/cat_01839.jpeg
train/cat/cat_01849.jpeg,cat,train,SUSPICIOUS_LABEL,157.05,127.34,44.49,0.0036,groenendael,0.731,data/Mid224/train/cat/cat_01849.jpeg
train/cat/cat_01850.jpeg,cat,train,SUSPICIOUS_LABEL,599.17,130.55,49.0,0.0098,Sussex spaniel,0.7202,data/Mid224/train/cat/cat_01850.jpeg
train/cat/cat_01851.jpeg,cat,train,SUSPICIOUS_LABEL,354.23,183.03,66.65,0.0022,can opener,0.2009,data/Mid224/train/cat/cat_01851.jpeg
train/cat/cat_01852.jpeg,cat,train,SUSPICIOUS_LABEL,1432.69,121.73,51.51,0.0034,prison,0.5488,data/Mid224/train/cat/cat_01852.jpeg
train/cat/cat_01856.jpeg,cat,train,SUSPICIOUS_LABEL,1129.57,113.08,70.08,0.004,groenendael,0.2932,data/Mid224/train/cat/cat_01856.jpeg
train/cat/cat_01858.jpeg,cat,train,SUSPICIOUS_LABEL,248.69,123.08,49.36,0.0008,moving van,0.205,data/Mid224/train/cat/cat_01858.jpeg
train/cat/cat_01862.jpeg,cat,train,SUSPICIOUS_LABEL,207.48,83.2,62.92,0.011,Border collie,0.6341,data/Mid224/train/cat/cat_01862.jpeg
train/cat/cat_01868.jpeg,cat,train,SUSPICIOUS_LABEL,279.94,125.41,32.77,0.0203,chain saw,0.4782,data/Mid224/train/cat/cat_01868.jpeg
train/cat/cat_01869.jpeg,cat,train,SUSPICIOUS_LABEL,978.38,115.16,45.62,0.0029,wire-haired fox terrier,0.4547,data/Mid224/train/cat/cat_01869.jpeg
train/cat/cat_01871.jpeg,cat,train,SUSPICIOUS_LABEL,206.96,143.3,31.25,0.0029,wire-haired fox terrier,0.2347,data/Mid224/train/cat/cat_01871.jpeg
train/cat/cat_01876.jpeg,cat,train,SUSPICIOUS_LABEL,184.62,120.83,37.8,0.0064,espresso maker,0.2384,data/Mid224/train/cat/cat_01876.jpeg
train/cat/cat_01887.jpeg,cat,train,SUSPICIOUS_LABEL,391.39,125.06,37.81,0.0002,thresher,0.2106,data/Mid224/train/cat/cat_01887.jpeg
train/cat/cat_01893.jpeg,cat,train,SUSPICIOUS_LABEL,476.64,123.9,54.06,0.0047,Japanese spaniel,0.3155,data/Mid224/train/cat/cat_01893.jpeg
train/cat/cat_01894.jpeg,cat,train,SUSPICIOUS_LABEL,199.74,129.1,47.69,0.0027,bulletproof vest,0.3847,data/Mid224/train/cat/cat_01894.jpeg
train/cat/cat_01903.jpeg,cat,train,SUSPICIOUS_LABEL,257.52,95.34,58.39,0.0076,Scotch terrier,0.3892,data/Mid224/train/cat/cat_01903.jpeg
train/cat/cat_01915.jpeg,cat,train,SUSPICIOUS_LABEL,287.69,183.64,61.68,0.001,chain saw,0.2438,data/Mid224/train/cat/cat_01915.jpeg
train/cat/cat_01917.jpeg,cat,train,SUSPICIOUS_LABEL,456.25,127.74,50.4,0.0218,dishwasher,0.2844,data/Mid224/train/cat/cat_01917.jpeg
train/cat/cat_01918.jpeg,cat,train,SUSPICIOUS_LABEL,187.37,154.23,46.62,0.0268,Japanese spaniel,0.2779,data/Mid224/train/cat/cat_01918.jpeg
train/cat/cat_01921.jpeg,cat,train,SUSPICIOUS_LABEL,274.11,165.51,54.5,0.01,wire-haired fox terrier,0.2064,data/Mid224/train/cat/cat_01921.jpeg
train/cat/cat_01925.jpeg,cat,train,SUSPICIOUS_LABEL,249.77,128.47,31.01,0.0,cocktail shaker,0.2098,data/Mid224/train/cat/cat_01925.jpeg
train/cat/cat_01927.jpeg,cat,train,SUSPICIOUS_LABEL,232.58,73.18,54.84,0.0018,Sealyham terrier,0.3854,data/Mid224/train/cat/cat_01927.jpeg
train/cat/cat_01930.jpeg,cat,train,SUSPICIOUS_LABEL,186.92,94.45,60.7,0.0032,English foxhound,0.4063,data/Mid224/train/cat/cat_01930.jpeg
train/cat/cat_01931.jpeg,cat,train,SUSPICIOUS_LABEL,228.97,140.88,30.87,0.0126,banded gecko,0.2878,data/Mid224/train/cat/cat_01931.jpeg
train/cat/cat_01933.jpeg,cat,train,SUSPICIOUS_LABEL,722.1,164.4,47.43,0.0357,rotisserie,0.2998,data/Mid224/train/cat/cat_01933.jpeg
train/cat/cat_01934.jpeg,cat,train,SUSPICIOUS_LABEL,424.65,108.41,70.71,0.0003,Kerry blue terrier,0.5113,data/Mid224/train/cat/cat_01934.jpeg
train/cat/cat_01943.jpeg,cat,train,SUSPICIOUS_LABEL,947.54,122.48,36.31,0.0,ski,0.4372,data/Mid224/train/cat/cat_01943.jpeg
train/cat/cat_01949.jpeg,cat,train,SUSPICIOUS_LABEL,1216.89,126.75,37.51,0.0043,prison,0.6775,data/Mid224/train/cat/cat_01949.jpeg
train/cat/cat_01951.jpeg,cat,train,SUSPICIOUS_LABEL,266.15,142.08,35.49,0.031,redbone,0.328,data/Mid224/train/cat/cat_01951.jpeg
train/cat/cat_01956.jpeg,cat,train,SUSPICIOUS_LABEL,362.6,125.97,58.67,0.0018,Japanese spaniel,0.2497,data/Mid224/train/cat/cat_01956.jpeg
train/cat/cat_01963.jpeg,cat,train,SUSPICIOUS_LABEL,898.93,112.9,44.15,0.0172,Japanese spaniel,0.3325,data/Mid224/train/cat/cat_01963.jpeg
train/cat/cat_01966.jpeg,cat,train,SUSPICIOUS_LABEL,286.79,122.88,31.11,0.0018,can opener,0.2911,data/Mid224/train/cat/cat_01966.jpeg
train/cat/cat_01968.jpeg,cat,train,SUSPICIOUS_LABEL,340.5,135.16,61.31,0.0192,EntleBucher,0.2715,data/Mid224/train/cat/cat_01968.jpeg
train/cat/cat_01973.jpeg,cat,train,SUSPICIOUS_LABEL,296.53,131.42,39.11,0.0412,isopod,0.2567,data/Mid224/train/cat/cat_01973.jpeg
train/cat/cat_01975.jpeg,cat,train,SUSPICIOUS_LABEL,519.33,128.38,46.24,0.0009,fire screen,0.3124,data/Mid224/train/cat/cat_01975.jpeg
train/cat/cat_01976.jpeg,cat,train,SUSPICIOUS_LABEL,148.76,68.74,60.69,0.0107,skunk,0.2369,data/Mid224/train/cat/cat_01976.jpeg
train/cat/cat_01983.jpeg,cat,train,SUSPICIOUS_LABEL,576.51,109.61,54.02,0.0241,Cardigan,0.3832,data/Mid224/train/cat/cat_01983.jpeg
train/cat/cat_01985.jpeg,cat,train,SUSPICIOUS_LABEL,240.19,159.48,65.82,0.0059,schipperke,0.27,data/Mid224/train/cat/cat_01985.jpeg
train/cat/cat_01988.jpeg,cat,train,SUSPICIOUS_LABEL,543.29,98.81,51.07,0.0005,can opener,0.3824,data/Mid224/train/cat/cat_01988.jpeg
train/cat/cat_01990.jpeg,cat,train,SUSPICIOUS_LABEL,227.97,139.93,32.58,0.0083,bulletproof vest,0.3863,data/Mid224/train/cat/cat_01990.jpeg
train/cat/cat_01997.jpeg,cat,train,SUSPICIOUS_LABEL,210.85,92.33,36.4,0.0084,assault rifle,0.2062,data/Mid224/train/cat/cat_01997.jpeg
train/cat/cat_01999.jpeg,cat,train,SUSPICIOUS_LABEL,310.43,122.68,48.82,0.0076,Cardigan,0.3841,data/Mid224/train/cat/cat_01999.jpeg
train/cat/cat_02000.jpeg,cat,train,SUSPICIOUS_LABEL,486.42,122.12,37.41,0.0035,balance beam,0.2019,data/Mid224/train/cat/cat_02000.jpeg
train/cat/cat_02002.jpeg,cat,train,SUSPICIOUS_LABEL,463.58,98.64,73.62,0.0058,skunk,0.277,data/Mid224/train/cat/cat_02002.jpeg
train/cat/cat_02011.jpeg,cat,train,SUSPICIOUS_LABEL,187.22,113.55,76.38,0.0114,schipperke,0.4804,data/Mid224/train/cat/cat_02011.jpeg
train/cat/cat_02013.jpeg,cat,train,SUSPICIOUS_LABEL,286.28,135.04,61.65,0.0209,submarine,0.242,data/Mid224/train/cat/cat_02013.jpeg
train/cat/cat_02015.jpeg,cat,train,SUSPICIOUS_LABEL,240.76,130.97,38.99,0.006,toy terrier,0.5076,data/Mid224/train/cat/cat_02015.jpeg
train/cat/cat_02022.jpeg,cat,train,SUSPICIOUS_LABEL,834.18,122.48,47.99,0.0026,web site,0.2395,data/Mid224/train/cat/cat_02022.jpeg
train/cat/cat_02023.jpeg,cat,train,SUSPICIOUS_LABEL,283.38,147.52,44.47,0.0006,warplane,0.2571,data/Mid224/train/cat/cat_02023.jpeg
train/cat/cat_02026.jpeg,cat,train,SUSPICIOUS_LABEL,728.75,102.32,54.7,0.0002,EntleBucher,0.2431,data/Mid224/train/cat/cat_02026.jpeg
train/cat/cat_02029.jpeg,cat,train,SUSPICIOUS_LABEL,270.24,116.07,52.38,0.0004,airship,0.6809,data/Mid224/train/cat/cat_02029.jpeg
train/cat/cat_02033.jpeg,cat,train,SUSPICIOUS_LABEL,192.4,114.21,41.41,0.0035,toy terrier,0.3027,data/Mid224/train/cat/cat_02033.jpeg
train/cat/cat_02034.jpeg,cat,train,SUSPICIOUS_LABEL,419.15,101.19,57.61,0.0046,comic book,0.4517,data/Mid224/train/cat/cat_02034.jpeg
train/cat/cat_02035.jpeg,cat,train,SUSPICIOUS_LABEL,397.65,99.45,52.61,0.0006,bulletproof vest,0.6023,data/Mid224/train/cat/cat_02035.jpeg
train/cat/cat_02036.jpeg,cat,train,SUSPICIOUS_LABEL,926.22,102.24,86.39,0.0002,caldron,0.2448,data/Mid224/train/cat/cat_02036.jpeg
train/cat/cat_02041.jpeg,cat,train,SUSPICIOUS_LABEL,176.82,122.52,37.89,0.0007,wire-haired fox terrier,0.2638,data/Mid224/train/cat/cat_02041.jpeg
train/cat/cat_02044.jpeg,cat,train,SUSPICIOUS_LABEL,375.8,143.17,39.91,0.0085,bulletproof vest,0.8817,data/Mid224/train/cat/cat_02044.jpeg
train/cat/cat_02048.jpeg,cat,train,SUSPICIOUS_LABEL,296.66,111.58,32.92,0.0014,can opener,0.2025,data/Mid224/train/cat/cat_02048.jpeg
train/cat/cat_02049.jpeg,cat,train,SUSPICIOUS_LABEL,253.19,112.72,31.43,0.0008,bulletproof vest,0.4428,data/Mid224/train/cat/cat_02049.jpeg
train/cat/cat_02055.jpeg,cat,train,SUSPICIOUS_LABEL,279.61,119.86,45.41,0.0001,cuirass,0.3986,data/Mid224/train/cat/cat_02055.jpeg
train/cat/cat_02056.jpeg,cat,train,SUSPICIOUS_LABEL,236.78,131.86,62.05,0.0289,malinois,0.2395,data/Mid224/train/cat/cat_02056.jpeg
train/cat/cat_02057.jpeg,cat,train,SUSPICIOUS_LABEL,315.15,128.13,42.02,0.0484,neck brace,0.2968,data/Mid224/train/cat/cat_02057.jpeg
train/cat/cat_02063.jpeg,cat,train,SUSPICIOUS_LABEL,664.28,114.07,68.24,0.0001,tripod,0.4179,data/Mid224/train/cat/cat_02063.jpeg
train/cat/cat_02064.jpeg,cat,train,SUSPICIOUS_LABEL,343.53,114.91,40.01,0.0211,Christmas stocking,0.2524,data/Mid224/train/cat/cat_02064.jpeg
train/cat/cat_02065.jpeg,cat,train,SUSPICIOUS_LABEL,315.76,140.52,44.99,0.0055,Japanese spaniel,0.7712,data/Mid224/train/cat/cat_02065.jpeg
train/cat/cat_02066.jpeg,cat,train,SUSPICIOUS_LABEL,157.01,119.72,40.04,0.0131,Samoyed,0.3087,data/Mid224/train/cat/cat_02066.jpeg
train/cat/cat_02067.jpeg,cat,train,SUSPICIOUS_LABEL,423.01,139.95,35.46,0.0003,steel arch bridge,0.228,data/Mid224/train/cat/cat_02067.jpeg
train/cat/cat_02072.jpeg,cat,train,SUSPICIOUS_LABEL,316.95,95.08,42.13,0.002,espresso maker,0.2783,data/Mid224/train/cat/cat_02072.jpeg
train/cat/cat_02073.jpeg,cat,train,SUSPICIOUS_LABEL,489.92,139.37,69.96,0.001,spotlight,0.3291,data/Mid224/train/cat/cat_02073.jpeg
train/cat/cat_02076.jpeg,cat,train,SUSPICIOUS_LABEL,557.69,113.22,42.37,0.0163,Cardigan,0.4937,data/Mid224/train/cat/cat_02076.jpeg
train/cat/cat_02078.jpeg,cat,train,SUSPICIOUS_LABEL,433.94,125.08,45.27,0.0002,English foxhound,0.7039,data/Mid224/train/cat/cat_02078.jpeg
train/cat/cat_02080.jpeg,cat,train,SUSPICIOUS_LABEL,1135.4,94.56,42.2,0.0147,prison,0.5156,data/Mid224/train/cat/cat_02080.jpeg
train/cat/cat_02084.jpeg,cat,train,SUSPICIOUS_LABEL,705.45,117.93,56.15,0.0001,academic gown,0.3633,data/Mid224/train/cat/cat_02084.jpeg
train/cat/cat_02086.jpeg,cat,train,SUSPICIOUS_LABEL,468.29,135.66,55.74,0.0104,bulletproof vest,0.3874,data/Mid224/train/cat/cat_02086.jpeg
train/cat/cat_02089.jpeg,cat,train,SUSPICIOUS_LABEL,219.01,128.72,40.64,0.026,Pomeranian,0.2441,data/Mid224/train/cat/cat_02089.jpeg
train/cat/cat_02094.jpeg,cat,train,SUSPICIOUS_LABEL,114.43,118.69,23.18,0.0,assault rifle,0.5,data/Mid224/train/cat/cat_02094.jpeg
train/cat/cat_02096.jpeg,cat,train,SUSPICIOUS_LABEL,425.66,93.72,71.54,0.011,Siberian husky,0.3472,data/Mid224/train/cat/cat_02096.jpeg
train/cat/cat_02099.jpeg,cat,train,SUSPICIOUS_LABEL,150.1,89.92,54.62,0.0094,Japanese spaniel,0.3536,data/Mid224/train/cat/cat_02099.jpeg
train/cat/cat_02103.jpeg,cat,train,SUSPICIOUS_LABEL,2356.97,117.77,57.2,0.0004,prison,0.3946,data/Mid224/train/cat/cat_02103.jpeg
train/cat/cat_02104.jpeg,cat,train,SUSPICIOUS_LABEL,275.89,122.65,55.15,0.0191,Pembroke,0.6704,data/Mid224/train/cat/cat_02104.jpeg
train/cat/cat_02106.jpeg,cat,train,SUSPICIOUS_LABEL,528.92,136.89,56.54,0.0133,Cardigan,0.6456,data/Mid224/train/cat/cat_02106.jpeg
train/cat/cat_02112.jpeg,cat,train,SUSPICIOUS_LABEL,313.65,142.26,60.04,0.0045,ox,0.2084,data/Mid224/train/cat/cat_02112.jpeg
train/cat/cat_02119.jpeg,cat,train,SUSPICIOUS_LABEL,357.09,107.56,55.98,0.01,wire-haired fox terrier,0.2816,data/Mid224/train/cat/cat_02119.jpeg
train/cat/cat_02120.jpeg,cat,train,SUSPICIOUS_LABEL,178.67,132.11,41.42,0.0392,Norwich terrier,0.208,data/Mid224/train/cat/cat_02120.jpeg
train/cat/cat_02126.jpeg,cat,train,SUSPICIOUS_LABEL,220.26,104.23,55.37,0.0005,Japanese spaniel,0.7484,data/Mid224/train/cat/cat_02126.jpeg
train/cat/cat_02133.jpeg,cat,train,SUSPICIOUS_LABEL,445.56,109.82,64.84,0.03,schipperke,0.6296,data/Mid224/train/cat/cat_02133.jpeg
train/cat/cat_02141.jpeg,cat,train,SUSPICIOUS_LABEL,265.26,141.36,70.92,0.0079,schipperke,0.5661,data/Mid224/train/cat/cat_02141.jpeg
train/cat/cat_02147.jpeg,cat,train,SUSPICIOUS_LABEL,460.11,109.17,55.17,0.0037,wire-haired fox terrier,0.2275,data/Mid224/train/cat/cat_02147.jpeg
train/cat/cat_02148.jpeg,cat,train,SUSPICIOUS_LABEL,250.44,86.53,42.53,0.0308,wire-haired fox terrier,0.2264,data/Mid224/train/cat/cat_02148.jpeg
train/cat/cat_02149.jpeg,cat,train,SUSPICIOUS_LABEL,230.54,110.9,47.53,0.0001,muzzle,0.2232,data/Mid224/train/cat/cat_02149.jpeg
train/cat/cat_02151.jpeg,cat,train,SUSPICIOUS_LABEL,427.9,120.74,60.54,0.0003,Kerry blue terrier,0.3285,data/Mid224/train/cat/cat_02151.jpeg
train/cat/cat_02157.jpeg,cat,train,SUSPICIOUS_LABEL,1010.87,98.77,45.24,0.002,safety pin,0.2773,data/Mid224/train/cat/cat_02157.jpeg
train/cat/cat_02160.jpeg,cat,train,SUSPICIOUS_LABEL,495.34,123.3,48.3,0.0017,bulletproof vest,0.2031,data/Mid224/train/cat/cat_02160.jpeg
train/cat/cat_02162.jpeg,cat,train,SUSPICIOUS_LABEL,295.33,121.14,50.75,0.0355,affenpinscher,0.3727,data/Mid224/train/cat/cat_02162.jpeg
train/cat/cat_02163.jpeg,cat,train,SUSPICIOUS_LABEL,1858.78,99.27,65.27,0.0006,Japanese spaniel,0.309,data/Mid224/train/cat/cat_02163.jpeg
train/cat/cat_02164.jpeg,cat,train,SUSPICIOUS_LABEL,2152.56,142.09,63.17,0.0172,Japanese spaniel,0.3313,data/Mid224/train/cat/cat_02164.jpeg
train/cat/cat_02165.jpeg,cat,train,SUSPICIOUS_LABEL,219.02,134.5,50.6,0.0001,switch,0.2176,data/Mid224/train/cat/cat_02165.jpeg
train/cat/cat_02166.jpeg,cat,train,SUSPICIOUS_LABEL,481.62,136.69,73.39,0.001,bulletproof vest,0.2683,data/Mid224/train/cat/cat_02166.jpeg
train/cat/cat_02168.jpeg,cat,train,SUSPICIOUS_LABEL,301.44,117.24,70.59,0.0034,bearskin,0.3058,data/Mid224/train/cat/cat_02168.jpeg
train/cat/cat_02172.jpeg,cat,train,SUSPICIOUS_LABEL,1135.84,140.06,57.58,0.0,dishwasher,0.4951,data/Mid224/train/cat/cat_02172.jpeg
train/cat/cat_02173.jpeg,cat,train,SUSPICIOUS_LABEL,563.19,119.55,63.14,0.001,Japanese spaniel,0.3986,data/Mid224/train/cat/cat_02173.jpeg
train/cat/cat_02174.jpeg,cat,train,SUSPICIOUS_LABEL,446.74,122.12,35.82,0.0008,carpenter's kit,0.2553,data/Mid224/train/cat/cat_02174.jpeg
train/cat/cat_02176.jpeg,cat,train,SUSPICIOUS_LABEL,329.88,117.37,44.71,0.0009,cocktail shaker,0.3696,data/Mid224/train/cat/cat_02176.jpeg
train/cat/cat_02177.jpeg,cat,train,SUSPICIOUS_LABEL,343.98,128.42,45.4,0.003,cocktail shaker,0.5085,data/Mid224/train/cat/cat_02177.jpeg
train/cat/cat_02178.jpeg,cat,train,SUSPICIOUS_LABEL,180.48,175.7,56.77,0.013,chain saw,0.2158,data/Mid224/train/cat/cat_02178.jpeg
train/cat/cat_02180.jpeg,cat,train,SUSPICIOUS_LABEL,510.79,204.2,61.64,0.0047,bulletproof vest,0.2803,data/Mid224/train/cat/cat_02180.jpeg
train/cat/cat_02187.jpeg,cat,train,SUSPICIOUS_LABEL,382.39,97.99,51.89,0.0082,Japanese spaniel,0.501,data/Mid224/train/cat/cat_02187.jpeg
train/cat/cat_02190.jpeg,cat,train,SUSPICIOUS_LABEL,390.7,147.02,56.07,0.031,Cardigan,0.2281,data/Mid224/train/cat/cat_02190.jpeg
train/cat/cat_02192.jpeg,cat,train,SUSPICIOUS_LABEL,518.33,93.59,57.41,0.0202,kuvasz,0.2738,data/Mid224/train/cat/cat_02192.jpeg
train/cat/cat_02195.jpeg,cat,train,SUSPICIOUS_LABEL,1408.83,112.18,58.29,0.0,dishwasher,0.8868,data/Mid224/train/cat/cat_02195.jpeg
train/cat/cat_02198.jpeg,cat,train,SUSPICIOUS_LABEL,327.55,154.67,59.88,0.0003,half track,0.2974,data/Mid224/train/cat/cat_02198.jpeg
train/cat/cat_02202.jpeg,cat,train,SUSPICIOUS_LABEL,849.11,128.22,33.44,0.0012,moving van,0.2565,data/Mid224/train/cat/cat_02202.jpeg
train/cat/cat_02206.jpeg,cat,train,SUSPICIOUS_LABEL,610.47,132.57,65.15,0.0081,sleeping bag,0.5434,data/Mid224/train/cat/cat_02206.jpeg
train/cat/cat_02207.jpeg,cat,train,SUSPICIOUS_LABEL,188.89,130.75,33.71,0.0006,switch,0.2553,data/Mid224/train/cat/cat_02207.jpeg
train/cat/cat_02208.jpeg,cat,train,SUSPICIOUS_LABEL,110.78,133.94,30.3,0.0178,bolo tie,0.3069,data/Mid224/train/cat/cat_02208.jpeg
train/cat/cat_02209.jpeg,cat,train,SUSPICIOUS_LABEL,177.31,94.71,55.01,0.0013,lab coat,0.2013,data/Mid224/train/cat/cat_02209.jpeg
train/cat/cat_02211.jpeg,cat,train,SUSPICIOUS_LABEL,637.22,92.72,56.54,0.0022,Bernese mountain dog,0.4378,data/Mid224/train/cat/cat_02211.jpeg
train/cat/cat_02214.jpeg,cat,train,SUSPICIOUS_LABEL,199.86,120.18,34.86,0.0006,Japanese spaniel,0.4989,data/Mid224/train/cat/cat_02214.jpeg
train/cat/cat_02215.jpeg,cat,train,SUSPICIOUS_LABEL,178.02,110.14,43.58,0.0012,screen,0.269,data/Mid224/train/cat/cat_02215.jpeg
train/cat/cat_02217.jpeg,cat,train,SUSPICIOUS_LABEL,657.49,122.98,76.96,0.0036,schipperke,0.8444,data/Mid224/train/cat/cat_02217.jpeg
train/cat/cat_02218.jpeg,cat,train,SUSPICIOUS_LABEL,470.37,123.94,65.62,0.0254,German shepherd,0.2359,data/Mid224/train/cat/cat_02218.jpeg
train/cat/cat_02223.jpeg,cat,train,SUSPICIOUS_LABEL,388.21,151.87,52.7,0.0005,custard apple,0.2014,data/Mid224/train/cat/cat_02223.jpeg
train/cat/cat_02225.jpeg,cat,train,SUSPICIOUS_LABEL,122.02,123.41,34.35,0.002,ant,0.3517,data/Mid224/train/cat/cat_02225.jpeg
train/cat/cat_02227.jpeg,cat,train,SUSPICIOUS_LABEL,183.06,138.88,30.71,0.0108,wire-haired fox terrier,0.251,data/Mid224/train/cat/cat_02227.jpeg
train/cat/cat_02228.jpeg,cat,train,SUSPICIOUS_LABEL,723.77,111.03,48.41,0.0014,carpenter's kit,0.2886,data/Mid224/train/cat/cat_02228.jpeg
train/cat/cat_02229.jpeg,cat,train,SUSPICIOUS_LABEL,246.86,139.83,41.83,0.008,Japanese spaniel,0.2182,data/Mid224/train/cat/cat_02229.jpeg
train/cat/cat_02230.jpeg,cat,train,SUSPICIOUS_LABEL,296.98,74.37,54.73,0.0051,Japanese spaniel,0.2018,data/Mid224/train/cat/cat_02230.jpeg
train/cat/cat_02231.jpeg,cat,train,SUSPICIOUS_LABEL,370.1,108.02,41.95,0.0049,Cardigan,0.4551,data/Mid224/train/cat/cat_02231.jpeg
train/cat/cat_02234.jpeg,cat,train,SUSPICIOUS_LABEL,814.86,107.77,52.98,0.0237,prison,0.2613,data/Mid224/train/cat/cat_02234.jpeg
train/cat/cat_02236.jpeg,cat,train,SUSPICIOUS_LABEL,211.46,90.34,64.76,0.0201,Border collie,0.4565,data/Mid224/train/cat/cat_02236.jpeg
train/cat/cat_02240.jpeg,cat,train,SUSPICIOUS_LABEL,265.78,87.9,58.45,0.0222,wire-haired fox terrier,0.5131,data/Mid224/train/cat/cat_02240.jpeg
train/cat/cat_02242.jpeg,cat,train,SUSPICIOUS_LABEL,2688.95,141.48,61.31,0.0,bookcase,0.8897,data/Mid224/train/cat/cat_02242.jpeg
train/cat/cat_02246.jpeg,cat,train,SUSPICIOUS_LABEL,140.68,117.14,70.31,0.0005,bulletproof vest,0.6062,data/Mid224/train/cat/cat_02246.jpeg
train/cat/cat_02255.jpeg,cat,train,SUSPICIOUS_LABEL,352.88,117.04,54.58,0.0038,Cardigan,0.2171,data/Mid224/train/cat/cat_02255.jpeg
train/cat/cat_02256.jpeg,cat,train,SUSPICIOUS_LABEL,409.93,142.76,43.84,0.0051,bulletproof vest,0.2751,data/Mid224/train/cat/cat_02256.jpeg
train/cat/cat_02258.jpeg,cat,train,SUSPICIOUS_LABEL,226.02,109.29,48.63,0.0017,English foxhound,0.3812,data/Mid224/train/cat/cat_02258.jpeg
train/cat/cat_02260.jpeg,cat,train,SUSPICIOUS_LABEL,287.92,129.02,43.32,0.0277,bulletproof vest,0.2234,data/Mid224/train/cat/cat_02260.jpeg
train/cat/cat_02262.jpeg,cat,train,SUSPICIOUS_LABEL,141.51,71.68,54.8,0.0022,bulletproof vest,0.8285,data/Mid224/train/cat/cat_02262.jpeg
train/cat/cat_02263.jpeg,cat,train,SUSPICIOUS_LABEL,787.25,109.98,53.71,0.0072,can opener,0.4164,data/Mid224/train/cat/cat_02263.jpeg
train/cat/cat_02264.jpeg,cat,train,SUSPICIOUS_LABEL,391.84,91.03,65.61,0.0029,thresher,0.3409,data/Mid224/train/cat/cat_02264.jpeg
train/cat/cat_02267.jpeg,cat,train,SUSPICIOUS_LABEL,296.29,96.48,47.44,0.0011,switch,0.2106,data/Mid224/train/cat/cat_02267.jpeg
train/cat/cat_02268.jpeg,cat,train,SUSPICIOUS_LABEL,205.67,161.06,40.81,0.0015,airship,0.2618,data/Mid224/train/cat/cat_02268.jpeg
train/cat/cat_02270.jpeg,cat,train,SUSPICIOUS_LABEL,161.39,139.32,33.38,0.0223,Japanese spaniel,0.2669,data/Mid224/train/cat/cat_02270.jpeg
train/cat/cat_02273.jpeg,cat,train,SUSPICIOUS_LABEL,245.23,58.85,56.42,0.0102,theater curtain,0.2376,data/Mid224/train/cat/cat_02273.jpeg
train/cat/cat_02274.jpeg,cat,train,SUSPICIOUS_LABEL,153.18,119.28,39.69,0.0065,yawl,0.3378,data/Mid224/train/cat/cat_02274.jpeg
train/cat/cat_02275.jpeg,cat,train,SUSPICIOUS_LABEL,401.92,118.47,65.93,0.0199,Cardigan,0.2461,data/Mid224/train/cat/cat_02275.jpeg
train/cat/cat_02276.jpeg,cat,train,SUSPICIOUS_LABEL,524.9,113.41,49.86,0.0108,can opener,0.3286,data/Mid224/train/cat/cat_02276.jpeg
train/cat/cat_02277.jpeg,cat,train,SUSPICIOUS_LABEL,231.28,107.55,41.22,0.0006,Japanese spaniel,0.2895,data/Mid224/train/cat/cat_02277.jpeg
train/cat/cat_02282.jpeg,cat,train,SUSPICIOUS_LABEL,259.41,111.42,41.36,0.0004,chain saw,0.5778,data/Mid224/train/cat/cat_02282.jpeg
train/cat/cat_02285.jpeg,cat,train,SUSPICIOUS_LABEL,388.98,139.73,64.72,0.0028,Cardigan,0.612,data/Mid224/train/cat/cat_02285.jpeg
train/cat/cat_02288.jpeg,cat,train,SUSPICIOUS_LABEL,340.09,139.99,47.1,0.002,Boston bull,0.3287,data/Mid224/train/cat/cat_02288.jpeg
train/cat/cat_02292.jpeg,cat,train,SUSPICIOUS_LABEL,482.46,96.08,50.79,0.0086,revolver,0.6556,data/Mid224/train/cat/cat_02292.jpeg
train/cat/cat_02296.jpeg,cat,train,SUSPICIOUS_LABEL,112.85,114.1,30.58,0.0002,ski,0.2043,data/Mid224/train/cat/cat_02296.jpeg
train/cat/cat_02298.jpeg,cat,train,SUSPICIOUS_LABEL,475.17,105.47,54.71,0.0005,forklift,0.2659,data/Mid224/train/cat/cat_02298.jpeg
train/cat/cat_02299.jpeg,cat,train,SUSPICIOUS_LABEL,265.19,132.35,63.15,0.0085,mousetrap,0.2802,data/Mid224/train/cat/cat_02299.jpeg
train/cat/cat_02301.jpeg,cat,train,SUSPICIOUS_LABEL,98.16,90.72,44.13,0.0032,American black bear,0.6115,data/Mid224/train/cat/cat_02301.jpeg
train/cat/cat_02302.jpeg,cat,train,SUSPICIOUS_LABEL,236.29,126.22,38.56,0.0039,bulletproof vest,0.4682,data/Mid224/train/cat/cat_02302.jpeg
train/cat/cat_02310.jpeg,cat,train,SUSPICIOUS_LABEL,211.37,91.56,40.62,0.0022,Crock Pot,0.2514,data/Mid224/train/cat/cat_02310.jpeg
train/cat/cat_02311.jpeg,cat,train,SUSPICIOUS_LABEL,378.09,122.72,44.81,0.0269,Cardigan,0.4739,data/Mid224/train/cat/cat_02311.jpeg
train/cat/cat_02316.jpeg,cat,train,SUSPICIOUS_LABEL,892.26,110.04,46.68,0.0,plate rack,0.7553,data/Mid224/train/cat/cat_02316.jpeg
train/cat/cat_02321.jpeg,cat,train,SUSPICIOUS_LABEL,358.36,134.29,58.39,0.007,Cardigan,0.2053,data/Mid224/train/cat/cat_02321.jpeg
train/cat/cat_02323.jpeg,cat,train,SUSPICIOUS_LABEL,253.96,131.05,34.97,0.0006,wire-haired fox terrier,0.3767,data/Mid224/train/cat/cat_02323.jpeg
train/cat/cat_02330.jpeg,cat,train,SUSPICIOUS_LABEL,199.34,106.41,49.56,0.0011,Kerry blue terrier,0.3559,data/Mid224/train/cat/cat_02330.jpeg
train/cat/cat_02331.jpeg,cat,train,SUSPICIOUS_LABEL,449.44,131.25,57.21,0.0028,half track,0.2089,data/Mid224/train/cat/cat_02331.jpeg
train/cat/cat_02333.jpeg,cat,train,SUSPICIOUS_LABEL,1026.69,81.49,61.71,0.0011,joystick,0.3146,data/Mid224/train/cat/cat_02333.jpeg
train/cat/cat_02339.jpeg,cat,train,SUSPICIOUS_LABEL,201.34,110.65,41.85,0.0009,red-breasted merganser,0.2664,data/Mid224/train/cat/cat_02339.jpeg
train/cat/cat_02340.jpeg,cat,train,SUSPICIOUS_LABEL,327.64,104.37,39.05,0.014,bulletproof vest,0.2322,data/Mid224/train/cat/cat_02340.jpeg
train/cat/cat_02343.jpeg,cat,train,SUSPICIOUS_LABEL,232.5,77.33,54.24,0.0008,EntleBucher,0.4149,data/Mid224/train/cat/cat_02343.jpeg
train/cat/cat_02345.jpeg,cat,train,SUSPICIOUS_LABEL,474.12,154.51,49.33,0.0016,web site,0.2507,data/Mid224/train/cat/cat_02345.jpeg
train/cat/cat_02350.jpeg,cat,train,SUSPICIOUS_LABEL,1107.23,137.65,52.53,0.0001,cassette player,0.2248,data/Mid224/train/cat/cat_02350.jpeg
train/cat/cat_02355.jpeg,cat,train,SUSPICIOUS_LABEL,1216.34,87.98,46.89,0.0002,plate rack,0.6959,data/Mid224/train/cat/cat_02355.jpeg
train/cat/cat_02363.jpeg,cat,train,SUSPICIOUS_LABEL,188.4,88.27,50.33,0.0313,bulletproof vest,0.2035,data/Mid224/train/cat/cat_02363.jpeg
train/cat/cat_02365.jpeg,cat,train,SUSPICIOUS_LABEL,425.99,119.56,46.06,0.0002,English foxhound,0.3411,data/Mid224/train/cat/cat_02365.jpeg
train/cat/cat_02376.jpeg,cat,train,SUSPICIOUS_LABEL,130.35,98.95,48.09,0.0015,Sealyham terrier,0.8621,data/Mid224/train/cat/cat_02376.jpeg
train/cat/cat_02377.jpeg,cat,train,SUSPICIOUS_LABEL,334.31,147.04,47.88,0.0019,bulletproof vest,0.5207,data/Mid224/train/cat/cat_02377.jpeg
train/cat/cat_02380.jpeg,cat,train,SUSPICIOUS_LABEL,665.0,118.86,54.48,0.0005,Border collie,0.4533,data/Mid224/train/cat/cat_02380.jpeg
train/cat/cat_02381.jpeg,cat,train,SUSPICIOUS_LABEL,462.34,116.76,40.16,0.0018,bulletproof vest,0.4254,data/Mid224/train/cat/cat_02381.jpeg
train/cat/cat_02387.jpeg,cat,train,SUSPICIOUS_LABEL,239.01,101.64,68.44,0.0003,chain saw,0.3025,data/Mid224/train/cat/cat_02387.jpeg
train/cat/cat_02389.jpeg,cat,train,SUSPICIOUS_LABEL,1082.59,115.56,58.97,0.0006,book jacket,0.534,data/Mid224/train/cat/cat_02389.jpeg
train/cat/cat_02390.jpeg,cat,train,SUSPICIOUS_LABEL,220.27,107.58,52.1,0.0019,French bulldog,0.2699,data/Mid224/train/cat/cat_02390.jpeg
train/cat/cat_02392.jpeg,cat,train,SUSPICIOUS_LABEL,216.1,137.41,43.69,0.0063,Japanese spaniel,0.4286,data/Mid224/train/cat/cat_02392.jpeg
train/cat/cat_02400.jpeg,cat,train,SUSPICIOUS_LABEL,471.34,138.78,45.7,0.0002,bicycle-built-for-two,0.2577,data/Mid224/train/cat/cat_02400.jpeg
train/cat/cat_02406.jpeg,cat,train,SUSPICIOUS_LABEL,182.45,103.61,51.84,0.0136,Japanese spaniel,0.3969,data/Mid224/train/cat/cat_02406.jpeg
train/cat/cat_02407.jpeg,cat,train,SUSPICIOUS_LABEL,348.77,132.32,30.64,0.0114,nipple,0.2591,data/Mid224/train/cat/cat_02407.jpeg
train/cat/cat_02411.jpeg,cat,train,SUSPICIOUS_LABEL,247.16,116.05,58.32,0.0028,Japanese spaniel,0.2334,data/Mid224/train/cat/cat_02411.jpeg
train/cat/cat_02412.jpeg,cat,train,SUSPICIOUS_LABEL,862.96,87.6,44.44,0.0,prison,0.9868,data/Mid224/train/cat/cat_02412.jpeg
train/cat/cat_02419.jpeg,cat,train,SUSPICIOUS_LABEL,175.87,114.37,39.37,0.0032,space shuttle,0.2274,data/Mid224/train/cat/cat_02419.jpeg
train/cat/cat_02420.jpeg,cat,train,SUSPICIOUS_LABEL,144.62,109.51,55.12,0.0006,curly-coated retriever,0.2818,data/Mid224/train/cat/cat_02420.jpeg
train/cat/cat_02421.jpeg,cat,train,SUSPICIOUS_LABEL,386.61,123.37,67.91,0.0079,schipperke,0.2925,data/Mid224/train/cat/cat_02421.jpeg
train/cat/cat_02422.jpeg,cat,train,SUSPICIOUS_LABEL,271.83,109.14,49.52,0.0031,Cardigan,0.5637,data/Mid224/train/cat/cat_02422.jpeg
train/cat/cat_02423.jpeg,cat,train,SUSPICIOUS_LABEL,115.01,122.98,36.0,0.0002,can opener,0.3322,data/Mid224/train/cat/cat_02423.jpeg
train/cat/cat_02424.jpeg,cat,train,SUSPICIOUS_LABEL,756.74,114.89,43.48,0.0022,bulletproof vest,0.2179,data/Mid224/train/cat/cat_02424.jpeg
train/cat/cat_02428.jpeg,cat,train,SUSPICIOUS_LABEL,303.54,122.16,67.79,0.046,fox squirrel,0.2657,data/Mid224/train/cat/cat_02428.jpeg
train/cat/cat_02430.jpeg,cat,train,SUSPICIOUS_LABEL,654.42,138.12,75.42,0.0408,EntleBucher,0.2655,data/Mid224/train/cat/cat_02430.jpeg
train/cat/cat_02431.jpeg,cat,train,SUSPICIOUS_LABEL,157.09,89.17,52.95,0.0005,bulletproof vest,0.7949,data/Mid224/train/cat/cat_02431.jpeg
train/cat/cat_02434.jpeg,cat,train,SUSPICIOUS_LABEL,646.33,159.05,65.98,0.0068,hair slide,0.4032,data/Mid224/train/cat/cat_02434.jpeg
train/cat/cat_02436.jpeg,cat,train,SUSPICIOUS_LABEL,867.0,120.97,49.65,0.0003,prison,0.7478,data/Mid224/train/cat/cat_02436.jpeg
train/cat/cat_02438.jpeg,cat,train,SUSPICIOUS_LABEL,744.95,99.84,38.44,0.0001,prison,0.2386,data/Mid224/train/cat/cat_02438.jpeg
train/cat/cat_02440.jpeg,cat,train,SUSPICIOUS_LABEL,542.15,124.91,32.35,0.0003,red-breasted merganser,0.3981,data/Mid224/train/cat/cat_02440.jpeg
train/cat/cat_02448.jpeg,cat,train,SUSPICIOUS_LABEL,129.85,120.32,29.45,0.006,komondor,0.2052,data/Mid224/train/cat/cat_02448.jpeg
train/cat/cat_02449.jpeg,cat,train,SUSPICIOUS_LABEL,232.61,166.92,42.81,0.0028,studio couch,0.4259,data/Mid224/train/cat/cat_02449.jpeg
train/cat/cat_02455.jpeg,cat,train,SUSPICIOUS_LABEL,781.2,138.44,67.08,0.0094,Japanese spaniel,0.3433,data/Mid224/train/cat/cat_02455.jpeg
train/cat/cat_02456.jpeg,cat,train,SUSPICIOUS_LABEL,225.44,111.17,48.13,0.0007,groenendael,0.2845,data/Mid224/train/cat/cat_02456.jpeg
train/cat/cat_02459.jpeg,cat,train,SUSPICIOUS_LABEL,693.66,164.36,61.99,0.0,revolver,0.304,data/Mid224/train/cat/cat_02459.jpeg
train/cat/cat_02460.jpeg,cat,train,SUSPICIOUS_LABEL,386.03,128.43,62.78,0.0012,Kerry blue terrier,0.3098,data/Mid224/train/cat/cat_02460.jpeg
train/cat/cat_02462.jpeg,cat,train,SUSPICIOUS_LABEL,324.89,118.77,80.41,0.0068,studio couch,0.4528,data/Mid224/train/cat/cat_02462.jpeg
train/cat/cat_02463.jpeg,cat,train,SUSPICIOUS_LABEL,264.02,102.73,50.41,0.0002,Kerry blue terrier,0.3233,data/Mid224/train/cat/cat_02463.jpeg
train/cat/cat_02465.jpeg,cat,train,SUSPICIOUS_LABEL,205.8,95.41,54.66,0.0002,espresso maker,0.5263,data/Mid224/train/cat/cat_02465.jpeg
train/cat/cat_02466.jpeg,cat,train,SUSPICIOUS_LABEL,249.34,118.45,37.04,0.0001,wire-haired fox terrier,0.6722,data/Mid224/train/cat/cat_02466.jpeg
train/cat/cat_02469.jpeg,cat,train,SUSPICIOUS_LABEL,521.63,109.47,64.66,0.001,bulletproof vest,0.3792,data/Mid224/train/cat/cat_02469.jpeg
train/cat/cat_02472.jpeg,cat,train,SUSPICIOUS_LABEL,674.34,127.26,51.29,0.0003,clumber,0.2424,data/Mid224/train/cat/cat_02472.jpeg
train/cat/cat_02474.jpeg,cat,train,SUSPICIOUS_LABEL,415.54,91.06,66.38,0.0012,ground beetle,0.2002,data/Mid224/train/cat/cat_02474.jpeg
train/cat/cat_02476.jpeg,cat,train,SUSPICIOUS_LABEL,997.4,96.35,60.77,0.0003,prison,0.4102,data/Mid224/train/cat/cat_02476.jpeg
train/cat/cat_02487.jpeg,cat,train,SUSPICIOUS_LABEL,477.01,117.42,54.58,0.0002,airship,0.3649,data/Mid224/train/cat/cat_02487.jpeg
train/cat/cat_02490.jpeg,cat,train,SUSPICIOUS_LABEL,1191.46,122.24,53.49,0.0018,studio couch,0.6212,data/Mid224/train/cat/cat_02490.jpeg
train/cat/cat_02491.jpeg,cat,train,SUSPICIOUS_LABEL,759.4,119.51,54.6,0.0142,Japanese spaniel,0.7032,data/Mid224/train/cat/cat_02491.jpeg
train/cat/cat_02496.jpeg,cat,train,SUSPICIOUS_LABEL,535.76,126.09,62.53,0.0186,skunk,0.3208,data/Mid224/train/cat/cat_02496.jpeg
train/cat/cat_02500.jpeg,cat,train,SUSPICIOUS_LABEL,184.98,112.04,49.17,0.0071,moving van,0.3956,data/Mid224/train/cat/cat_02500.jpeg
train/cat/cat_02503.jpeg,cat,train,SUSPICIOUS_LABEL,270.79,94.38,58.38,0.0074,television,0.2188,data/Mid224/train/cat/cat_02503.jpeg
train/cat/cat_02504.jpeg,cat,train,SUSPICIOUS_LABEL,387.1,89.72,78.27,0.0149,Scotch terrier,0.2525,data/Mid224/train/cat/cat_02504.jpeg
train/cat/cat_02507.jpeg,cat,train,SUSPICIOUS_LABEL,334.51,117.7,67.17,0.0017,chain saw,0.444,data/Mid224/train/cat/cat_02507.jpeg
train/cat/cat_02513.jpeg,cat,train,SUSPICIOUS_LABEL,256.92,98.33,77.64,0.0082,bulletproof vest,0.4379,data/Mid224/train/cat/cat_02513.jpeg
train/cat/cat_02516.jpeg,cat,train,SUSPICIOUS_LABEL,351.52,124.89,70.87,0.0107,ski mask,0.2548,data/Mid224/train/cat/cat_02516.jpeg
train/cat/cat_02526.jpeg,cat,train,SUSPICIOUS_LABEL,175.08,101.43,33.61,0.0001,chain saw,0.5292,data/Mid224/train/cat/cat_02526.jpeg
train/cat/cat_02529.jpeg,cat,train,SUSPICIOUS_LABEL,266.33,158.56,57.89,0.0046,wire-haired fox terrier,0.8176,data/Mid224/train/cat/cat_02529.jpeg
train/cat/cat_02531.jpeg,cat,train,SUSPICIOUS_LABEL,930.05,95.18,60.01,0.0036,prison,0.892,data/Mid224/train/cat/cat_02531.jpeg
train/cat/cat_02535.jpeg,cat,train,SUSPICIOUS_LABEL,163.58,142.07,60.79,0.0061,Old English sheepdog,0.4983,data/Mid224/train/cat/cat_02535.jpeg
train/cat/cat_02536.jpeg,cat,train,SUSPICIOUS_LABEL,223.0,109.06,52.1,0.0018,Japanese spaniel,0.3956,data/Mid224/train/cat/cat_02536.jpeg
train/cat/cat_02537.jpeg,cat,train,SUSPICIOUS_LABEL,255.87,108.97,55.69,0.0051,ox,0.2107,data/Mid224/train/cat/cat_02537.jpeg
train/cat/cat_02539.jpeg,cat,train,SUSPICIOUS_LABEL,753.23,118.67,58.02,0.0007,breastplate,0.2223,data/Mid224/train/cat/cat_02539.jpeg
train/cat/cat_02540.jpeg,cat,train,SUSPICIOUS_LABEL,525.5,129.37,40.66,0.0061,fire screen,0.263,data/Mid224/train/cat/cat_02540.jpeg
train/cat/cat_02547.jpeg,cat,train,SUSPICIOUS_LABEL,167.91,81.93,53.02,0.002,punching bag,0.247,data/Mid224/train/cat/cat_02547.jpeg
train/cat/cat_02552.jpeg,cat,train,SUSPICIOUS_LABEL,404.72,120.54,45.13,0.0011,barbell,0.2076,data/Mid224/train/cat/cat_02552.jpeg
train/cat/cat_02554.jpeg,cat,train,SUSPICIOUS_LABEL,208.25,152.91,39.02,0.0212,toy terrier,0.2785,data/Mid224/train/cat/cat_02554.jpeg
train/cat/cat_02561.jpeg,cat,train,SUSPICIOUS_LABEL,258.52,136.42,42.23,0.0009,space shuttle,0.3524,data/Mid224/train/cat/cat_02561.jpeg
train/cat/cat_02562.jpeg,cat,train,SUSPICIOUS_LABEL,624.32,133.03,54.4,0.0002,plate rack,0.234,data/Mid224/train/cat/cat_02562.jpeg
train/cat/cat_02565.jpeg,cat,train,SUSPICIOUS_LABEL,203.86,133.96,59.94,0.0032,bulletproof vest,0.2749,data/Mid224/train/cat/cat_02565.jpeg
train/cat/cat_02566.jpeg,cat,train,SUSPICIOUS_LABEL,900.73,117.02,62.21,0.0145,Cardigan,0.4915,data/Mid224/train/cat/cat_02566.jpeg
train/cat/cat_02571.jpeg,cat,train,SUSPICIOUS_LABEL,549.25,110.23,48.42,0.0009,milk can,0.3897,data/Mid224/train/cat/cat_02571.jpeg
train/cat/cat_02574.jpeg,cat,train,SUSPICIOUS_LABEL,319.44,125.6,32.32,0.0003,can opener,0.606,data/Mid224/train/cat/cat_02574.jpeg
train/cat/cat_02577.jpeg,cat,train,SUSPICIOUS_LABEL,639.0,87.43,80.76,0.0188,Japanese spaniel,0.2323,data/Mid224/train/cat/cat_02577.jpeg
train/cat/cat_02587.jpeg,cat,train,SUSPICIOUS_LABEL,160.87,119.66,43.52,0.0025,wire-haired fox terrier,0.2039,data/Mid224/train/cat/cat_02587.jpeg
train/cat/cat_02589.jpeg,cat,train,SUSPICIOUS_LABEL,430.16,113.9,72.24,0.0028,schipperke,0.2727,data/Mid224/train/cat/cat_02589.jpeg
train/cat/cat_02598.jpeg,cat,train,SUSPICIOUS_LABEL,381.94,106.74,59.23,0.0269,EntleBucher,0.3718,data/Mid224/train/cat/cat_02598.jpeg
train/cat/cat_02599.jpeg,cat,train,SUSPICIOUS_LABEL,523.42,119.11,83.57,0.012,schipperke,0.3171,data/Mid224/train/cat/cat_02599.jpeg
train/cat/cat_02603.jpeg,cat,train,SUSPICIOUS_LABEL,133.09,112.78,44.73,0.0145,bathtub,0.2175,data/Mid224/train/cat/cat_02603.jpeg
train/cat/cat_02604.jpeg,cat,train,SUSPICIOUS_LABEL,408.49,110.72,65.38,0.0122,ox,0.2151,data/Mid224/train/cat/cat_02604.jpeg
train/cat/cat_02613.jpeg,cat,train,SUSPICIOUS_LABEL,691.15,120.48,59.77,0.0009,wire-haired fox terrier,0.4318,data/Mid224/train/cat/cat_02613.jpeg
train/cat/cat_02615.jpeg,cat,train,SUSPICIOUS_LABEL,370.76,135.17,43.79,0.0092,Angora,0.2594,data/Mid224/train/cat/cat_02615.jpeg
train/cat/cat_02616.jpeg,cat,train,SUSPICIOUS_LABEL,486.71,103.94,53.11,0.0007,pickelhaube,0.5048,data/Mid224/train/cat/cat_02616.jpeg
train/cat/cat_02617.jpeg,cat,train,SUSPICIOUS_LABEL,469.07,137.04,44.68,0.0012,bulletproof vest,0.6642,data/Mid224/train/cat/cat_02617.jpeg
train/cat/cat_02618.jpeg,cat,train,SUSPICIOUS_LABEL,807.24,91.11,64.68,0.0215,Japanese spaniel,0.5417,data/Mid224/train/cat/cat_02618.jpeg
train/cat/cat_02620.jpeg,cat,train,SUSPICIOUS_LABEL,258.13,110.76,42.91,0.0036,kit fox,0.4836,data/Mid224/train/cat/cat_02620.jpeg
train/cat/cat_02621.jpeg,cat,train,SUSPICIOUS_LABEL,158.03,110.43,47.45,0.0138,space shuttle,0.2376,data/Mid224/train/cat/cat_02621.jpeg
train/cat/cat_02625.jpeg,cat,train,SUSPICIOUS_LABEL,229.69,122.56,60.15,0.0445,schipperke,0.2544,data/Mid224/train/cat/cat_02625.jpeg
train/cat/cat_02629.jpeg,cat,train,SUSPICIOUS_LABEL,352.57,139.02,38.09,0.0084,German short-haired pointer,0.39,data/Mid224/train/cat/cat_02629.jpeg
train/cat/cat_02630.jpeg,cat,train,SUSPICIOUS_LABEL,613.23,112.92,65.91,0.0,bobsled,0.2861,data/Mid224/train/cat/cat_02630.jpeg
train/cat/cat_02632.jpeg,cat,train,SUSPICIOUS_LABEL,170.44,110.02,41.28,0.0073,Japanese spaniel,0.3188,data/Mid224/train/cat/cat_02632.jpeg
train/cat/cat_02633.jpeg,cat,train,SUSPICIOUS_LABEL,623.77,141.12,76.51,0.0164,Cardigan,0.5997,data/Mid224/train/cat/cat_02633.jpeg
train/cat/cat_02649.jpeg,cat,train,SUSPICIOUS_LABEL,188.84,138.21,70.76,0.0007,bulletproof vest,0.2557,data/Mid224/train/cat/cat_02649.jpeg
train/cat/cat_02652.jpeg,cat,train,SUSPICIOUS_LABEL,1418.24,93.17,42.51,0.0001,prison,0.7155,data/Mid224/train/cat/cat_02652.jpeg
train/cat/cat_02655.jpeg,cat,train,SUSPICIOUS_LABEL,390.26,92.99,49.95,0.0017,Sealyham terrier,0.227,data/Mid224/train/cat/cat_02655.jpeg
train/cat/cat_02659.jpeg,cat,train,SUSPICIOUS_LABEL,227.59,79.98,47.29,0.0076,ground beetle,0.2576,data/Mid224/train/cat/cat_02659.jpeg
train/cat/cat_02661.jpeg,cat,train,SUSPICIOUS_LABEL,250.35,85.43,49.43,0.0042,wire-haired fox terrier,0.5187,data/Mid224/train/cat/cat_02661.jpeg
train/cat/cat_02662.jpeg,cat,train,SUSPICIOUS_LABEL,269.91,134.01,36.5,0.0007,moving van,0.3575,data/Mid224/train/cat/cat_02662.jpeg
train/cat/cat_02664.jpeg,cat,train,SUSPICIOUS_LABEL,1209.04,150.0,51.4,0.0001,plate rack,0.4562,data/Mid224/train/cat/cat_02664.jpeg
train/cat/cat_02675.jpeg,cat,train,SUSPICIOUS_LABEL,319.32,113.93,66.63,0.0112,schipperke,0.2104,data/Mid224/train/cat/cat_02675.jpeg
train/cat/cat_02677.jpeg,cat,train,SUSPICIOUS_LABEL,1787.91,128.79,52.64,0.0,dishwasher,0.8279,data/Mid224/train/cat/cat_02677.jpeg
train/cat/cat_02685.jpeg,cat,train,SUSPICIOUS_LABEL,485.66,119.63,66.06,0.0009,safe,0.2203,data/Mid224/train/cat/cat_02685.jpeg
train/cat/cat_02686.jpeg,cat,train,SUSPICIOUS_LABEL,641.46,146.57,41.75,0.0003,space bar,0.4891,data/Mid224/train/cat/cat_02686.jpeg
train/cat/cat_02690.jpeg,cat,train,SUSPICIOUS_LABEL,417.91,99.3,54.45,0.0194,Japanese spaniel,0.4151,data/Mid224/train/cat/cat_02690.jpeg
train/cat/cat_02696.jpeg,cat,train,SUSPICIOUS_LABEL,196.66,105.04,29.0,0.0032,container ship,0.2221,data/Mid224/train/cat/cat_02696.jpeg
train/cat/cat_02704.jpeg,cat,train,SUSPICIOUS_LABEL,482.75,114.75,66.89,0.0005,thresher,0.3121,data/Mid224/train/cat/cat_02704.jpeg
train/cat/cat_02706.jpeg,cat,train,SUSPICIOUS_LABEL,435.79,115.92,53.27,0.0004,forklift,0.4905,data/Mid224/train/cat/cat_02706.jpeg
train/cat/cat_02711.jpeg,cat,train,SUSPICIOUS_LABEL,553.07,119.43,80.56,0.0043,bulletproof vest,0.4716,data/Mid224/train/cat/cat_02711.jpeg
train/cat/cat_02716.jpeg,cat,train,SUSPICIOUS_LABEL,289.35,107.65,42.52,0.0069,can opener,0.2982,data/Mid224/train/cat/cat_02716.jpeg
train/cat/cat_02718.jpeg,cat,train,SUSPICIOUS_LABEL,249.3,135.93,57.46,0.0087,wire-haired fox terrier,0.2192,data/Mid224/train/cat/cat_02718.jpeg
train/cat/cat_02721.jpeg,cat,train,SUSPICIOUS_LABEL,624.4,127.76,47.24,0.0025,Cardigan,0.3169,data/Mid224/train/cat/cat_02721.jpeg
train/cat/cat_02722.jpeg,cat,train,SUSPICIOUS_LABEL,276.89,140.43,43.67,0.0002,wire-haired fox terrier,0.5136,data/Mid224/train/cat/cat_02722.jpeg
train/cat/cat_02724.jpeg,cat,train,SUSPICIOUS_LABEL,535.75,111.68,64.55,0.0025,prison,0.286,data/Mid224/train/cat/cat_02724.jpeg
train/cat/cat_02728.jpeg,cat,train,SUSPICIOUS_LABEL,604.46,121.74,53.65,0.0029,Border collie,0.3213,data/Mid224/train/cat/cat_02728.jpeg
train/cat/cat_02731.jpeg,cat,train,SUSPICIOUS_LABEL,654.73,127.19,65.56,0.0006,prison,0.2235,data/Mid224/train/cat/cat_02731.jpeg
train/cat/cat_02732.jpeg,cat,train,SUSPICIOUS_LABEL,132.59,140.08,34.0,0.0014,airship,0.2494,data/Mid224/train/cat/cat_02732.jpeg
train/cat/cat_02734.jpeg,cat,train,SUSPICIOUS_LABEL,347.91,101.79,49.72,0.0001,Rottweiler,0.3746,data/Mid224/train/cat/cat_02734.jpeg
train/cat/cat_02737.jpeg,cat,train,SUSPICIOUS_LABEL,155.52,132.02,61.23,0.0005,space shuttle,0.7137,data/Mid224/train/cat/cat_02737.jpeg
train/cat/cat_02738.jpeg,cat,train,SUSPICIOUS_LABEL,99.75,138.13,28.21,0.0037,airship,0.2982,data/Mid224/train/cat/cat_02738.jpeg
train/cat/cat_02740.jpeg,cat,train,SUSPICIOUS_LABEL,336.72,102.97,65.64,0.0158,Cardigan,0.2078,data/Mid224/train/cat/cat_02740.jpeg
train/cat/cat_02742.jpeg,cat,train,SUSPICIOUS_LABEL,453.31,117.69,45.22,0.0032,fire screen,0.4136,data/Mid224/train/cat/cat_02742.jpeg
train/cat/cat_02744.jpeg,cat,train,SUSPICIOUS_LABEL,470.41,144.99,56.31,0.0002,schipperke,0.3749,data/Mid224/train/cat/cat_02744.jpeg
train/cat/cat_02745.jpeg,cat,train,SUSPICIOUS_LABEL,141.82,135.03,49.38,0.0316,bulletproof vest,0.2554,data/Mid224/train/cat/cat_02745.jpeg
train/cat/cat_02746.jpeg,cat,train,SUSPICIOUS_LABEL,175.17,135.27,48.67,0.0135,curly-coated retriever,0.316,data/Mid224/train/cat/cat_02746.jpeg
train/cat/cat_02751.jpeg,cat,train,SUSPICIOUS_LABEL,1151.39,105.14,58.27,0.0001,plate rack,0.2025,data/Mid224/train/cat/cat_02751.jpeg
train/cat/cat_02754.jpeg,cat,train,SUSPICIOUS_LABEL,248.53,120.86,57.61,0.0002,English foxhound,0.2656,data/Mid224/train/cat/cat_02754.jpeg
train/cat/cat_02755.jpeg,cat,train,SUSPICIOUS_LABEL,143.46,94.37,48.83,0.0089,wire-haired fox terrier,0.2615,data/Mid224/train/cat/cat_02755.jpeg
train/cat/cat_02757.jpeg,cat,train,SUSPICIOUS_LABEL,339.41,150.02,60.82,0.0048,assault rifle,0.4677,data/Mid224/train/cat/cat_02757.jpeg
train/cat/cat_02761.jpeg,cat,train,SUSPICIOUS_LABEL,378.07,151.89,48.82,0.0,photocopier,0.2576,data/Mid224/train/cat/cat_02761.jpeg
train/cat/cat_02766.jpeg,cat,train,SUSPICIOUS_LABEL,366.48,107.27,58.03,0.0036,prison,0.2886,data/Mid224/train/cat/cat_02766.jpeg
train/cat/cat_02769.jpeg,cat,train,SUSPICIOUS_LABEL,280.7,133.26,39.41,0.0006,thresher,0.3423,data/Mid224/train/cat/cat_02769.jpeg
train/cat/cat_02770.jpeg,cat,train,SUSPICIOUS_LABEL,179.81,129.19,39.0,0.0006,airship,0.2159,data/Mid224/train/cat/cat_02770.jpeg
train/cat/cat_02771.jpeg,cat,train,SUSPICIOUS_LABEL,213.0,110.75,44.62,0.0058,revolver,0.2597,data/Mid224/train/cat/cat_02771.jpeg
train/cat/cat_02772.jpeg,cat,train,SUSPICIOUS_LABEL,230.19,105.3,44.45,0.0011,assault rifle,0.2609,data/Mid224/train/cat/cat_02772.jpeg
train/cat/cat_02774.jpeg,cat,train,SUSPICIOUS_LABEL,448.08,119.91,36.52,0.0113,jigsaw puzzle,0.6649,data/Mid224/train/cat/cat_02774.jpeg
train/cat/cat_02779.jpeg,cat,train,SUSPICIOUS_LABEL,170.64,120.48,48.73,0.0003,Japanese spaniel,0.2478,data/Mid224/train/cat/cat_02779.jpeg
train/cat/cat_02785.jpeg,cat,train,SUSPICIOUS_LABEL,226.44,103.57,56.97,0.0005,revolver,0.3887,data/Mid224/train/cat/cat_02785.jpeg
train/cat/cat_02789.jpeg,cat,train,SUSPICIOUS_LABEL,618.0,140.11,54.96,0.0497,kit fox,0.5857,data/Mid224/train/cat/cat_02789.jpeg
train/cat/cat_02791.jpeg,cat,train,SUSPICIOUS_LABEL,960.85,132.25,50.79,0.0004,web site,0.4045,data/Mid224/train/cat/cat_02791.jpeg
train/cat/cat_02793.jpeg,cat,train,SUSPICIOUS_LABEL,168.7,122.58,34.96,0.0013,can opener,0.2544,data/Mid224/train/cat/cat_02793.jpeg
train/cat/cat_02794.jpeg,cat,train,SUSPICIOUS_LABEL,258.87,138.13,47.44,0.0003,bulletproof vest,0.9111,data/Mid224/train/cat/cat_02794.jpeg
train/cat/cat_02796.jpeg,cat,train,SUSPICIOUS_LABEL,363.75,125.96,64.05,0.0283,can opener,0.2433,data/Mid224/train/cat/cat_02796.jpeg
train/cat/cat_02798.jpeg,cat,train,SUSPICIOUS_LABEL,316.37,119.81,62.39,0.0029,Saint Bernard,0.6254,data/Mid224/train/cat/cat_02798.jpeg
train/cat/cat_02810.jpeg,cat,train,SUSPICIOUS_LABEL,248.95,119.77,35.85,0.0015,bulletproof vest,0.3798,data/Mid224/train/cat/cat_02810.jpeg
train/cat/cat_02812.jpeg,cat,train,SUSPICIOUS_LABEL,346.51,122.93,62.57,0.0089,affenpinscher,0.3317,data/Mid224/train/cat/cat_02812.jpeg
train/cat/cat_02816.jpeg,cat,train,SUSPICIOUS_LABEL,308.77,114.56,54.12,0.0067,bulletproof vest,0.3514,data/Mid224/train/cat/cat_02816.jpeg
train/cat/cat_02821.jpeg,cat,train,SUSPICIOUS_LABEL,237.31,105.12,40.17,0.0014,sleeping bag,0.2031,data/Mid224/train/cat/cat_02821.jpeg
train/cat/cat_02823.jpeg,cat,train,SUSPICIOUS_LABEL,198.59,97.95,56.86,0.0045,Border collie,0.2535,data/Mid224/train/cat/cat_02823.jpeg
train/cat/cat_02828.jpeg,cat,train,SUSPICIOUS_LABEL,670.48,113.34,55.15,0.0002,espresso maker,0.2006,data/Mid224/train/cat/cat_02828.jpeg
train/cat/cat_02830.jpeg,cat,train,SUSPICIOUS_LABEL,257.64,103.31,46.77,0.0006,Cardigan,0.5251,data/Mid224/train/cat/cat_02830.jpeg
train/cat/cat_02831.jpeg,cat,train,SUSPICIOUS_LABEL,250.41,99.11,62.94,0.0105,Border collie,0.3399,data/Mid224/train/cat/cat_02831.jpeg
train/cat/cat_02832.jpeg,cat,train,SUSPICIOUS_LABEL,397.02,112.08,87.77,0.0019,affenpinscher,0.3275,data/Mid224/train/cat/cat_02832.jpeg
train/cat/cat_02837.jpeg,cat,train,SUSPICIOUS_LABEL,315.31,87.11,48.25,0.0003,bulletproof vest,0.4308,data/Mid224/train/cat/cat_02837.jpeg
train/cat/cat_02841.jpeg,cat,train,SUSPICIOUS_LABEL,251.32,137.57,34.82,0.0015,breastplate,0.5802,data/Mid224/train/cat/cat_02841.jpeg
train/cat/cat_02842.jpeg,cat,train,SUSPICIOUS_LABEL,347.99,143.54,57.81,0.0015,moving van,0.2081,data/Mid224/train/cat/cat_02842.jpeg
train/cat/cat_02846.jpeg,cat,train,SUSPICIOUS_LABEL,311.93,117.03,41.48,0.0009,gyromitra,0.3255,data/Mid224/train/cat/cat_02846.jpeg
train/cat/cat_02854.jpeg,cat,train,SUSPICIOUS_LABEL,1426.14,105.36,62.57,0.0027,milk can,0.3127,data/Mid224/train/cat/cat_02854.jpeg
train/cat/cat_02857.jpeg,cat,train,SUSPICIOUS_LABEL,284.76,112.21,46.32,0.0022,revolver,0.3384,data/Mid224/train/cat/cat_02857.jpeg
train/cat/cat_02862.jpeg,cat,train,SUSPICIOUS_LABEL,163.82,122.06,49.69,0.0063,wire-haired fox terrier,0.4416,data/Mid224/train/cat/cat_02862.jpeg
train/cat/cat_02863.jpeg,cat,train,SUSPICIOUS_LABEL,825.78,110.39,49.89,0.0039,quill,0.3629,data/Mid224/train/cat/cat_02863.jpeg
train/cat/cat_02865.jpeg,cat,train,SUSPICIOUS_LABEL,302.63,124.5,37.97,0.0142,pickelhaube,0.292,data/Mid224/train/cat/cat_02865.jpeg
train/cat/cat_02870.jpeg,cat,train,SUSPICIOUS_LABEL,350.12,124.16,51.82,0.0268,toy terrier,0.7147,data/Mid224/train/cat/cat_02870.jpeg
train/cat/cat_02872.jpeg,cat,train,SUSPICIOUS_LABEL,332.14,92.5,54.5,0.022,Siberian husky,0.2868,data/Mid224/train/cat/cat_02872.jpeg
train/cat/cat_02873.jpeg,cat,train,SUSPICIOUS_LABEL,345.77,89.09,56.2,0.0132,Samoyed,0.2718,data/Mid224/train/cat/cat_02873.jpeg
train/cat/cat_02880.jpeg,cat,train,SUSPICIOUS_LABEL,376.84,92.23,87.88,0.0092,Japanese spaniel,0.278,data/Mid224/train/cat/cat_02880.jpeg
train/cat/cat_02881.jpeg,cat,train,SUSPICIOUS_LABEL,272.74,130.79,52.49,0.0082,Chihuahua,0.3754,data/Mid224/train/cat/cat_02881.jpeg
train/cat/cat_02889.jpeg,cat,train,SUSPICIOUS_LABEL,507.94,88.3,60.04,0.0185,Angora,0.2331,data/Mid224/train/cat/cat_02889.jpeg
train/cat/cat_02899.jpeg,cat,train,SUSPICIOUS_LABEL,380.37,154.96,37.12,0.0013,assault rifle,0.2403,data/Mid224/train/cat/cat_02899.jpeg
train/cat/cat_02902.jpeg,cat,train,SUSPICIOUS_LABEL,532.07,124.42,67.25,0.0011,killer whale,0.218,data/Mid224/train/cat/cat_02902.jpeg
train/cat/cat_02906.jpeg,cat,train,SUSPICIOUS_LABEL,135.38,136.62,29.86,0.0024,nipple,0.2369,data/Mid224/train/cat/cat_02906.jpeg
train/cat/cat_02910.jpeg,cat,train,SUSPICIOUS_LABEL,409.58,109.46,70.48,0.0239,bulletproof vest,0.3044,data/Mid224/train/cat/cat_02910.jpeg
train/cat/cat_02919.jpeg,cat,train,SUSPICIOUS_LABEL,516.06,116.79,40.49,0.0017,Norwich terrier,0.3973,data/Mid224/train/cat/cat_02919.jpeg
train/cat/cat_02922.jpeg,cat,train,SUSPICIOUS_LABEL,228.34,92.91,38.57,0.0029,bulletproof vest,0.2727,data/Mid224/train/cat/cat_02922.jpeg
train/cat/cat_02929.jpeg,cat,train,SUSPICIOUS_LABEL,201.77,104.76,68.31,0.0023,sloth bear,0.2809,data/Mid224/train/cat/cat_02929.jpeg
train/cat/cat_02930.jpeg,cat,train,SUSPICIOUS_LABEL,323.92,143.94,59.31,0.0005,curly-coated retriever,0.702,data/Mid224/train/cat/cat_02930.jpeg
train/cat/cat_02931.jpeg,cat,train,SUSPICIOUS_LABEL,603.36,115.42,37.87,0.0027,panpipe,0.2702,data/Mid224/train/cat/cat_02931.jpeg
train/cat/cat_02933.jpeg,cat,train,SUSPICIOUS_LABEL,2911.39,123.99,65.53,0.0047,prison,0.5697,data/Mid224/train/cat/cat_02933.jpeg
train/cat/cat_02936.jpeg,cat,train,SUSPICIOUS_LABEL,682.77,136.16,71.17,0.0021,dishwasher,0.2994,data/Mid224/train/cat/cat_02936.jpeg
train/cat/cat_02938.jpeg,cat,train,SUSPICIOUS_LABEL,1032.51,141.37,52.14,0.0341,bulletproof vest,0.4037,data/Mid224/train/cat/cat_02938.jpeg
train/cat/cat_02951.jpeg,cat,train,SUSPICIOUS_LABEL,177.55,130.12,44.53,0.0344,Sealyham terrier,0.3619,data/Mid224/train/cat/cat_02951.jpeg
train/cat/cat_02956.jpeg,cat,train,SUSPICIOUS_LABEL,223.7,141.49,35.06,0.0019,wire-haired fox terrier,0.2586,data/Mid224/train/cat/cat_02956.jpeg
train/cat/cat_02958.jpeg,cat,train,SUSPICIOUS_LABEL,268.56,104.13,52.7,0.0029,space shuttle,0.2323,data/Mid224/train/cat/cat_02958.jpeg
train/cat/cat_02959.jpeg,cat,train,SUSPICIOUS_LABEL,215.39,111.52,47.36,0.0071,hatchet,0.2368,data/Mid224/train/cat/cat_02959.jpeg
train/cat/cat_02960.jpeg,cat,train,SUSPICIOUS_LABEL,269.93,80.71,46.55,0.022,panpipe,0.2319,data/Mid224/train/cat/cat_02960.jpeg
train/cat/cat_02962.jpeg,cat,train,SUSPICIOUS_LABEL,187.83,138.34,51.36,0.0071,Cardigan,0.2214,data/Mid224/train/cat/cat_02962.jpeg
train/cat/cat_02964.jpeg,cat,train,SUSPICIOUS_LABEL,180.84,138.53,48.64,0.0001,milk can,0.4322,data/Mid224/train/cat/cat_02964.jpeg
train/cat/cat_02965.jpeg,cat,train,SUSPICIOUS_LABEL,227.63,76.17,51.64,0.0017,isopod,0.28,data/Mid224/train/cat/cat_02965.jpeg
train/cat/cat_02969.jpeg,cat,train,SUSPICIOUS_LABEL,168.79,79.25,48.89,0.0003,curly-coated retriever,0.4731,data/Mid224/train/cat/cat_02969.jpeg
train/cat/cat_02971.jpeg,cat,train,SUSPICIOUS_LABEL,237.21,126.98,65.32,0.0061,espresso maker,0.2343,data/Mid224/train/cat/cat_02971.jpeg
train/cat/cat_02981.jpeg,cat,train,SUSPICIOUS_LABEL,250.07,73.75,54.28,0.0308,Border collie,0.3052,data/Mid224/train/cat/cat_02981.jpeg
train/cat/cat_02982.jpeg,cat,train,SUSPICIOUS_LABEL,221.43,120.5,61.62,0.0214,schipperke,0.3921,data/Mid224/train/cat/cat_02982.jpeg
train/cat/cat_02985.jpeg,cat,train,SUSPICIOUS_LABEL,351.41,111.8,50.5,0.0001,Japanese spaniel,0.7816,data/Mid224/train/cat/cat_02985.jpeg
train/cat/cat_02986.jpeg,cat,train,SUSPICIOUS_LABEL,1052.53,136.44,52.62,0.0041,dishwasher,0.3383,data/Mid224/train/cat/cat_02986.jpeg
train/cat/cat_02990.jpeg,cat,train,SUSPICIOUS_LABEL,199.18,134.39,54.58,0.0014,Japanese spaniel,0.4462,data/Mid224/train/cat/cat_02990.jpeg
train/cat/cat_02991.jpeg,cat,train,SUSPICIOUS_LABEL,3879.25,112.52,56.74,0.0008,Siberian husky,0.2053,data/Mid224/train/cat/cat_02991.jpeg
train/cat/cat_02994.jpeg,cat,train,SUSPICIOUS_LABEL,538.32,110.38,55.06,0.0129,Old English sheepdog,0.269,data/Mid224/train/cat/cat_02994.jpeg
train/cat/cat_02998.jpeg,cat,train,SUSPICIOUS_LABEL,310.05,136.63,41.55,0.0135,Japanese spaniel,0.5689,data/Mid224/train/cat/cat_02998.jpeg
train/cat/cat_02999.jpeg,cat,train,SUSPICIOUS_LABEL,364.58,145.18,62.18,0.0123,Cardigan,0.4022,data/Mid224/train/cat/cat_02999.jpeg
train/cat/cat_03002.jpeg,cat,train,SUSPICIOUS_LABEL,372.07,117.06,55.73,0.0005,EntleBucher,0.2368,data/Mid224/train/cat/cat_03002.jpeg
train/cat/cat_03003.jpeg,cat,train,SUSPICIOUS_LABEL,327.81,108.3,72.97,0.0071,Eskimo dog,0.2398,data/Mid224/train/cat/cat_03003.jpeg
train/cat/cat_03004.jpeg,cat,train,SUSPICIOUS_LABEL,422.13,64.16,58.18,0.0027,guillotine,0.468,data/Mid224/train/cat/cat_03004.jpeg
train/cat/cat_03006.jpeg,cat,train,SUSPICIOUS_LABEL,302.64,117.97,48.52,0.005,Japanese spaniel,0.2096,data/Mid224/train/cat/cat_03006.jpeg
train/cat/cat_03015.jpeg,cat,train,SUSPICIOUS_LABEL,329.06,127.91,21.8,0.0008,hair slide,0.6916,data/Mid224/train/cat/cat_03015.jpeg
train/cat/cat_03018.jpeg,cat,train,BLURRY;SUSPICIOUS_LABEL,67.96,126.49,26.08,0.0005,assault rifle,0.2326,data/Mid224/train/cat/cat_03018.jpeg
train/cat/cat_03019.jpeg,cat,train,SUSPICIOUS_LABEL,1387.65,133.67,78.1,0.02,schipperke,0.2745,data/Mid224/train/cat/cat_03019.jpeg
train/cat/cat_03023.jpeg,cat,train,SUSPICIOUS_LABEL,533.94,109.5,52.12,0.0005,bulletproof vest,0.4866,data/Mid224/train/cat/cat_03023.jpeg
train/cat/cat_03028.jpeg,cat,train,SUSPICIOUS_LABEL,302.05,154.85,47.33,0.008,wire-haired fox terrier,0.2589,data/Mid224/train/cat/cat_03028.jpeg
train/cat/cat_03035.jpeg,cat,train,SUSPICIOUS_LABEL,258.67,120.1,53.4,0.0008,Japanese spaniel,0.2421,data/Mid224/train/cat/cat_03035.jpeg
train/cat/cat_03036.jpeg,cat,train,SUSPICIOUS_LABEL,157.67,132.24,28.73,0.0043,banded gecko,0.2253,data/Mid224/train/cat/cat_03036.jpeg
train/cat/cat_03042.jpeg,cat,train,SUSPICIOUS_LABEL,318.55,105.4,54.45,0.0141,space shuttle,0.2101,data/Mid224/train/cat/cat_03042.jpeg
train/cat/cat_03047.jpeg,cat,train,SUSPICIOUS_LABEL,249.29,115.32,57.09,0.0338,bulletproof vest,0.3221,data/Mid224/train/cat/cat_03047.jpeg
train/cat/cat_03048.jpeg,cat,train,SUSPICIOUS_LABEL,591.82,130.87,39.99,0.0036,isopod,0.2583,data/Mid224/train/cat/cat_03048.jpeg
train/cat/cat_03050.jpeg,cat,train,SUSPICIOUS_LABEL,1417.04,150.64,47.2,0.0022,killer whale,0.3315,data/Mid224/train/cat/cat_03050.jpeg
train/cat/cat_03051.jpeg,cat,train,SUSPICIOUS_LABEL,248.67,110.41,61.86,0.0073,American black bear,0.31,data/Mid224/train/cat/cat_03051.jpeg
train/cat/cat_03052.jpeg,cat,train,SUSPICIOUS_LABEL,378.09,173.0,41.13,0.0021,breastplate,0.2642,data/Mid224/train/cat/cat_03052.jpeg
train/cat/cat_03055.jpeg,cat,train,SUSPICIOUS_LABEL,290.58,114.87,52.65,0.022,Japanese spaniel,0.7397,data/Mid224/train/cat/cat_03055.jpeg
train/cat/cat_03060.jpeg,cat,train,SUSPICIOUS_LABEL,244.69,127.91,39.48,0.0,wire-haired fox terrier,0.4245,data/Mid224/train/cat/cat_03060.jpeg
train/cat/cat_03063.jpeg,cat,train,SUSPICIOUS_LABEL,162.24,99.78,37.47,0.0221,hog,0.2491,data/Mid224/train/cat/cat_03063.jpeg
train/cat/cat_03065.jpeg,cat,train,SUSPICIOUS_LABEL,2483.25,105.09,45.38,0.0,prison,0.7913,data/Mid224/train/cat/cat_03065.jpeg
train/cat/cat_03066.jpeg,cat,train,SUSPICIOUS_LABEL,585.37,128.9,56.95,0.0015,curly-coated retriever,0.2279,data/Mid224/train/cat/cat_03066.jpeg
train/cat/cat_03069.jpeg,cat,train,SUSPICIOUS_LABEL,161.27,141.34,39.51,0.017,bulletproof vest,0.22,data/Mid224/train/cat/cat_03069.jpeg
train/cat/cat_03071.jpeg,cat,train,SUSPICIOUS_LABEL,275.57,111.42,57.46,0.0028,Cardigan,0.7065,data/Mid224/train/cat/cat_03071.jpeg
train/cat/cat_03074.jpeg,cat,train,SUSPICIOUS_LABEL,213.6,94.8,56.62,0.016,Japanese spaniel,0.3457,data/Mid224/train/cat/cat_03074.jpeg
train/cat/cat_03076.jpeg,cat,train,SUSPICIOUS_LABEL,517.36,140.2,76.13,0.0021,Kerry blue terrier,0.2167,data/Mid224/train/cat/cat_03076.jpeg
train/cat/cat_03081.jpeg,cat,train,SUSPICIOUS_LABEL,205.95,109.61,50.48,0.0146,bulletproof vest,0.5261,data/Mid224/train/cat/cat_03081.jpeg
train/cat/cat_03087.jpeg,cat,train,SUSPICIOUS_LABEL,214.98,108.16,54.44,0.0009,Scotch terrier,0.6784,data/Mid224/train/cat/cat_03087.jpeg
train/cat/cat_03089.jpeg,cat,train,SUSPICIOUS_LABEL,405.17,83.68,47.52,0.0014,toy terrier,0.3121,data/Mid224/train/cat/cat_03089.jpeg
train/cat/cat_03093.jpeg,cat,train,SUSPICIOUS_LABEL,740.03,82.39,55.47,0.006,comic book,0.3068,data/Mid224/train/cat/cat_03093.jpeg
train/cat/cat_03101.jpeg,cat,train,SUSPICIOUS_LABEL,304.8,91.42,61.82,0.0074,Japanese spaniel,0.7925,data/Mid224/train/cat/cat_03101.jpeg
train/cat/cat_03104.jpeg,cat,train,SUSPICIOUS_LABEL,670.66,77.94,45.73,0.0277,bulletproof vest,0.2923,data/Mid224/train/cat/cat_03104.jpeg
train/cat/cat_03105.jpeg,cat,train,SUSPICIOUS_LABEL,856.39,102.72,68.96,0.0052,Sealyham terrier,0.2665,data/Mid224/train/cat/cat_03105.jpeg
train/cat/cat_03111.jpeg,cat,train,SUSPICIOUS_LABEL,695.7,129.69,69.09,0.0003,prison,0.4357,data/Mid224/train/cat/cat_03111.jpeg
train/cat/cat_03115.jpeg,cat,train,SUSPICIOUS_LABEL,213.3,132.05,68.3,0.0125,Old English sheepdog,0.2374,data/Mid224/train/cat/cat_03115.jpeg
train/cat/cat_03119.jpeg,cat,train,SUSPICIOUS_LABEL,127.43,142.15,60.43,0.0003,ground beetle,0.2193,data/Mid224/train/cat/cat_03119.jpeg
train/cat/cat_03121.jpeg,cat,train,SUSPICIOUS_LABEL,313.5,116.41,69.61,0.002,wire-haired fox terrier,0.7653,data/Mid224/train/cat/cat_03121.jpeg
train/cat/cat_03123.jpeg,cat,train,SUSPICIOUS_LABEL,785.61,136.54,47.33,0.0009,prison,0.2212,data/Mid224/train/cat/cat_03123.jpeg
train/cat/cat_03131.jpeg,cat,train,SUSPICIOUS_LABEL,360.04,136.37,60.3,0.004,bulletproof vest,0.3518,data/Mid224/train/cat/cat_03131.jpeg
train/cat/cat_03133.jpeg,cat,train,SUSPICIOUS_LABEL,558.37,152.56,57.76,0.0322,Brabancon griffon,0.321,data/Mid224/train/cat/cat_03133.jpeg
train/cat/cat_03134.jpeg,cat,train,SUSPICIOUS_LABEL,403.88,146.57,83.27,0.0053,Scotch terrier,0.4518,data/Mid224/train/cat/cat_03134.jpeg
train/cat/cat_03136.jpeg,cat,train,SUSPICIOUS_LABEL,256.85,93.06,57.13,0.0236,Scotch terrier,0.3739,data/Mid224/train/cat/cat_03136.jpeg
train/cat/cat_03137.jpeg,cat,train,SUSPICIOUS_LABEL,278.17,123.25,53.74,0.0019,Sealyham terrier,0.2713,data/Mid224/train/cat/cat_03137.jpeg
train/cat/cat_03138.jpeg,cat,train,SUSPICIOUS_LABEL,263.65,113.8,40.64,0.0227,Bedlington terrier,0.5153,data/Mid224/train/cat/cat_03138.jpeg
train/cat/cat_03144.jpeg,cat,train,SUSPICIOUS_LABEL,356.73,124.35,86.28,0.0111,indri,0.2509,data/Mid224/train/cat/cat_03144.jpeg
train/cat/cat_03147.jpeg,cat,train,SUSPICIOUS_LABEL,259.21,123.52,52.38,0.0005,standard poodle,0.4363,data/Mid224/train/cat/cat_03147.jpeg
train/cat/cat_03155.jpeg,cat,train,SUSPICIOUS_LABEL,291.76,102.86,52.91,0.0056,Old English sheepdog,0.2976,data/Mid224/train/cat/cat_03155.jpeg
train/cat/cat_03158.jpeg,cat,train,SUSPICIOUS_LABEL,408.12,110.85,53.7,0.0292,wire-haired fox terrier,0.4428,data/Mid224/train/cat/cat_03158.jpeg
train/cat/cat_03159.jpeg,cat,train,BLURRY,74.23,146.85,23.18,0.0025,airship,0.0674,data/Mid224/train/cat/cat_03159.jpeg
train/cat/cat_03160.jpeg,cat,train,SUSPICIOUS_LABEL,183.85,108.28,54.27,0.0146,black grouse,0.4278,data/Mid224/train/cat/cat_03160.jpeg
train/cat/cat_03164.jpeg,cat,train,SUSPICIOUS_LABEL,326.53,129.34,50.24,0.0017,cocktail shaker,0.353,data/Mid224/train/cat/cat_03164.jpeg
train/cat/cat_03167.jpeg,cat,train,SUSPICIOUS_LABEL,150.29,128.29,33.78,0.0002,loupe,0.3038,data/Mid224/train/cat/cat_03167.jpeg
train/cat/cat_03172.jpeg,cat,train,SUSPICIOUS_LABEL,4203.31,126.97,68.72,0.0,plate rack,0.3964,data/Mid224/train/cat/cat_03172.jpeg
train/cat/cat_03173.jpeg,cat,train,SUSPICIOUS_LABEL,335.44,129.54,70.56,0.0159,Japanese spaniel,0.2238,data/Mid224/train/cat/cat_03173.jpeg
train/cat/cat_03175.jpeg,cat,train,SUSPICIOUS_LABEL,404.75,87.4,57.66,0.0033,nipple,0.246,data/Mid224/train/cat/cat_03175.jpeg
train/cat/cat_03176.jpeg,cat,train,SUSPICIOUS_LABEL,223.14,123.03,55.46,0.0156,toy poodle,0.3549,data/Mid224/train/cat/cat_03176.jpeg
train/cat/cat_03177.jpeg,cat,train,SUSPICIOUS_LABEL,267.6,86.86,57.58,0.004,groenendael,0.2242,data/Mid224/train/cat/cat_03177.jpeg
train/cat/cat_03178.jpeg,cat,train,SUSPICIOUS_LABEL,440.68,117.8,53.69,0.0346,Cardigan,0.2959,data/Mid224/train/cat/cat_03178.jpeg
train/cat/cat_03179.jpeg,cat,train,SUSPICIOUS_LABEL,222.31,121.24,39.46,0.0001,bulletproof vest,0.5583,data/Mid224/train/cat/cat_03179.jpeg
train/cat/cat_03180.jpeg,cat,train,SUSPICIOUS_LABEL,547.98,148.98,80.65,0.0026,kelpie,0.7688,data/Mid224/train/cat/cat_03180.jpeg
train/cat/cat_03184.jpeg,cat,train,SUSPICIOUS_LABEL,373.15,109.3,42.33,0.0202,West Highland white terrier,0.2824,data/Mid224/train/cat/cat_03184.jpeg
train/cat/cat_03185.jpeg,cat,train,SUSPICIOUS_LABEL,543.81,97.68,64.82,0.0008,airship,0.4178,data/Mid224/train/cat/cat_03185.jpeg
train/cat/cat_03187.jpeg,cat,train,SUSPICIOUS_LABEL,308.74,126.68,47.89,0.0009,bulletproof vest,0.2512,data/Mid224/train/cat/cat_03187.jpeg
train/cat/cat_03201.jpeg,cat,train,SUSPICIOUS_LABEL,337.49,153.41,47.43,0.0014,nematode,0.2998,data/Mid224/train/cat/cat_03201.jpeg
train/cat/cat_03216.jpeg,cat,train,SUSPICIOUS_LABEL,356.51,114.84,62.32,0.0037,Kerry blue terrier,0.2443,data/Mid224/train/cat/cat_03216.jpeg
train/cat/cat_03219.jpeg,cat,train,SUSPICIOUS_LABEL,412.25,118.63,70.69,0.0333,toy terrier,0.2532,data/Mid224/train/cat/cat_03219.jpeg
train/cat/cat_03223.jpeg,cat,train,SUSPICIOUS_LABEL,293.96,127.18,56.41,0.0001,Kerry blue terrier,0.5083,data/Mid224/train/cat/cat_03223.jpeg
train/cat/cat_03229.jpeg,cat,train,SUSPICIOUS_LABEL,588.19,113.81,82.99,0.012,bulletproof vest,0.2463,data/Mid224/train/cat/cat_03229.jpeg
train/cat/cat_03232.jpeg,cat,train,SUSPICIOUS_LABEL,165.01,101.53,40.43,0.0131,wire-haired fox terrier,0.4834,data/Mid224/train/cat/cat_03232.jpeg
train/cat/cat_03236.jpeg,cat,train,SUSPICIOUS_LABEL,512.8,137.37,63.74,0.0257,studio couch,0.3156,data/Mid224/train/cat/cat_03236.jpeg
train/cat/cat_03237.jpeg,cat,train,SUSPICIOUS_LABEL,447.51,107.14,52.89,0.012,espresso maker,0.3015,data/Mid224/train/cat/cat_03237.jpeg
train/cat/cat_03240.jpeg,cat,train,SUSPICIOUS_LABEL,411.02,113.6,71.17,0.0005,Dandie Dinmont,0.2732,data/Mid224/train/cat/cat_03240.jpeg
train/cat/cat_03241.jpeg,cat,train,SUSPICIOUS_LABEL,371.68,140.45,63.08,0.0087,Arctic fox,0.242,data/Mid224/train/cat/cat_03241.jpeg
train/cat/cat_03252.jpeg,cat,train,SUSPICIOUS_LABEL,321.78,87.45,54.77,0.0047,chain saw,0.2787,data/Mid224/train/cat/cat_03252.jpeg
train/cat/cat_03253.jpeg,cat,train,SUSPICIOUS_LABEL,944.29,112.67,52.39,0.005,jigsaw puzzle,0.6913,data/Mid224/train/cat/cat_03253.jpeg
train/cat/cat_03261.jpeg,cat,train,SUSPICIOUS_LABEL,1841.67,121.76,44.51,0.0,plate rack,0.9476,data/Mid224/train/cat/cat_03261.jpeg
train/cat/cat_03264.jpeg,cat,train,SUSPICIOUS_LABEL,317.8,115.33,51.45,0.0009,dogsled,0.3122,data/Mid224/train/cat/cat_03264.jpeg
train/cat/cat_03268.jpeg,cat,train,SUSPICIOUS_LABEL,789.38,138.68,34.93,0.0169,bolo tie,0.2027,data/Mid224/train/cat/cat_03268.jpeg
train/cat/cat_03270.jpeg,cat,train,SUSPICIOUS_LABEL,374.53,123.81,55.76,0.0194,EntleBucher,0.2967,data/Mid224/train/cat/cat_03270.jpeg
train/cat/cat_03271.jpeg,cat,train,SUSPICIOUS_LABEL,391.06,110.8,54.21,0.0017,Japanese spaniel,0.5491,data/Mid224/train/cat/cat_03271.jpeg
train/cat/cat_03272.jpeg,cat,train,SUSPICIOUS_LABEL,296.79,145.0,60.5,0.0065,toy terrier,0.4393,data/Mid224/train/cat/cat_03272.jpeg
train/cat/cat_03273.jpeg,cat,train,SUSPICIOUS_LABEL,457.9,90.48,40.62,0.0011,espresso maker,0.2366,data/Mid224/train/cat/cat_03273.jpeg
train/cat/cat_03274.jpeg,cat,train,SUSPICIOUS_LABEL,653.07,139.29,61.84,0.0068,ski,0.3007,data/Mid224/train/cat/cat_03274.jpeg
train/cat/cat_03277.jpeg,cat,train,SUSPICIOUS_LABEL,229.44,87.03,62.15,0.0022,Sealyham terrier,0.2767,data/Mid224/train/cat/cat_03277.jpeg
train/cat/cat_03282.jpeg,cat,train,SUSPICIOUS_LABEL,242.01,122.67,33.62,0.0109,wire-haired fox terrier,0.2228,data/Mid224/train/cat/cat_03282.jpeg
train/cat/cat_03283.jpeg,cat,train,SUSPICIOUS_LABEL,305.16,124.19,53.1,0.009,Samoyed,0.3494,data/Mid224/train/cat/cat_03283.jpeg
train/cat/cat_03284.jpeg,cat,train,SUSPICIOUS_LABEL,318.94,120.94,43.7,0.0306,airship,0.2842,data/Mid224/train/cat/cat_03284.jpeg
train/cat/cat_03290.jpeg,cat,train,SUSPICIOUS_LABEL,109.94,162.72,34.33,0.0202,screen,0.2001,data/Mid224/train/cat/cat_03290.jpeg
train/cat/cat_03293.jpeg,cat,train,SUSPICIOUS_LABEL,1366.76,152.59,64.14,0.0002,chime,0.2845,data/Mid224/train/cat/cat_03293.jpeg
train/cat/cat_03295.jpeg,cat,train,SUSPICIOUS_LABEL,543.19,128.27,64.92,0.0007,cleaver,0.5071,data/Mid224/train/cat/cat_03295.jpeg
train/cat/cat_03299.jpeg,cat,train,SUSPICIOUS_LABEL,253.11,98.12,65.11,0.0159,black grouse,0.3591,data/Mid224/train/cat/cat_03299.jpeg
train/cat/cat_03302.jpeg,cat,train,SUSPICIOUS_LABEL,559.98,112.34,31.8,0.0002,bulletproof vest,0.2711,data/Mid224/train/cat/cat_03302.jpeg
train/cat/cat_03303.jpeg,cat,train,SUSPICIOUS_LABEL,208.6,111.71,43.68,0.0003,Dandie Dinmont,0.3063,data/Mid224/train/cat/cat_03303.jpeg
train/cat/cat_03304.jpeg,cat,train,SUSPICIOUS_LABEL,370.09,129.97,59.88,0.0244,Old English sheepdog,0.415,data/Mid224/train/cat/cat_03304.jpeg
train/cat/cat_03305.jpeg,cat,train,SUSPICIOUS_LABEL,1080.71,140.45,71.34,0.0017,Japanese spaniel,0.8893,data/Mid224/train/cat/cat_03305.jpeg
train/cat/cat_03311.jpeg,cat,train,SUSPICIOUS_LABEL,353.99,132.02,45.66,0.0021,bulletproof vest,0.2571,data/Mid224/train/cat/cat_03311.jpeg
train/cat/cat_03312.jpeg,cat,train,SUSPICIOUS_LABEL,1456.57,142.58,74.72,0.0099,siamang,0.2956,data/Mid224/train/cat/cat_03312.jpeg
train/cat/cat_03316.jpeg,cat,train,SUSPICIOUS_LABEL,297.27,128.93,51.94,0.0043,bulletproof vest,0.2517,data/Mid224/train/cat/cat_03316.jpeg
train/cat/cat_03318.jpeg,cat,train,SUSPICIOUS_LABEL,208.4,134.72,45.57,0.0098,toy terrier,0.5144,data/Mid224/train/cat/cat_03318.jpeg
train/cat/cat_03321.jpeg,cat,train,SUSPICIOUS_LABEL,270.15,101.57,63.67,0.0329,Border collie,0.3952,data/Mid224/train/cat/cat_03321.jpeg
train/cat/cat_03323.jpeg,cat,train,SUSPICIOUS_LABEL,167.05,154.76,39.17,0.0124,revolver,0.4956,data/Mid224/train/cat/cat_03323.jpeg
train/cat/cat_03325.jpeg,cat,train,SUSPICIOUS_LABEL,1124.62,142.79,72.57,0.0059,fire screen,0.5566,data/Mid224/train/cat/cat_03325.jpeg
train/cat/cat_03327.jpeg,cat,train,SUSPICIOUS_LABEL,342.4,143.53,48.27,0.0039,bulletproof vest,0.7787,data/Mid224/train/cat/cat_03327.jpeg
train/cat/cat_03328.jpeg,cat,train,SUSPICIOUS_LABEL,205.35,139.04,39.29,0.0082,bulletproof vest,0.2032,data/Mid224/train/cat/cat_03328.jpeg
train/cat/cat_03332.jpeg,cat,train,SUSPICIOUS_LABEL,289.28,95.82,52.39,0.0151,Cardigan,0.6458,data/Mid224/train/cat/cat_03332.jpeg
train/cat/cat_03335.jpeg,cat,train,SUSPICIOUS_LABEL,248.37,125.4,49.84,0.0014,revolver,0.4046,data/Mid224/train/cat/cat_03335.jpeg
train/cat/cat_03336.jpeg,cat,train,SUSPICIOUS_LABEL,321.86,133.6,55.32,0.0156,wire-haired fox terrier,0.3503,data/Mid224/train/cat/cat_03336.jpeg
train/cat/cat_03339.jpeg,cat,train,SUSPICIOUS_LABEL,424.47,132.36,45.82,0.0042,comic book,0.3711,data/Mid224/train/cat/cat_03339.jpeg
train/cat/cat_03342.jpeg,cat,train,SUSPICIOUS_LABEL,407.18,123.15,52.92,0.0289,bulletproof vest,0.4048,data/Mid224/train/cat/cat_03342.jpeg
train/cat/cat_03353.jpeg,cat,train,SUSPICIOUS_LABEL,159.15,125.14,65.97,0.0011,bulletproof vest,0.4663,data/Mid224/train/cat/cat_03353.jpeg
train/cat/cat_03354.jpeg,cat,train,SUSPICIOUS_LABEL,335.73,109.81,46.83,0.0186,space shuttle,0.2439,data/Mid224/train/cat/cat_03354.jpeg
train/cat/cat_03357.jpeg,cat,train,SUSPICIOUS_LABEL,140.96,74.86,42.86,0.0101,Japanese spaniel,0.3175,data/Mid224/train/cat/cat_03357.jpeg
train/cat/cat_03358.jpeg,cat,train,SUSPICIOUS_LABEL,249.79,106.14,54.6,0.0027,Japanese spaniel,0.2309,data/Mid224/train/cat/cat_03358.jpeg
train/cat/cat_03362.jpeg,cat,train,SUSPICIOUS_LABEL,280.69,119.73,47.45,0.0004,Walker hound,0.2314,data/Mid224/train/cat/cat_03362.jpeg
train/cat/cat_03365.jpeg,cat,train,SUSPICIOUS_LABEL,2366.89,130.93,67.25,0.001,fire screen,0.3045,data/Mid224/train/cat/cat_03365.jpeg
train/cat/cat_03366.jpeg,cat,train,SUSPICIOUS_LABEL,636.83,123.48,61.38,0.0036,bulletproof vest,0.5852,data/Mid224/train/cat/cat_03366.jpeg
train/cat/cat_03368.jpeg,cat,train,SUSPICIOUS_LABEL,652.36,128.88,53.1,0.0106,dogsled,0.4881,data/Mid224/train/cat/cat_03368.jpeg
train/cat/cat_03370.jpeg,cat,train,SUSPICIOUS_LABEL,5262.96,142.84,65.51,0.0006,prison,0.814,data/Mid224/train/cat/cat_03370.jpeg
train/cat/cat_03371.jpeg,cat,train,SUSPICIOUS_LABEL,601.75,178.61,48.43,0.0093,cocktail shaker,0.7057,data/Mid224/train/cat/cat_03371.jpeg
train/cat/cat_03372.jpeg,cat,train,SUSPICIOUS_LABEL,128.2,153.26,33.92,0.0401,Cardigan,0.3453,data/Mid224/train/cat/cat_03372.jpeg
train/cat/cat_03373.jpeg,cat,train,SUSPICIOUS_LABEL,277.7,131.92,68.86,0.0008,Sealyham terrier,0.2098,data/Mid224/train/cat/cat_03373.jpeg
train/cat/cat_03375.jpeg,cat,train,SUSPICIOUS_LABEL,271.03,128.3,67.83,0.0022,bulletproof vest,0.209,data/Mid224/train/cat/cat_03375.jpeg
train/cat/cat_03377.jpeg,cat,train,SUSPICIOUS_LABEL,129.56,138.71,33.08,0.0015,wire-haired fox terrier,0.2939,data/Mid224/train/cat/cat_03377.jpeg
train/cat/cat_03379.jpeg,cat,train,SUSPICIOUS_LABEL,414.65,97.2,57.16,0.0246,cuirass,0.263,data/Mid224/train/cat/cat_03379.jpeg
train/cat/cat_03382.jpeg,cat,train,SUSPICIOUS_LABEL,3009.79,82.72,66.17,0.0009,espresso maker,0.5339,data/Mid224/train/cat/cat_03382.jpeg
train/cat/cat_03385.jpeg,cat,train,SUSPICIOUS_LABEL,535.27,91.23,51.09,0.0011,screen,0.3776,data/Mid224/train/cat/cat_03385.jpeg
train/cat/cat_03387.jpeg,cat,train,SUSPICIOUS_LABEL,289.57,154.83,49.28,0.0031,Cardigan,0.2225,data/Mid224/train/cat/cat_03387.jpeg
train/cat/cat_03388.jpeg,cat,train,SUSPICIOUS_LABEL,749.19,115.26,66.79,0.0037,warplane,0.2358,data/Mid224/train/cat/cat_03388.jpeg
train/cat/cat_03391.jpeg,cat,train,SUSPICIOUS_LABEL,85.51,116.16,24.64,0.0002,assault rifle,0.5386,data/Mid224/train/cat/cat_03391.jpeg
train/cat/cat_03392.jpeg,cat,train,SUSPICIOUS_LABEL,325.59,138.72,55.66,0.0113,Sealyham terrier,0.6023,data/Mid224/train/cat/cat_03392.jpeg
train/cat/cat_03393.jpeg,cat,train,SUSPICIOUS_LABEL,380.15,135.05,69.09,0.018,EntleBucher,0.3231,data/Mid224/train/cat/cat_03393.jpeg
train/cat/cat_03398.jpeg,cat,train,SUSPICIOUS_LABEL,518.37,144.5,72.35,0.0063,Chihuahua,0.3094,data/Mid224/train/cat/cat_03398.jpeg
train/cat/cat_03399.jpeg,cat,train,SUSPICIOUS_LABEL,282.41,113.69,55.59,0.0101,German short-haired pointer,0.2254,data/Mid224/train/cat/cat_03399.jpeg
train/cat/cat_03401.jpeg,cat,train,SUSPICIOUS_LABEL,458.54,111.1,47.67,0.0084,rock beauty,0.2937,data/Mid224/train/cat/cat_03401.jpeg
train/cat/cat_03402.jpeg,cat,train,SUSPICIOUS_LABEL,293.38,106.43,41.45,0.0,breastplate,0.4885,data/Mid224/train/cat/cat_03402.jpeg
train/cat/cat_03405.jpeg,cat,train,SUSPICIOUS_LABEL,215.69,81.66,49.72,0.0011,Japanese spaniel,0.6224,data/Mid224/train/cat/cat_03405.jpeg
train/cat/cat_03407.jpeg,cat,train,SUSPICIOUS_LABEL,219.61,135.88,36.19,0.0192,English foxhound,0.2055,data/Mid224/train/cat/cat_03407.jpeg
train/cat/cat_03413.jpeg,cat,train,SUSPICIOUS_LABEL,568.3,117.39,66.76,0.0009,Japanese spaniel,0.6193,data/Mid224/train/cat/cat_03413.jpeg
train/cat/cat_03417.jpeg,cat,train,SUSPICIOUS_LABEL,1093.33,124.63,53.07,0.0012,fire screen,0.5194,data/Mid224/train/cat/cat_03417.jpeg
train/cat/cat_03419.jpeg,cat,train,SUSPICIOUS_LABEL,232.68,88.98,43.86,0.0013,bulletproof vest,0.2525,data/Mid224/train/cat/cat_03419.jpeg
train/cat/cat_03428.jpeg,cat,train,SUSPICIOUS_LABEL,784.57,106.42,49.37,0.0004,book jacket,0.306,data/Mid224/train/cat/cat_03428.jpeg
train/cat/cat_03429.jpeg,cat,train,SUSPICIOUS_LABEL,2097.9,127.19,63.41,0.0055,schipperke,0.3347,data/Mid224/train/cat/cat_03429.jpeg
train/cat/cat_03431.jpeg,cat,train,SUSPICIOUS_LABEL,258.36,120.57,70.44,0.0019,EntleBucher,0.6631,data/Mid224/train/cat/cat_03431.jpeg
train/cat/cat_03438.jpeg,cat,train,SUSPICIOUS_LABEL,227.23,118.29,35.37,0.0077,chime,0.65,data/Mid224/train/cat/cat_03438.jpeg
train/cat/cat_03446.jpeg,cat,train,SUSPICIOUS_LABEL,583.59,92.17,51.19,0.0002,grey whale,0.5624,data/Mid224/train/cat/cat_03446.jpeg
train/cat/cat_03447.jpeg,cat,train,SUSPICIOUS_LABEL,542.23,141.47,73.32,0.0001,curly-coated retriever,0.238,data/Mid224/train/cat/cat_03447.jpeg
train/cat/cat_03449.jpeg,cat,train,SUSPICIOUS_LABEL,1434.79,112.49,48.05,0.0001,Japanese spaniel,0.8577,data/Mid224/train/cat/cat_03449.jpeg
train/cat/cat_03450.jpeg,cat,train,SUSPICIOUS_LABEL,142.26,96.14,43.95,0.0217,Arctic fox,0.2953,data/Mid224/train/cat/cat_03450.jpeg
train/cat/cat_03452.jpeg,cat,train,SUSPICIOUS_LABEL,679.9,88.88,51.09,0.0016,prison,0.5031,data/Mid224/train/cat/cat_03452.jpeg
train/cat/cat_03453.jpeg,cat,train,SUSPICIOUS_LABEL,201.15,85.13,43.98,0.0333,horizontal bar,0.2938,data/Mid224/train/cat/cat_03453.jpeg
train/cat/cat_03457.jpeg,cat,train,SUSPICIOUS_LABEL,283.28,116.19,45.54,0.0012,ski,0.4792,data/Mid224/train/cat/cat_03457.jpeg
train/cat/cat_03459.jpeg,cat,train,SUSPICIOUS_LABEL,286.56,107.99,65.73,0.0382,indri,0.2295,data/Mid224/train/cat/cat_03459.jpeg
train/cat/cat_03463.jpeg,cat,train,SUSPICIOUS_LABEL,235.02,119.1,57.35,0.0062,Sealyham terrier,0.2643,data/Mid224/train/cat/cat_03463.jpeg
train/cat/cat_03464.jpeg,cat,train,BLURRY,75.74,125.94,26.51,0.0009,airliner,0.1618,data/Mid224/train/cat/cat_03464.jpeg
train/cat/cat_03466.jpeg,cat,train,SUSPICIOUS_LABEL,322.29,67.2,56.21,0.0069,skunk,0.3721,data/Mid224/train/cat/cat_03466.jpeg
train/cat/cat_03470.jpeg,cat,train,SUSPICIOUS_LABEL,296.39,110.64,72.38,0.002,EntleBucher,0.3179,data/Mid224/train/cat/cat_03470.jpeg
train/cat/cat_03474.jpeg,cat,train,SUSPICIOUS_LABEL,326.33,122.16,38.93,0.0032,fire screen,0.5809,data/Mid224/train/cat/cat_03474.jpeg
train/cat/cat_03475.jpeg,cat,train,SUSPICIOUS_LABEL,217.07,106.68,55.79,0.0004,bulletproof vest,0.285,data/Mid224/train/cat/cat_03475.jpeg
train/cat/cat_03479.jpeg,cat,train,SUSPICIOUS_LABEL,143.59,134.61,42.53,0.0012,platypus,0.8008,data/Mid224/train/cat/cat_03479.jpeg
train/cat/cat_03488.jpeg,cat,train,SUSPICIOUS_LABEL,719.67,91.02,55.28,0.0004,prison,0.6148,data/Mid224/train/cat/cat_03488.jpeg
train/cat/cat_03489.jpeg,cat,train,SUSPICIOUS_LABEL,249.73,171.93,70.11,0.0033,clumber,0.39,data/Mid224/train/cat/cat_03489.jpeg
train/cat/cat_03492.jpeg,cat,train,SUSPICIOUS_LABEL,254.73,116.9,33.81,0.0002,bulletproof vest,0.4059,data/Mid224/train/cat/cat_03492.jpeg
train/cat/cat_03499.jpeg,cat,train,SUSPICIOUS_LABEL,1229.93,125.33,66.33,0.0094,Norwegian elkhound,0.3963,data/Mid224/train/cat/cat_03499.jpeg
train/cat/cat_03500.jpeg,cat,train,SUSPICIOUS_LABEL,778.91,145.64,50.82,0.0003,assault rifle,0.2012,data/Mid224/train/cat/cat_03500.jpeg
train/cat/cat_03501.jpeg,cat,train,SUSPICIOUS_LABEL,206.52,127.77,35.9,0.0005,assault rifle,0.2373,data/Mid224/train/cat/cat_03501.jpeg
train/cat/cat_03502.jpeg,cat,train,SUSPICIOUS_LABEL,352.54,109.88,56.31,0.0016,Cardigan,0.3694,data/Mid224/train/cat/cat_03502.jpeg
train/cat/cat_03505.jpeg,cat,train,SUSPICIOUS_LABEL,246.26,126.94,69.0,0.0003,assault rifle,0.3245,data/Mid224/train/cat/cat_03505.jpeg
train/cat/cat_03506.jpeg,cat,train,SUSPICIOUS_LABEL,213.57,65.46,49.3,0.0045,affenpinscher,0.4443,data/Mid224/train/cat/cat_03506.jpeg
train/cat/cat_03511.jpeg,cat,train,SUSPICIOUS_LABEL,536.65,127.25,59.8,0.0003,revolver,0.511,data/Mid224/train/cat/cat_03511.jpeg
train/cat/cat_03513.jpeg,cat,train,SUSPICIOUS_LABEL,494.66,83.25,47.93,0.0136,gyromitra,0.5703,data/Mid224/train/cat/cat_03513.jpeg
train/cat/cat_03514.jpeg,cat,train,SUSPICIOUS_LABEL,2803.44,136.04,41.25,0.0154,standard schnauzer,0.4045,data/Mid224/train/cat/cat_03514.jpeg
train/cat/cat_03515.jpeg,cat,train,SUSPICIOUS_LABEL,225.15,117.07,40.66,0.003,triceratops,0.7991,data/Mid224/train/cat/cat_03515.jpeg
train/cat/cat_03517.jpeg,cat,train,SUSPICIOUS_LABEL,285.58,110.9,45.6,0.0188,Bedlington terrier,0.2474,data/Mid224/train/cat/cat_03517.jpeg
train/cat/cat_03518.jpeg,cat,train,SUSPICIOUS_LABEL,165.67,118.02,67.87,0.0068,groenendael,0.911,data/Mid224/train/cat/cat_03518.jpeg
train/cat/cat_03519.jpeg,cat,train,SUSPICIOUS_LABEL,188.18,108.92,59.4,0.0018,Bedlington terrier,0.5399,data/Mid224/train/cat/cat_03519.jpeg
train/cat/cat_03520.jpeg,cat,train,SUSPICIOUS_LABEL,288.6,134.01,53.3,0.0089,schipperke,0.3215,data/Mid224/train/cat/cat_03520.jpeg
train/cat/cat_03521.jpeg,cat,train,SUSPICIOUS_LABEL,292.44,152.84,50.81,0.012,can opener,0.4495,data/Mid224/train/cat/cat_03521.jpeg
train/cat/cat_03522.jpeg,cat,train,SUSPICIOUS_LABEL,348.24,141.56,51.42,0.0014,airship,0.3085,data/Mid224/train/cat/cat_03522.jpeg
train/cat/cat_03530.jpeg,cat,train,SUSPICIOUS_LABEL,261.14,93.7,77.11,0.0036,Samoyed,0.3805,data/Mid224/train/cat/cat_03530.jpeg
train/cat/cat_03537.jpeg,cat,train,SUSPICIOUS_LABEL,457.76,152.65,70.28,0.0288,Japanese spaniel,0.3344,data/Mid224/train/cat/cat_03537.jpeg
train/cat/cat_03540.jpeg,cat,train,SUSPICIOUS_LABEL,1099.44,123.27,67.36,0.0284,Japanese spaniel,0.2381,data/Mid224/train/cat/cat_03540.jpeg
train/cat/cat_03541.jpeg,cat,train,LOW_CONTRAST,84.62,111.11,17.96,0.0074,space shuttle,0.1055,data/Mid224/train/cat/cat_03541.jpeg
train/cat/cat_03542.jpeg,cat,train,SUSPICIOUS_LABEL,975.68,119.98,72.42,0.0043,container ship,0.2393,data/Mid224/train/cat/cat_03542.jpeg
train/cat/cat_03547.jpeg,cat,train,SUSPICIOUS_LABEL,667.76,103.07,65.65,0.0037,groenendael,0.829,data/Mid224/train/cat/cat_03547.jpeg
train/cat/cat_03551.jpeg,cat,train,SUSPICIOUS_LABEL,100.76,102.79,38.06,0.002,wire-haired fox terrier,0.4748,data/Mid224/train/cat/cat_03551.jpeg
train/cat/cat_03558.jpeg,cat,train,SUSPICIOUS_LABEL,476.82,130.15,72.24,0.0178,bulletproof vest,0.547,data/Mid224/train/cat/cat_03558.jpeg
train/cat/cat_03559.jpeg,cat,train,SUSPICIOUS_LABEL,297.01,124.38,42.57,0.0028,bulletproof vest,0.6752,data/Mid224/train/cat/cat_03559.jpeg
train/cat/cat_03563.jpeg,cat,train,SUSPICIOUS_LABEL,142.84,123.49,39.18,0.0335,toy terrier,0.242,data/Mid224/train/cat/cat_03563.jpeg
train/cat/cat_03568.jpeg,cat,train,SUSPICIOUS_LABEL,294.81,138.76,44.85,0.0001,nipple,0.3247,data/Mid224/train/cat/cat_03568.jpeg
train/cat/cat_03570.jpeg,cat,train,SUSPICIOUS_LABEL,274.91,62.47,44.17,0.0029,bulletproof vest,0.2942,data/Mid224/train/cat/cat_03570.jpeg
train/cat/cat_03573.jpeg,cat,train,SUSPICIOUS_LABEL,447.95,99.58,54.83,0.0483,bulletproof vest,0.4001,data/Mid224/train/cat/cat_03573.jpeg
train/cat/cat_03575.jpeg,cat,train,SUSPICIOUS_LABEL,281.47,130.78,54.33,0.0192,Japanese spaniel,0.2199,data/Mid224/train/cat/cat_03575.jpeg
train/cat/cat_03577.jpeg,cat,train,SUSPICIOUS_LABEL,408.36,126.2,72.14,0.0391,wombat,0.3543,data/Mid224/train/cat/cat_03577.jpeg
train/cat/cat_03578.jpeg,cat,train,SUSPICIOUS_LABEL,220.55,109.92,54.62,0.0023,Japanese spaniel,0.3685,data/Mid224/train/cat/cat_03578.jpeg
train/cat/cat_03581.jpeg,cat,train,SUSPICIOUS_LABEL,307.89,94.76,40.95,0.0024,assault rifle,0.2,data/Mid224/train/cat/cat_03581.jpeg
train/cat/cat_03586.jpeg,cat,train,SUSPICIOUS_LABEL,2021.46,126.65,47.02,0.0233,prison,0.5721,data/Mid224/train/cat/cat_03586.jpeg
train/cat/cat_03587.jpeg,cat,train,SUSPICIOUS_LABEL,400.09,139.03,58.61,0.0013,affenpinscher,0.4144,data/Mid224/train/cat/cat_03587.jpeg
train/cat/cat_03589.jpeg,cat,train,SUSPICIOUS_LABEL,265.03,129.75,57.13,0.0189,Cardigan,0.2489,data/Mid224/train/cat/cat_03589.jpeg
train/cat/cat_03590.jpeg,cat,train,SUSPICIOUS_LABEL,202.21,143.38,41.71,0.0011,assault rifle,0.2563,data/Mid224/train/cat/cat_03590.jpeg
train/cat/cat_03592.jpeg,cat,train,SUSPICIOUS_LABEL,235.23,104.53,38.41,0.0253,bulletproof vest,0.2101,data/Mid224/train/cat/cat_03592.jpeg
train/cat/cat_03595.jpeg,cat,train,SUSPICIOUS_LABEL,433.83,100.26,57.55,0.0033,Japanese spaniel,0.2058,data/Mid224/train/cat/cat_03595.jpeg
train/cat/cat_03597.jpeg,cat,train,SUSPICIOUS_LABEL,2277.18,106.99,66.58,0.0061,affenpinscher,0.3931,data/Mid224/train/cat/cat_03597.jpeg
train/cat/cat_03598.jpeg,cat,train,SUSPICIOUS_LABEL,704.54,79.78,60.95,0.0055,Scotch terrier,0.2115,data/Mid224/train/cat/cat_03598.jpeg
train/cat/cat_03599.jpeg,cat,train,SUSPICIOUS_LABEL,688.22,96.93,53.6,0.001,Rottweiler,0.463,data/Mid224/train/cat/cat_03599.jpeg
train/cat/cat_03600.jpeg,cat,train,SUSPICIOUS_LABEL,206.5,139.35,45.98,0.04,can opener,0.2476,data/Mid224/train/cat/cat_03600.jpeg
train/cat/cat_03601.jpeg,cat,train,SUSPICIOUS_LABEL,244.54,168.11,62.78,0.0019,bulletproof vest,0.2847,data/Mid224/train/cat/cat_03601.jpeg
train/cat/cat_03607.jpeg,cat,train,SUSPICIOUS_LABEL,207.73,98.19,68.02,0.0019,komondor,0.221,data/Mid224/train/cat/cat_03607.jpeg
train/cat/cat_03612.jpeg,cat,train,SUSPICIOUS_LABEL,237.06,94.21,42.37,0.0143,bulletproof vest,0.2248,data/Mid224/train/cat/cat_03612.jpeg
train/cat/cat_03616.jpeg,cat,train,SUSPICIOUS_LABEL,619.75,98.69,55.2,0.0012,space shuttle,0.2893,data/Mid224/train/cat/cat_03616.jpeg
train/cat/cat_03618.jpeg,cat,train,SUSPICIOUS_LABEL,295.48,134.66,47.54,0.0003,bulletproof vest,0.9155,data/Mid224/train/cat/cat_03618.jpeg
train/cat/cat_03622.jpeg,cat,train,SUSPICIOUS_LABEL,349.54,127.13,50.52,0.0031,Dandie Dinmont,0.2164,data/Mid224/train/cat/cat_03622.jpeg
train/cat/cat_03627.jpeg,cat,train,SUSPICIOUS_LABEL,518.9,182.49,71.74,0.0064,espresso maker,0.2622,data/Mid224/train/cat/cat_03627.jpeg
train/cat/cat_03629.jpeg,cat,train,SUSPICIOUS_LABEL,432.05,114.61,61.51,0.0091,Bedlington terrier,0.3024,data/Mid224/train/cat/cat_03629.jpeg
train/cat/cat_03633.jpeg,cat,train,SUSPICIOUS_LABEL,568.3,94.85,50.03,0.0009,ground beetle,0.209,data/Mid224/train/cat/cat_03633.jpeg
train/cat/cat_03637.jpeg,cat,train,SUSPICIOUS_LABEL,203.84,104.15,63.91,0.0107,Cardigan,0.2297,data/Mid224/train/cat/cat_03637.jpeg
train/cat/cat_03639.jpeg,cat,train,SUSPICIOUS_LABEL,2964.73,134.8,55.65,0.0005,shoji,0.3228,data/Mid224/train/cat/cat_03639.jpeg
train/cat/cat_03640.jpeg,cat,train,SUSPICIOUS_LABEL,730.69,140.64,54.93,0.0044,black grouse,0.3874,data/Mid224/train/cat/cat_03640.jpeg
train/cat/cat_03641.jpeg,cat,train,SUSPICIOUS_LABEL,715.35,126.95,48.38,0.0028,wire-haired fox terrier,0.3439,data/Mid224/train/cat/cat_03641.jpeg
train/cat/cat_03643.jpeg,cat,train,SUSPICIOUS_LABEL,364.07,144.14,76.72,0.0106,Border collie,0.4537,data/Mid224/train/cat/cat_03643.jpeg
train/cat/cat_03644.jpeg,cat,train,SUSPICIOUS_LABEL,461.6,130.12,58.7,0.0029,Border collie,0.428,data/Mid224/train/cat/cat_03644.jpeg
train/cat/cat_03650.jpeg,cat,train,SUSPICIOUS_LABEL,340.88,110.29,68.93,0.0161,Japanese spaniel,0.216,data/Mid224/train/cat/cat_03650.jpeg
train/cat/cat_03652.jpeg,cat,train,SUSPICIOUS_LABEL,340.3,140.54,47.53,0.003,half track,0.2005,data/Mid224/train/cat/cat_03652.jpeg
train/cat/cat_03654.jpeg,cat,train,SUSPICIOUS_LABEL,327.27,133.41,52.87,0.001,ski,0.2686,data/Mid224/train/cat/cat_03654.jpeg
train/cat/cat_03661.jpeg,cat,train,SUSPICIOUS_LABEL,182.2,142.52,53.29,0.0021,borzoi,0.3791,data/Mid224/train/cat/cat_03661.jpeg
train/cat/cat_03665.jpeg,cat,train,SUSPICIOUS_LABEL,252.03,143.72,48.59,0.014,English foxhound,0.213,data/Mid224/train/cat/cat_03665.jpeg
train/cat/cat_03666.jpeg,cat,train,SUSPICIOUS_LABEL,210.11,150.87,42.6,0.0013,Windsor tie,0.3589,data/Mid224/train/cat/cat_03666.jpeg
train/cat/cat_03674.jpeg,cat,train,SUSPICIOUS_LABEL,934.8,95.74,55.61,0.0003,thresher,0.2584,data/Mid224/train/cat/cat_03674.jpeg
train/cat/cat_03679.jpeg,cat,train,SUSPICIOUS_LABEL,337.34,112.17,43.22,0.0024,wire-haired fox terrier,0.2478,data/Mid224/train/cat/cat_03679.jpeg
train/cat/cat_03684.jpeg,cat,train,SUSPICIOUS_LABEL,258.14,125.86,48.45,0.0046,Cardigan,0.2294,data/Mid224/train/cat/cat_03684.jpeg
train/cat/cat_03693.jpeg,cat,train,SUSPICIOUS_LABEL,853.41,101.65,60.17,0.0029,space bar,0.2323,data/Mid224/train/cat/cat_03693.jpeg
train/cat/cat_03694.jpeg,cat,train,SUSPICIOUS_LABEL,313.9,104.0,55.12,0.0015,Japanese spaniel,0.8737,data/Mid224/train/cat/cat_03694.jpeg
train/cat/cat_03696.jpeg,cat,train,SUSPICIOUS_LABEL,370.6,110.79,38.21,0.0023,English foxhound,0.2053,data/Mid224/train/cat/cat_03696.jpeg
train/cat/cat_03698.jpeg,cat,train,SUSPICIOUS_LABEL,133.1,88.09,40.76,0.0018,Kerry blue terrier,0.2132,data/Mid224/train/cat/cat_03698.jpeg
train/cat/cat_03702.jpeg,cat,train,SUSPICIOUS_LABEL,202.17,145.13,58.44,0.017,bulletproof vest,0.3418,data/Mid224/train/cat/cat_03702.jpeg
train/cat/cat_03704.jpeg,cat,train,SUSPICIOUS_LABEL,435.17,141.82,54.55,0.0001,steel drum,0.2683,data/Mid224/train/cat/cat_03704.jpeg
train/cat/cat_03707.jpeg,cat,train,SUSPICIOUS_LABEL,326.11,131.59,53.58,0.0063,Cardigan,0.4585,data/Mid224/train/cat/cat_03707.jpeg
train/cat/cat_03709.jpeg,cat,train,SUSPICIOUS_LABEL,1562.34,124.01,53.94,0.0004,bulletproof vest,0.7118,data/Mid224/train/cat/cat_03709.jpeg
train/cat/cat_03710.jpeg,cat,train,SUSPICIOUS_LABEL,242.95,128.4,57.94,0.0004,chain saw,0.283,data/Mid224/train/cat/cat_03710.jpeg
train/cat/cat_03711.jpeg,cat,train,SUSPICIOUS_LABEL,371.48,118.44,64.23,0.0407,wire-haired fox terrier,0.6081,data/Mid224/train/cat/cat_03711.jpeg
train/cat/cat_03713.jpeg,cat,train,SUSPICIOUS_LABEL,201.93,146.39,41.92,0.0059,wire-haired fox terrier,0.2974,data/Mid224/train/cat/cat_03713.jpeg
train/cat/cat_03717.jpeg,cat,train,SUSPICIOUS_LABEL,301.3,124.18,59.58,0.0057,EntleBucher,0.2336,data/Mid224/train/cat/cat_03717.jpeg
train/cat/cat_03718.jpeg,cat,train,SUSPICIOUS_LABEL,315.57,138.23,50.14,0.0195,Boston bull,0.3287,data/Mid224/train/cat/cat_03718.jpeg
train/cat/cat_03722.jpeg,cat,train,SUSPICIOUS_LABEL,1108.84,133.92,74.7,0.0033,toy terrier,0.6303,data/Mid224/train/cat/cat_03722.jpeg
train/cat/cat_03724.jpeg,cat,train,SUSPICIOUS_LABEL,233.85,117.02,51.28,0.0042,revolver,0.2752,data/Mid224/train/cat/cat_03724.jpeg
train/cat/cat_03727.jpeg,cat,train,SUSPICIOUS_LABEL,453.31,146.61,50.99,0.0033,book jacket,0.5836,data/Mid224/train/cat/cat_03727.jpeg
train/cat/cat_03729.jpeg,cat,train,SUSPICIOUS_LABEL,590.22,118.07,49.62,0.0091,Japanese spaniel,0.2079,data/Mid224/train/cat/cat_03729.jpeg
train/cat/cat_03732.jpeg,cat,train,SUSPICIOUS_LABEL,494.35,110.5,60.28,0.0,assault rifle,0.2748,data/Mid224/train/cat/cat_03732.jpeg
train/cat/cat_03737.jpeg,cat,train,SUSPICIOUS_LABEL,278.13,106.93,54.83,0.0002,bulletproof vest,0.4484,data/Mid224/train/cat/cat_03737.jpeg
train/cat/cat_03744.jpeg,cat,train,SUSPICIOUS_LABEL,213.23,103.45,53.39,0.0034,can opener,0.5539,data/Mid224/train/cat/cat_03744.jpeg
train/cat/cat_03749.jpeg,cat,train,SUSPICIOUS_LABEL,395.69,122.46,40.43,0.0202,bulletproof vest,0.4264,data/Mid224/train/cat/cat_03749.jpeg
train/cat/cat_03751.jpeg,cat,train,SUSPICIOUS_LABEL,112.4,84.65,37.64,0.0065,panpipe,0.2299,data/Mid224/train/cat/cat_03751.jpeg
train/cat/cat_03755.jpeg,cat,train,SUSPICIOUS_LABEL,723.24,125.02,39.99,0.0019,prison,0.23,data/Mid224/train/cat/cat_03755.jpeg
train/cat/cat_03760.jpeg,cat,train,SUSPICIOUS_LABEL,720.15,82.07,64.21,0.0005,screen,0.2916,data/Mid224/train/cat/cat_03760.jpeg
train/cat/cat_03761.jpeg,cat,train,SUSPICIOUS_LABEL,337.46,125.88,60.57,0.0005,Dandie Dinmont,0.3371,data/Mid224/train/cat/cat_03761.jpeg
train/cat/cat_03765.jpeg,cat,train,SUSPICIOUS_LABEL,741.76,140.58,67.83,0.0066,bulletproof vest,0.2551,data/Mid224/train/cat/cat_03765.jpeg
train/cat/cat_03766.jpeg,cat,train,SUSPICIOUS_LABEL,327.99,129.87,55.58,0.0021,EntleBucher,0.5678,data/Mid224/train/cat/cat_03766.jpeg
train/cat/cat_03768.jpeg,cat,train,SUSPICIOUS_LABEL,404.22,115.09,59.41,0.0028,bulletproof vest,0.2729,data/Mid224/train/cat/cat_03768.jpeg
train/cat/cat_03769.jpeg,cat,train,SUSPICIOUS_LABEL,216.74,87.56,51.19,0.0025,airship,0.3864,data/Mid224/train/cat/cat_03769.jpeg
train/cat/cat_03772.jpeg,cat,train,SUSPICIOUS_LABEL,207.14,134.29,46.44,0.0009,guillotine,0.2681,data/Mid224/train/cat/cat_03772.jpeg
train/cat/cat_03774.jpeg,cat,train,SUSPICIOUS_LABEL,383.63,134.95,45.66,0.0069,Kerry blue terrier,0.368,data/Mid224/train/cat/cat_03774.jpeg
train/cat/cat_03777.jpeg,cat,train,SUSPICIOUS_LABEL,263.71,125.63,51.86,0.0002,analog clock,0.2354,data/Mid224/train/cat/cat_03777.jpeg
train/cat/cat_03781.jpeg,cat,train,SUSPICIOUS_LABEL,441.37,150.05,54.74,0.0092,grey fox,0.6068,data/Mid224/train/cat/cat_03781.jpeg
train/cat/cat_03785.jpeg,cat,train,SUSPICIOUS_LABEL,913.51,86.99,80.22,0.0209,Scotch terrier,0.2451,data/Mid224/train/cat/cat_03785.jpeg
train/cat/cat_03786.jpeg,cat,train,SUSPICIOUS_LABEL,363.88,134.88,51.59,0.0003,chain saw,0.427,data/Mid224/train/cat/cat_03786.jpeg
train/cat/cat_03792.jpeg,cat,train,SUSPICIOUS_LABEL,138.25,117.02,27.9,0.0007,can opener,0.333,data/Mid224/train/cat/cat_03792.jpeg
train/cat/cat_03793.jpeg,cat,train,SUSPICIOUS_LABEL,389.8,124.45,38.91,0.0013,bulletproof vest,0.7295,data/Mid224/train/cat/cat_03793.jpeg
train/cat/cat_03794.jpeg,cat,train,SUSPICIOUS_LABEL,735.67,99.93,53.59,0.0003,studio couch,0.4858,data/Mid224/train/cat/cat_03794.jpeg
train/cat/cat_03795.jpeg,cat,train,SUSPICIOUS_LABEL,331.76,77.41,54.29,0.0121,isopod,0.3289,data/Mid224/train/cat/cat_03795.jpeg
train/cat/cat_03798.jpeg,cat,train,SUSPICIOUS_LABEL,425.42,99.69,50.8,0.0003,milk can,0.501,data/Mid224/train/cat/cat_03798.jpeg
train/cat/cat_03805.jpeg,cat,train,SUSPICIOUS_LABEL,242.14,124.43,50.1,0.004,snowplow,0.2423,data/Mid224/train/cat/cat_03805.jpeg
train/cat/cat_03808.jpeg,cat,train,SUSPICIOUS_LABEL,352.95,144.55,38.3,0.0011,can opener,0.2278,data/Mid224/train/cat/cat_03808.jpeg
train/cat/cat_03810.jpeg,cat,train,SUSPICIOUS_LABEL,1057.05,107.74,51.68,0.0,carpenter's kit,0.2821,data/Mid224/train/cat/cat_03810.jpeg
train/cat/cat_03811.jpeg,cat,train,SUSPICIOUS_LABEL,279.16,105.86,46.02,0.0005,standard poodle,0.3089,data/Mid224/train/cat/cat_03811.jpeg
train/cat/cat_03812.jpeg,cat,train,SUSPICIOUS_LABEL,158.52,99.95,38.74,0.0001,Bedlington terrier,0.9003,data/Mid224/train/cat/cat_03812.jpeg
train/cat/cat_03813.jpeg,cat,train,SUSPICIOUS_LABEL,533.36,116.78,50.5,0.0009,Sealyham terrier,0.201,data/Mid224/train/cat/cat_03813.jpeg
train/cat/cat_03815.jpeg,cat,train,SUSPICIOUS_LABEL,300.33,114.08,51.85,0.0028,wire-haired fox terrier,0.2164,data/Mid224/train/cat/cat_03815.jpeg
train/cat/cat_03818.jpeg,cat,train,SUSPICIOUS_LABEL,572.7,113.09,33.63,0.0095,Japanese spaniel,0.5965,data/Mid224/train/cat/cat_03818.jpeg
train/cat/cat_03825.jpeg,cat,train,SUSPICIOUS_LABEL,471.72,97.03,70.57,0.0109,Cardigan,0.3403,data/Mid224/train/cat/cat_03825.jpeg
train/cat/cat_03826.jpeg,cat,train,SUSPICIOUS_LABEL,481.54,109.38,54.48,0.0034,Japanese spaniel,0.2263,data/Mid224/train/cat/cat_03826.jpeg
train/cat/cat_03838.jpeg,cat,train,SUSPICIOUS_LABEL,223.45,95.3,40.2,0.0066,jigsaw puzzle,0.2405,data/Mid224/train/cat/cat_03838.jpeg
train/cat/cat_03843.jpeg,cat,train,SUSPICIOUS_LABEL,741.41,120.5,45.65,0.001,submarine,0.2516,data/Mid224/train/cat/cat_03843.jpeg
train/cat/cat_03844.jpeg,cat,train,SUSPICIOUS_LABEL,453.12,110.95,52.33,0.0011,Walker hound,0.2305,data/Mid224/train/cat/cat_03844.jpeg
train/cat/cat_03849.jpeg,cat,train,SUSPICIOUS_LABEL,246.3,121.35,45.97,0.0011,half track,0.2357,data/Mid224/train/cat/cat_03849.jpeg
train/cat/cat_03853.jpeg,cat,train,SUSPICIOUS_LABEL,206.43,157.33,42.58,0.0221,wire-haired fox terrier,0.3429,data/Mid224/train/cat/cat_03853.jpeg
train/cat/cat_03855.jpeg,cat,train,SUSPICIOUS_LABEL,481.25,125.88,40.83,0.0105,wire-haired fox terrier,0.3739,data/Mid224/train/cat/cat_03855.jpeg
train/cat/cat_03856.jpeg,cat,train,SUSPICIOUS_LABEL,409.15,110.78,70.32,0.0306,projectile,0.2169,data/Mid224/train/cat/cat_03856.jpeg
train/cat/cat_03861.jpeg,cat,train,SUSPICIOUS_LABEL,965.35,133.43,45.51,0.0014,plate rack,0.6212,data/Mid224/train/cat/cat_03861.jpeg
train/cat/cat_03865.jpeg,cat,train,SUSPICIOUS_LABEL,190.07,79.38,46.95,0.0066,Japanese spaniel,0.4534,data/Mid224/train/cat/cat_03865.jpeg
train/cat/cat_03870.jpeg,cat,train,SUSPICIOUS_LABEL,949.03,88.2,51.18,0.0005,prison,0.3878,data/Mid224/train/cat/cat_03870.jpeg
train/cat/cat_03871.jpeg,cat,train,SUSPICIOUS_LABEL,384.7,111.26,67.48,0.0001,chain saw,0.4651,data/Mid224/train/cat/cat_03871.jpeg
train/cat/cat_03874.jpeg,cat,train,SUSPICIOUS_LABEL,530.19,117.25,48.86,0.0133,EntleBucher,0.3225,data/Mid224/train/cat/cat_03874.jpeg
train/cat/cat_03887.jpeg,cat,train,SUSPICIOUS_LABEL,410.91,141.79,57.1,0.0003,liner,0.3448,data/Mid224/train/cat/cat_03887.jpeg
train/cat/cat_03890.jpeg,cat,train,SUSPICIOUS_LABEL,277.07,126.47,37.85,0.0038,Walker hound,0.3782,data/Mid224/train/cat/cat_03890.jpeg
train/cat/cat_03896.jpeg,cat,train,SUSPICIOUS_LABEL,256.85,88.51,49.62,0.0141,Japanese spaniel,0.386,data/Mid224/train/cat/cat_03896.jpeg
train/cat/cat_03900.jpeg,cat,train,SUSPICIOUS_LABEL,353.14,75.84,46.24,0.0019,bulletproof vest,0.3459,data/Mid224/train/cat/cat_03900.jpeg
train/cat/cat_03908.jpeg,cat,train,SUSPICIOUS_LABEL,270.37,128.14,46.37,0.0011,chain saw,0.2564,data/Mid224/train/cat/cat_03908.jpeg
train/cat/cat_03914.jpeg,cat,train,SUSPICIOUS_LABEL,576.59,85.04,56.74,0.0035,affenpinscher,0.2152,data/Mid224/train/cat/cat_03914.jpeg
train/cat/cat_03919.jpeg,cat,train,SUSPICIOUS_LABEL,509.62,97.7,52.31,0.0003,neck brace,0.2264,data/Mid224/train/cat/cat_03919.jpeg
train/cat/cat_03922.jpeg,cat,train,SUSPICIOUS_LABEL,441.42,117.07,43.61,0.0409,sleeping bag,0.3158,data/Mid224/train/cat/cat_03922.jpeg
train/cat/cat_03926.jpeg,cat,train,SUSPICIOUS_LABEL,268.6,138.62,38.95,0.0158,ice bear,0.707,data/Mid224/train/cat/cat_03926.jpeg
train/cat/cat_03932.jpeg,cat,train,SUSPICIOUS_LABEL,420.1,135.58,46.59,0.0317,wire-haired fox terrier,0.2494,data/Mid224/train/cat/cat_03932.jpeg
train/cat/cat_03933.jpeg,cat,train,SUSPICIOUS_LABEL,395.36,115.32,46.2,0.0224,screen,0.2032,data/Mid224/train/cat/cat_03933.jpeg
train/cat/cat_03935.jpeg,cat,train,SUSPICIOUS_LABEL,428.07,107.68,59.58,0.0018,EntleBucher,0.4315,data/Mid224/train/cat/cat_03935.jpeg
train/cat/cat_03940.jpeg,cat,train,SUSPICIOUS_LABEL,698.62,100.41,74.98,0.0006,can opener,0.3655,data/Mid224/train/cat/cat_03940.jpeg
train/cat/cat_03946.jpeg,cat,train,SUSPICIOUS_LABEL,776.59,131.27,50.07,0.0,joystick,0.334,data/Mid224/train/cat/cat_03946.jpeg
train/cat/cat_03953.jpeg,cat,train,SUSPICIOUS_LABEL,314.83,127.13,55.86,0.0175,Cardigan,0.5213,data/Mid224/train/cat/cat_03953.jpeg
train/cat/cat_03955.jpeg,cat,train,SUSPICIOUS_LABEL,943.37,104.94,45.0,0.0302,Border collie,0.2423,data/Mid224/train/cat/cat_03955.jpeg
train/cat/cat_03958.jpeg,cat,train,SUSPICIOUS_LABEL,283.48,95.48,66.58,0.0143,wire-haired fox terrier,0.2953,data/Mid224/train/cat/cat_03958.jpeg
train/cat/cat_03959.jpeg,cat,train,SUSPICIOUS_LABEL,157.01,110.55,41.83,0.0074,Japanese spaniel,0.7487,data/Mid224/train/cat/cat_03959.jpeg
train/cat/cat_03966.jpeg,cat,train,SUSPICIOUS_LABEL,219.88,129.56,41.45,0.0007,guillotine,0.2627,data/Mid224/train/cat/cat_03966.jpeg
train/cat/cat_03969.jpeg,cat,train,SUSPICIOUS_LABEL,253.36,82.93,70.5,0.0036,Scotch terrier,0.2731,data/Mid224/train/cat/cat_03969.jpeg
train/cat/cat_03972.jpeg,cat,train,SUSPICIOUS_LABEL,303.2,100.95,66.32,0.0008,bulletproof vest,0.2143,data/Mid224/train/cat/cat_03972.jpeg
train/cat/cat_03975.jpeg,cat,train,SUSPICIOUS_LABEL,604.44,96.16,53.63,0.0016,Walker hound,0.3015,data/Mid224/train/cat/cat_03975.jpeg
train/cat/cat_03978.jpeg,cat,train,SUSPICIOUS_LABEL,213.71,113.25,46.53,0.0021,Sealyham terrier,0.317,data/Mid224/train/cat/cat_03978.jpeg
train/cat/cat_03982.jpeg,cat,train,SUSPICIOUS_LABEL,197.64,125.23,27.62,0.0079,plane,0.2688,data/Mid224/train/cat/cat_03982.jpeg
train/cat/cat_03984.jpeg,cat,train,SUSPICIOUS_LABEL,126.19,129.91,36.24,0.0051,Arctic fox,0.3136,data/Mid224/train/cat/cat_03984.jpeg
train/cat/cat_03991.jpeg,cat,train,SUSPICIOUS_LABEL,271.51,88.82,50.72,0.0166,bulletproof vest,0.2927,data/Mid224/train/cat/cat_03991.jpeg
train/cat/cat_03995.jpeg,cat,train,SUSPICIOUS_LABEL,214.32,144.43,52.86,0.0099,Border collie,0.4654,data/Mid224/train/cat/cat_03995.jpeg
train/cat/cat_03996.jpeg,cat,train,SUSPICIOUS_LABEL,415.69,102.77,44.03,0.0027,Border collie,0.3126,data/Mid224/train/cat/cat_03996.jpeg
train/cat/cat_03999.jpeg,cat,train,SUSPICIOUS_LABEL,1945.21,153.32,44.3,0.0262,espresso maker,0.455,data/Mid224/train/cat/cat_03999.jpeg
train/cat/cat_04000.jpeg,cat,train,SUSPICIOUS_LABEL,346.38,99.89,60.75,0.0004,Japanese spaniel,0.8078,data/Mid224/train/cat/cat_04000.jpeg
train/cat/cat_04001.jpeg,cat,train,SUSPICIOUS_LABEL,1064.92,132.67,38.24,0.0018,book jacket,0.2548,data/Mid224/train/cat/cat_04001.jpeg
train/cat/cat_04002.jpeg,cat,train,SUSPICIOUS_LABEL,705.12,96.5,42.86,0.0039,wire-haired fox terrier,0.2762,data/Mid224/train/cat/cat_04002.jpeg
train/cat/cat_04003.jpeg,cat,train,SUSPICIOUS_LABEL,257.73,173.27,52.44,0.001,bulletproof vest,0.7597,data/Mid224/train/cat/cat_04003.jpeg
train/cat/cat_04006.jpeg,cat,train,SUSPICIOUS_LABEL,411.43,107.87,58.59,0.0019,bulletproof vest,0.4795,data/Mid224/train/cat/cat_04006.jpeg
train/cat/cat_04015.jpeg,cat,train,SUSPICIOUS_LABEL,310.93,111.18,64.53,0.0042,bulletproof vest,0.2443,data/Mid224/train/cat/cat_04015.jpeg
train/cat/cat_04018.jpeg,cat,train,SUSPICIOUS_LABEL,1072.98,119.94,98.25,0.0225,Japanese spaniel,0.3047,data/Mid224/train/cat/cat_04018.jpeg
train/cat/cat_04019.jpeg,cat,train,SUSPICIOUS_LABEL,777.53,84.65,51.09,0.0004,prison,0.8981,data/Mid224/train/cat/cat_04019.jpeg
train/cat/cat_04021.jpeg,cat,train,SUSPICIOUS_LABEL,1055.32,97.53,44.26,0.0026,bolo tie,0.2593,data/Mid224/train/cat/cat_04021.jpeg
train/cat/cat_04022.jpeg,cat,train,SUSPICIOUS_LABEL,473.01,115.37,40.1,0.0005,space shuttle,0.3438,data/Mid224/train/cat/cat_04022.jpeg
train/cat/cat_04027.jpeg,cat,train,SUSPICIOUS_LABEL,194.54,136.29,45.25,0.0386,bulletproof vest,0.2367,data/Mid224/train/cat/cat_04027.jpeg
train/cat/cat_04032.jpeg,cat,train,SUSPICIOUS_LABEL,266.96,183.09,67.75,0.0004,knee pad,0.5406,data/Mid224/train/cat/cat_04032.jpeg
train/cat/cat_04036.jpeg,cat,train,SUSPICIOUS_LABEL,326.96,143.74,50.98,0.0009,ski,0.2168,data/Mid224/train/cat/cat_04036.jpeg
train/cat/cat_04037.jpeg,cat,train,SUSPICIOUS_LABEL,160.05,132.95,41.52,0.0242,studio couch,0.3241,data/Mid224/train/cat/cat_04037.jpeg
train/cat/cat_04041.jpeg,cat,train,SUSPICIOUS_LABEL,214.74,127.24,55.45,0.0082,airship,0.3913,data/Mid224/train/cat/cat_04041.jpeg
train/cat/cat_04046.jpeg,cat,train,SUSPICIOUS_LABEL,459.48,114.51,59.31,0.0151,Border collie,0.2305,data/Mid224/train/cat/cat_04046.jpeg
train/cat/cat_04047.jpeg,cat,train,SUSPICIOUS_LABEL,368.39,111.29,46.34,0.0009,tank,0.3072,data/Mid224/train/cat/cat_04047.jpeg
train/cat/cat_04051.jpeg,cat,train,SUSPICIOUS_LABEL,228.7,169.48,36.75,0.0,tripod,0.5463,data/Mid224/train/cat/cat_04051.jpeg
train/cat/cat_04055.jpeg,cat,train,SUSPICIOUS_LABEL,369.73,118.63,46.53,0.0233,banded gecko,0.2628,data/Mid224/train/cat/cat_04055.jpeg
train/cat/cat_04056.jpeg,cat,train,SUSPICIOUS_LABEL,509.33,114.43,85.34,0.0063,Sealyham terrier,0.2116,data/Mid224/train/cat/cat_04056.jpeg
train/cat/cat_04058.jpeg,cat,train,SUSPICIOUS_LABEL,930.01,128.18,55.55,0.0001,airship,0.2015,data/Mid224/train/cat/cat_04058.jpeg
train/cat/cat_04059.jpeg,cat,train,SUSPICIOUS_LABEL,392.49,114.21,40.74,0.0029,bulletproof vest,0.3496,data/Mid224/train/cat/cat_04059.jpeg
train/cat/cat_04060.jpeg,cat,train,SUSPICIOUS_LABEL,339.11,131.48,50.39,0.0028,plastic bag,0.2118,data/Mid224/train/cat/cat_04060.jpeg
train/cat/cat_04066.jpeg,cat,train,SUSPICIOUS_LABEL,852.31,104.14,53.12,0.0,liner,0.2147,data/Mid224/train/cat/cat_04066.jpeg
train/cat/cat_04067.jpeg,cat,train,SUSPICIOUS_LABEL,192.22,113.82,51.3,0.0036,bulletproof vest,0.2497,data/Mid224/train/cat/cat_04067.jpeg
train/cat/cat_04068.jpeg,cat,train,SUSPICIOUS_LABEL,1742.02,99.55,50.74,0.0115,Japanese spaniel,0.6115,data/Mid224/train/cat/cat_04068.jpeg
train/cat/cat_04069.jpeg,cat,train,SUSPICIOUS_LABEL,287.35,126.1,70.32,0.0347,Japanese spaniel,0.2412,data/Mid224/train/cat/cat_04069.jpeg
train/cat/cat_04073.jpeg,cat,train,SUSPICIOUS_LABEL,417.11,110.62,58.14,0.0105,bulletproof vest,0.2686,data/Mid224/train/cat/cat_04073.jpeg
train/cat/cat_04074.jpeg,cat,train,SUSPICIOUS_LABEL,343.78,111.14,85.43,0.0072,schipperke,0.219,data/Mid224/train/cat/cat_04074.jpeg
train/cat/cat_04075.jpeg,cat,train,SUSPICIOUS_LABEL,1385.04,118.01,55.72,0.0114,Dandie Dinmont,0.2557,data/Mid224/train/cat/cat_04075.jpeg
train/cat/cat_04079.jpeg,cat,train,SUSPICIOUS_LABEL,388.8,153.09,38.96,0.0132,studio couch,0.3874,data/Mid224/train/cat/cat_04079.jpeg
train/cat/cat_04080.jpeg,cat,train,SUSPICIOUS_LABEL,272.01,109.08,51.53,0.0024,wire-haired fox terrier,0.2933,data/Mid224/train/cat/cat_04080.jpeg
train/cat/cat_04084.jpeg,cat,train,SUSPICIOUS_LABEL,393.3,135.94,55.99,0.0029,Cardigan,0.5288,data/Mid224/train/cat/cat_04084.jpeg
train/cat/cat_04087.jpeg,cat,train,SUSPICIOUS_LABEL,657.09,118.5,57.16,0.0046,espresso maker,0.3112,data/Mid224/train/cat/cat_04087.jpeg
train/cat/cat_04092.jpeg,cat,train,SUSPICIOUS_LABEL,486.35,122.63,69.32,0.0346,groenendael,0.2873,data/Mid224/train/cat/cat_04092.jpeg
train/cat/cat_04093.jpeg,cat,train,SUSPICIOUS_LABEL,401.35,109.09,41.64,0.0007,thresher,0.3815,data/Mid224/train/cat/cat_04093.jpeg
train/cat/cat_04095.jpeg,cat,train,SUSPICIOUS_LABEL,801.31,111.04,61.74,0.0089,Japanese spaniel,0.7412,data/Mid224/train/cat/cat_04095.jpeg
train/cat/cat_04097.jpeg,cat,train,SUSPICIOUS_LABEL,242.12,129.12,40.74,0.0076,book jacket,0.2254,data/Mid224/train/cat/cat_04097.jpeg
train/cat/cat_04099.jpeg,cat,train,SUSPICIOUS_LABEL,520.75,90.74,64.12,0.0084,skunk,0.27,data/Mid224/train/cat/cat_04099.jpeg
train/cat/cat_04101.jpeg,cat,train,SUSPICIOUS_LABEL,408.62,105.73,55.33,0.0025,black grouse,0.4867,data/Mid224/train/cat/cat_04101.jpeg
train/cat/cat_04105.jpeg,cat,train,SUSPICIOUS_LABEL,86.65,133.03,25.52,0.0002,espresso maker,0.2318,data/Mid224/train/cat/cat_04105.jpeg
train/cat/cat_04107.jpeg,cat,train,SUSPICIOUS_LABEL,342.98,122.54,47.97,0.0196,Cardigan,0.4248,data/Mid224/train/cat/cat_04107.jpeg
train/cat/cat_04108.jpeg,cat,train,SUSPICIOUS_LABEL,220.31,109.03,48.98,0.0021,bulletproof vest,0.2622,data/Mid224/train/cat/cat_04108.jpeg
train/cat/cat_04111.jpeg,cat,train,SUSPICIOUS_LABEL,232.21,128.89,47.57,0.0131,EntleBucher,0.2104,data/Mid224/train/cat/cat_04111.jpeg
train/cat/cat_04117.jpeg,cat,train,SUSPICIOUS_LABEL,448.99,125.86,49.05,0.0,switch,0.2083,data/Mid224/train/cat/cat_04117.jpeg
train/cat/cat_04118.jpeg,cat,train,SUSPICIOUS_LABEL,182.45,79.01,46.08,0.0125,toy terrier,0.3075,data/Mid224/train/cat/cat_04118.jpeg
train/cat/cat_04122.jpeg,cat,train,SUSPICIOUS_LABEL,378.83,72.47,57.2,0.005,wire-haired fox terrier,0.4338,data/Mid224/train/cat/cat_04122.jpeg
train/cat/cat_04124.jpeg,cat,train,SUSPICIOUS_LABEL,224.05,106.22,52.0,0.0005,bolo tie,0.7491,data/Mid224/train/cat/cat_04124.jpeg
train/cat/cat_04125.jpeg,cat,train,SUSPICIOUS_LABEL,2632.83,131.07,47.42,0.001,shopping basket,0.282,data/Mid224/train/cat/cat_04125.jpeg
train/cat/cat_04126.jpeg,cat,train,SUSPICIOUS_LABEL,207.79,88.98,33.46,0.0149,can opener,0.2748,data/Mid224/train/cat/cat_04126.jpeg
train/cat/cat_04129.jpeg,cat,train,SUSPICIOUS_LABEL,346.39,138.71,59.32,0.013,Siberian husky,0.3273,data/Mid224/train/cat/cat_04129.jpeg
train/cat/cat_04132.jpeg,cat,train,SUSPICIOUS_LABEL,384.75,122.26,46.4,0.0004,ski,0.2324,data/Mid224/train/cat/cat_04132.jpeg
train/cat/cat_04133.jpeg,cat,train,SUSPICIOUS_LABEL,303.37,108.84,53.7,0.0009,cleaver,0.2585,data/Mid224/train/cat/cat_04133.jpeg
train/cat/cat_04135.jpeg,cat,train,SUSPICIOUS_LABEL,443.06,137.9,58.45,0.002,revolver,0.4638,data/Mid224/train/cat/cat_04135.jpeg
train/cat/cat_04136.jpeg,cat,train,SUSPICIOUS_LABEL,1185.3,102.91,63.06,0.0006,Sealyham terrier,0.4373,data/Mid224/train/cat/cat_04136.jpeg
train/cat/cat_04144.jpeg,cat,train,SUSPICIOUS_LABEL,648.08,115.05,56.01,0.0173,espresso maker,0.2103,data/Mid224/train/cat/cat_04144.jpeg
train/cat/cat_04149.jpeg,cat,train,SUSPICIOUS_LABEL,197.06,132.06,54.5,0.0004,bulletproof vest,0.2232,data/Mid224/train/cat/cat_04149.jpeg
train/cat/cat_04152.jpeg,cat,train,SUSPICIOUS_LABEL,271.53,118.36,36.97,0.0026,wire-haired fox terrier,0.7504,data/Mid224/train/cat/cat_04152.jpeg
train/cat/cat_04153.jpeg,cat,train,SUSPICIOUS_LABEL,585.62,123.38,60.02,0.0055,Newfoundland,0.3019,data/Mid224/train/cat/cat_04153.jpeg
train/cat/cat_04155.jpeg,cat,train,SUSPICIOUS_LABEL,185.6,126.89,38.48,0.0003,bulletproof vest,0.8259,data/Mid224/train/cat/cat_04155.jpeg
train/cat/cat_04156.jpeg,cat,train,SUSPICIOUS_LABEL,1251.96,145.99,77.11,0.0065,can opener,0.3353,data/Mid224/train/cat/cat_04156.jpeg
train/cat/cat_04157.jpeg,cat,train,SUSPICIOUS_LABEL,755.65,125.55,66.93,0.0222,groenendael,0.2189,data/Mid224/train/cat/cat_04157.jpeg
train/cat/cat_04161.jpeg,cat,train,BLURRY;OVEREXPOSED;LOW_CONTRAST,0.0,248.0,0.0,0.0064,corkscrew,0.0182,data/Mid224/train/cat/cat_04161.jpeg
train/cat/cat_04163.jpeg,cat,train,SUSPICIOUS_LABEL,2387.92,124.83,60.13,0.0111,studio couch,0.4159,data/Mid224/train/cat/cat_04163.jpeg
train/cat/cat_04166.jpeg,cat,train,SUSPICIOUS_LABEL,320.33,132.59,52.6,0.0494,bulletproof vest,0.233,data/Mid224/train/cat/cat_04166.jpeg
train/cat/cat_04170.jpeg,cat,train,SUSPICIOUS_LABEL,285.84,159.34,38.97,0.0003,barometer,0.2071,data/Mid224/train/cat/cat_04170.jpeg
train/cat/cat_04173.jpeg,cat,train,SUSPICIOUS_LABEL,327.05,129.54,57.07,0.0113,chain saw,0.2564,data/Mid224/train/cat/cat_04173.jpeg
train/cat/cat_04178.jpeg,cat,train,SUSPICIOUS_LABEL,239.39,99.79,54.02,0.0011,switch,0.2222,data/Mid224/train/cat/cat_04178.jpeg
train/cat/cat_04182.jpeg,cat,train,SUSPICIOUS_LABEL,166.7,115.39,43.3,0.0017,Cardigan,0.2097,data/Mid224/train/cat/cat_04182.jpeg
train/cat/cat_04188.jpeg,cat,train,SUSPICIOUS_LABEL,373.63,116.4,52.52,0.0037,wire-haired fox terrier,0.3871,data/Mid224/train/cat/cat_04188.jpeg
train/cat/cat_04191.jpeg,cat,train,SUSPICIOUS_LABEL,2202.29,142.41,51.37,0.0006,Border collie,0.6811,data/Mid224/train/cat/cat_04191.jpeg
train/cat/cat_04193.jpeg,cat,train,SUSPICIOUS_LABEL,200.02,115.93,44.89,0.001,wire-haired fox terrier,0.3683,data/Mid224/train/cat/cat_04193.jpeg
train/cat/cat_04198.jpeg,cat,train,SUSPICIOUS_LABEL,354.64,128.38,50.59,0.0028,Sealyham terrier,0.3502,data/Mid224/train/cat/cat_04198.jpeg
train/cat/cat_04201.jpeg,cat,train,SUSPICIOUS_LABEL,378.77,156.96,50.04,0.0003,ski,0.2199,data/Mid224/train/cat/cat_04201.jpeg
train/cat/cat_04204.jpeg,cat,train,SUSPICIOUS_LABEL,277.74,147.83,80.57,0.0163,schipperke,0.3071,data/Mid224/train/cat/cat_04204.jpeg
train/cat/cat_04206.jpeg,cat,train,SUSPICIOUS_LABEL,254.75,149.44,51.43,0.0002,bulletproof vest,0.927,data/Mid224/train/cat/cat_04206.jpeg
train/cat/cat_04208.jpeg,cat,train,SUSPICIOUS_LABEL,302.86,156.2,61.3,0.0054,Sussex spaniel,0.2066,data/Mid224/train/cat/cat_04208.jpeg
train/cat/cat_04210.jpeg,cat,train,SUSPICIOUS_LABEL,468.2,128.54,44.51,0.0071,ski,0.2327,data/Mid224/train/cat/cat_04210.jpeg
train/cat/cat_04214.jpeg,cat,train,SUSPICIOUS_LABEL,346.39,98.95,54.08,0.0035,screen,0.4544,data/Mid224/train/cat/cat_04214.jpeg
train/cat/cat_04225.jpeg,cat,train,SUSPICIOUS_LABEL,262.51,108.96,60.27,0.0123,Samoyed,0.3012,data/Mid224/train/cat/cat_04225.jpeg
train/cat/cat_04231.jpeg,cat,train,SUSPICIOUS_LABEL,624.4,108.43,66.4,0.0012,skunk,0.2959,data/Mid224/train/cat/cat_04231.jpeg
train/cat/cat_04234.jpeg,cat,train,SUSPICIOUS_LABEL,400.07,114.95,51.0,0.0068,Japanese spaniel,0.6051,data/Mid224/train/cat/cat_04234.jpeg
train/cat/cat_04235.jpeg,cat,train,SUSPICIOUS_LABEL,447.3,135.64,87.45,0.0341,groenendael,0.2329,data/Mid224/train/cat/cat_04235.jpeg
train/cat/cat_04238.jpeg,cat,train,SUSPICIOUS_LABEL,397.4,139.42,45.31,0.0008,English foxhound,0.2343,data/Mid224/train/cat/cat_04238.jpeg
train/cat/cat_04242.jpeg,cat,train,SUSPICIOUS_LABEL,309.8,115.72,54.43,0.0011,wire-haired fox terrier,0.2749,data/Mid224/train/cat/cat_04242.jpeg
train/cat/cat_04257.jpeg,cat,train,SUSPICIOUS_LABEL,540.65,99.12,49.78,0.0,wire-haired fox terrier,0.4808,data/Mid224/train/cat/cat_04257.jpeg
train/cat/cat_04260.jpeg,cat,train,SUSPICIOUS_LABEL,627.41,118.95,42.99,0.0164,jersey,0.2361,data/Mid224/train/cat/cat_04260.jpeg
train/cat/cat_04262.jpeg,cat,train,SUSPICIOUS_LABEL,241.71,124.31,47.54,0.0092,bulletproof vest,0.5598,data/Mid224/train/cat/cat_04262.jpeg
train/cat/cat_04263.jpeg,cat,train,SUSPICIOUS_LABEL,267.41,135.69,47.52,0.0104,Japanese spaniel,0.2033,data/Mid224/train/cat/cat_04263.jpeg
train/cat/cat_04266.jpeg,cat,train,SUSPICIOUS_LABEL,455.45,137.93,60.15,0.0006,Cardigan,0.7271,data/Mid224/train/cat/cat_04266.jpeg
train/cat/cat_04267.jpeg,cat,train,SUSPICIOUS_LABEL,2923.26,122.54,58.03,0.0014,mink,0.3043,data/Mid224/train/cat/cat_04267.jpeg
train/cat/cat_04268.jpeg,cat,train,SUSPICIOUS_LABEL,1617.22,111.55,60.14,0.0044,Border collie,0.6152,data/Mid224/train/cat/cat_04268.jpeg
train/cat/cat_04271.jpeg,cat,train,SUSPICIOUS_LABEL,365.48,118.76,58.05,0.0278,Cardigan,0.4479,data/Mid224/train/cat/cat_04271.jpeg
train/cat/cat_04278.jpeg,cat,train,SUSPICIOUS_LABEL,414.75,128.31,60.94,0.0011,toy terrier,0.5604,data/Mid224/train/cat/cat_04278.jpeg
train/cat/cat_04284.jpeg,cat,train,SUSPICIOUS_LABEL,1152.34,122.23,53.55,0.0108,hamper,0.2049,data/Mid224/train/cat/cat_04284.jpeg
train/cat/cat_04286.jpeg,cat,train,SUSPICIOUS_LABEL,257.21,147.63,37.79,0.0025,moving van,0.2877,data/Mid224/train/cat/cat_04286.jpeg
train/cat/cat_04290.jpeg,cat,train,SUSPICIOUS_LABEL,285.04,124.17,57.1,0.0089,Cardigan,0.2147,data/Mid224/train/cat/cat_04290.jpeg
train/cat/cat_04293.jpeg,cat,train,SUSPICIOUS_LABEL,118.08,120.42,39.62,0.0005,assault rifle,0.2711,data/Mid224/train/cat/cat_04293.jpeg
train/cat/cat_04295.jpeg,cat,train,SUSPICIOUS_LABEL,381.66,99.45,62.3,0.0006,Japanese spaniel,0.5116,data/Mid224/train/cat/cat_04295.jpeg
train/cat/cat_04296.jpeg,cat,train,SUSPICIOUS_LABEL,402.35,132.34,64.19,0.0043,speedboat,0.2791,data/Mid224/train/cat/cat_04296.jpeg
train/cat/cat_04298.jpeg,cat,train,SUSPICIOUS_LABEL,637.93,129.35,62.16,0.0007,snowplow,0.414,data/Mid224/train/cat/cat_04298.jpeg
train/cat/cat_04299.jpeg,cat,train,SUSPICIOUS_LABEL,189.8,130.87,46.96,0.0077,airship,0.204,data/Mid224/train/cat/cat_04299.jpeg
train/cat/cat_04301.jpeg,cat,train,SUSPICIOUS_LABEL,547.15,108.9,47.71,0.0167,book jacket,0.3537,data/Mid224/train/cat/cat_04301.jpeg
train/cat/cat_04308.jpeg,cat,train,SUSPICIOUS_LABEL,453.81,108.51,56.0,0.0051,bolo tie,0.3427,data/Mid224/train/cat/cat_04308.jpeg
train/cat/cat_04314.jpeg,cat,train,SUSPICIOUS_LABEL,622.09,101.62,53.26,0.0012,comic book,0.4448,data/Mid224/train/cat/cat_04314.jpeg
train/cat/cat_04315.jpeg,cat,train,SUSPICIOUS_LABEL,394.87,127.89,31.24,0.0021,American black bear,0.6364,data/Mid224/train/cat/cat_04315.jpeg
train/cat/cat_04316.jpeg,cat,train,SUSPICIOUS_LABEL,266.63,87.97,49.22,0.0005,revolver,0.3592,data/Mid224/train/cat/cat_04316.jpeg
train/cat/cat_04320.jpeg,cat,train,SUSPICIOUS_LABEL,455.21,129.6,65.25,0.0245,schipperke,0.3944,data/Mid224/train/cat/cat_04320.jpeg
train/cat/cat_04322.jpeg,cat,train,SUSPICIOUS_LABEL,429.38,69.08,72.38,0.0089,schipperke,0.3687,data/Mid224/train/cat/cat_04322.jpeg
train/cat/cat_04326.jpeg,cat,train,SUSPICIOUS_LABEL,341.22,128.6,37.59,0.0003,airship,0.2818,data/Mid224/train/cat/cat_04326.jpeg
train/cat/cat_04327.jpeg,cat,train,SUSPICIOUS_LABEL,409.16,109.93,33.91,0.0001,cuirass,0.521,data/Mid224/train/cat/cat_04327.jpeg
train/cat/cat_04328.jpeg,cat,train,SUSPICIOUS_LABEL,335.73,115.05,46.97,0.0017,Japanese spaniel,0.4137,data/Mid224/train/cat/cat_04328.jpeg
train/cat/cat_04336.jpeg,cat,train,SUSPICIOUS_LABEL,669.15,127.67,76.56,0.0075,Border collie,0.286,data/Mid224/train/cat/cat_04336.jpeg
train/cat/cat_04340.jpeg,cat,train,SUSPICIOUS_LABEL,362.49,99.55,56.97,0.0136,fire screen,0.2958,data/Mid224/train/cat/cat_04340.jpeg
train/cat/cat_04342.jpeg,cat,train,SUSPICIOUS_LABEL,378.15,87.59,69.53,0.0211,wire-haired fox terrier,0.2686,data/Mid224/train/cat/cat_04342.jpeg
train/cat/cat_04343.jpeg,cat,train,SUSPICIOUS_LABEL,244.81,156.62,49.43,0.0098,gong,0.2547,data/Mid224/train/cat/cat_04343.jpeg
train/cat/cat_04345.jpeg,cat,train,SUSPICIOUS_LABEL,383.16,108.33,52.6,0.005,black grouse,0.3332,data/Mid224/train/cat/cat_04345.jpeg
train/cat/cat_04348.jpeg,cat,train,SUSPICIOUS_LABEL,485.6,143.26,48.26,0.0041,chain saw,0.2308,data/Mid224/train/cat/cat_04348.jpeg
train/cat/cat_04351.jpeg,cat,train,SUSPICIOUS_LABEL,311.75,118.44,69.06,0.0011,half track,0.4742,data/Mid224/train/cat/cat_04351.jpeg
train/cat/cat_04353.jpeg,cat,train,SUSPICIOUS_LABEL,178.73,107.28,45.38,0.0234,wire-haired fox terrier,0.2158,data/Mid224/train/cat/cat_04353.jpeg
train/cat/cat_04354.jpeg,cat,train,SUSPICIOUS_LABEL,412.62,108.27,66.93,0.0058,wire-haired fox terrier,0.5155,data/Mid224/train/cat/cat_04354.jpeg
train/cat/cat_04355.jpeg,cat,train,SUSPICIOUS_LABEL,3730.15,109.71,62.41,0.0107,Sealyham terrier,0.2361,data/Mid224/train/cat/cat_04355.jpeg
train/cat/cat_04365.jpeg,cat,train,SUSPICIOUS_LABEL,581.74,130.98,59.03,0.0084,wood rabbit,0.588,data/Mid224/train/cat/cat_04365.jpeg
train/cat/cat_04368.jpeg,cat,train,SUSPICIOUS_LABEL,287.43,103.98,75.62,0.0203,Scotch terrier,0.4285,data/Mid224/train/cat/cat_04368.jpeg
train/cat/cat_04370.jpeg,cat,train,SUSPICIOUS_LABEL,352.01,112.95,54.03,0.0,Japanese spaniel,0.9731,data/Mid224/train/cat/cat_04370.jpeg
train/cat/cat_04371.jpeg,cat,train,SUSPICIOUS_LABEL,432.68,117.35,37.71,0.0044,revolver,0.2254,data/Mid224/train/cat/cat_04371.jpeg
train/cat/cat_04372.jpeg,cat,train,SUSPICIOUS_LABEL,316.2,135.71,28.74,0.0011,bulletproof vest,0.3085,data/Mid224/train/cat/cat_04372.jpeg
train/cat/cat_04377.jpeg,cat,train,SUSPICIOUS_LABEL,242.6,111.82,48.22,0.0066,cocktail shaker,0.5047,data/Mid224/train/cat/cat_04377.jpeg
train/cat/cat_04381.jpeg,cat,train,SUSPICIOUS_LABEL,225.9,109.85,72.93,0.0149,Cardigan,0.4151,data/Mid224/train/cat/cat_04381.jpeg
train/cat/cat_04382.jpeg,cat,train,SUSPICIOUS_LABEL,552.57,107.28,64.17,0.0082,Norwegian elkhound,0.6068,data/Mid224/train/cat/cat_04382.jpeg
train/cat/cat_04385.jpeg,cat,train,SUSPICIOUS_LABEL,341.44,104.51,45.58,0.0094,bulletproof vest,0.3146,data/Mid224/train/cat/cat_04385.jpeg
train/cat/cat_04390.jpeg,cat,train,SUSPICIOUS_LABEL,668.07,115.31,64.16,0.0028,EntleBucher,0.3145,data/Mid224/train/cat/cat_04390.jpeg
train/cat/cat_04391.jpeg,cat,train,SUSPICIOUS_LABEL,255.61,128.02,34.47,0.0019,toy terrier,0.3135,data/Mid224/train/cat/cat_04391.jpeg
train/cat/cat_04394.jpeg,cat,train,SUSPICIOUS_LABEL,226.79,114.69,47.89,0.0012,clumber,0.4119,data/Mid224/train/cat/cat_04394.jpeg
train/cat/cat_04398.jpeg,cat,train,SUSPICIOUS_LABEL,435.86,148.75,39.77,0.0034,revolver,0.4679,data/Mid224/train/cat/cat_04398.jpeg
train/cat/cat_04400.jpeg,cat,train,SUSPICIOUS_LABEL,177.13,102.91,43.11,0.0008,hatchet,0.2117,data/Mid224/train/cat/cat_04400.jpeg
train/cat/cat_04405.jpeg,cat,train,SUSPICIOUS_LABEL,308.31,107.75,53.42,0.0009,bulletproof vest,0.3405,data/Mid224/train/cat/cat_04405.jpeg
train/cat/cat_04407.jpeg,cat,train,SUSPICIOUS_LABEL,657.29,107.44,67.2,0.0366,book jacket,0.5271,data/Mid224/train/cat/cat_04407.jpeg
train/cat/cat_04409.jpeg,cat,train,SUSPICIOUS_LABEL,269.73,97.13,46.55,0.0002,Japanese spaniel,0.7274,data/Mid224/train/cat/cat_04409.jpeg
train/cat/cat_04423.jpeg,cat,train,SUSPICIOUS_LABEL,167.56,134.16,58.81,0.0063,groenendael,0.2812,data/Mid224/train/cat/cat_04423.jpeg
train/cat/cat_04424.jpeg,cat,train,SUSPICIOUS_LABEL,95.42,113.31,40.8,0.0021,schipperke,0.4646,data/Mid224/train/cat/cat_04424.jpeg
train/cat/cat_04429.jpeg,cat,train,SUSPICIOUS_LABEL,440.12,126.12,49.5,0.0279,bluetick,0.2181,data/Mid224/train/cat/cat_04429.jpeg
train/cat/cat_04441.jpeg,cat,train,SUSPICIOUS_LABEL,267.32,123.89,49.67,0.0012,sewing machine,0.4978,data/Mid224/train/cat/cat_04441.jpeg
train/cat/cat_04443.jpeg,cat,train,SUSPICIOUS_LABEL,325.8,117.84,55.36,0.002,Sealyham terrier,0.2989,data/Mid224/train/cat/cat_04443.jpeg
train/cat/cat_04447.jpeg,cat,train,SUSPICIOUS_LABEL,564.38,110.29,62.75,0.0069,red-breasted merganser,0.226,data/Mid224/train/cat/cat_04447.jpeg
train/cat/cat_04449.jpeg,cat,train,SUSPICIOUS_LABEL,305.15,103.65,51.18,0.0023,wire-haired fox terrier,0.2838,data/Mid224/train/cat/cat_04449.jpeg
train/cat/cat_04450.jpeg,cat,train,SUSPICIOUS_LABEL,334.97,148.34,69.89,0.0297,muzzle,0.3598,data/Mid224/train/cat/cat_04450.jpeg
train/cat/cat_04451.jpeg,cat,train,SUSPICIOUS_LABEL,285.28,97.43,55.31,0.0317,Border collie,0.2451,data/Mid224/train/cat/cat_04451.jpeg
train/cat/cat_04455.jpeg,cat,train,SUSPICIOUS_LABEL,228.58,145.5,31.59,0.0058,banded gecko,0.5897,data/Mid224/train/cat/cat_04455.jpeg
train/cat/cat_04458.jpeg,cat,train,SUSPICIOUS_LABEL,402.83,110.6,38.42,0.0007,curly-coated retriever,0.2913,data/Mid224/train/cat/cat_04458.jpeg
train/cat/cat_04460.jpeg,cat,train,SUSPICIOUS_LABEL,656.75,125.18,49.73,0.002,binder,0.231,data/Mid224/train/cat/cat_04460.jpeg
train/cat/cat_04463.jpeg,cat,train,SUSPICIOUS_LABEL,2419.82,123.72,58.79,0.0079,fire screen,0.4744,data/Mid224/train/cat/cat_04463.jpeg
train/cat/cat_04472.jpeg,cat,train,SUSPICIOUS_LABEL,698.26,115.97,47.15,0.0009,panpipe,0.7306,data/Mid224/train/cat/cat_04472.jpeg
train/cat/cat_04473.jpeg,cat,train,SUSPICIOUS_LABEL,5401.12,174.94,77.38,0.0,puck,0.8095,data/Mid224/train/cat/cat_04473.jpeg
train/cat/cat_04474.jpeg,cat,train,SUSPICIOUS_LABEL,250.2,139.89,50.21,0.0448,Siberian husky,0.2812,data/Mid224/train/cat/cat_04474.jpeg
train/cat/cat_04482.jpeg,cat,train,SUSPICIOUS_LABEL,329.75,89.83,69.43,0.0001,revolver,0.4164,data/Mid224/train/cat/cat_04482.jpeg
train/cat/cat_04484.jpeg,cat,train,SUSPICIOUS_LABEL,149.44,136.42,43.34,0.0046,Old English sheepdog,0.2444,data/Mid224/train/cat/cat_04484.jpeg
train/cat/cat_04485.jpeg,cat,train,SUSPICIOUS_LABEL,205.77,72.38,50.42,0.0106,Japanese spaniel,0.2386,data/Mid224/train/cat/cat_04485.jpeg
train/cat/cat_04488.jpeg,cat,train,SUSPICIOUS_LABEL,260.55,124.47,72.13,0.0003,standard poodle,0.2205,data/Mid224/train/cat/cat_04488.jpeg
train/cat/cat_04491.jpeg,cat,train,SUSPICIOUS_LABEL,484.57,83.17,57.05,0.0023,Japanese spaniel,0.3626,data/Mid224/train/cat/cat_04491.jpeg
train/cat/cat_04492.jpeg,cat,train,SUSPICIOUS_LABEL,316.83,109.74,64.33,0.014,groenendael,0.2898,data/Mid224/train/cat/cat_04492.jpeg
train/cat/cat_04494.jpeg,cat,train,SUSPICIOUS_LABEL,261.68,121.96,34.84,0.0019,ski,0.3416,data/Mid224/train/cat/cat_04494.jpeg
train/cat/cat_04496.jpeg,cat,train,SUSPICIOUS_LABEL,612.33,137.61,74.45,0.0191,Cardigan,0.4873,data/Mid224/train/cat/cat_04496.jpeg
train/cat/cat_04500.jpeg,cat,train,SUSPICIOUS_LABEL,387.54,150.4,63.5,0.0231,Japanese spaniel,0.3117,data/Mid224/train/cat/cat_04500.jpeg
train/cat/cat_04507.jpeg,cat,train,SUSPICIOUS_LABEL,354.26,106.49,41.77,0.003,bulletproof vest,0.2238,data/Mid224/train/cat/cat_04507.jpeg
train/cat/cat_04508.jpeg,cat,train,SUSPICIOUS_LABEL,354.24,124.31,35.74,0.0144,bulletproof vest,0.3509,data/Mid224/train/cat/cat_04508.jpeg
train/cat/cat_04514.jpeg,cat,train,SUSPICIOUS_LABEL,578.1,104.34,57.41,0.042,Cardigan,0.3958,data/Mid224/train/cat/cat_04514.jpeg
train/cat/cat_04515.jpeg,cat,train,SUSPICIOUS_LABEL,215.82,78.83,62.63,0.0015,airship,0.3464,data/Mid224/train/cat/cat_04515.jpeg
train/cat/cat_04516.jpeg,cat,train,SUSPICIOUS_LABEL,322.49,111.63,71.2,0.0045,Japanese spaniel,0.2966,data/Mid224/train/cat/cat_04516.jpeg
train/cat/cat_04518.jpeg,cat,train,SUSPICIOUS_LABEL,220.14,104.59,36.37,0.0006,can opener,0.2784,data/Mid224/train/cat/cat_04518.jpeg
train/cat/cat_04530.jpeg,cat,train,SUSPICIOUS_LABEL,342.73,112.46,81.14,0.041,Cardigan,0.2028,data/Mid224/train/cat/cat_04530.jpeg
train/cat/cat_04535.jpeg,cat,train,SUSPICIOUS_LABEL,1520.96,130.91,47.11,0.0076,platypus,0.2092,data/Mid224/train/cat/cat_04535.jpeg
train/cat/cat_04543.jpeg,cat,train,SUSPICIOUS_LABEL,242.76,138.28,80.36,0.001,Border collie,0.4838,data/Mid224/train/cat/cat_04543.jpeg
train/cat/cat_04546.jpeg,cat,train,SUSPICIOUS_LABEL,425.3,122.04,67.11,0.0015,guinea pig,0.4854,data/Mid224/train/cat/cat_04546.jpeg
train/cat/cat_04549.jpeg,cat,train,SUSPICIOUS_LABEL,323.73,137.01,78.3,0.0051,neck brace,0.2404,data/Mid224/train/cat/cat_04549.jpeg
train/cat/cat_04554.jpeg,cat,train,SUSPICIOUS_LABEL,166.62,99.95,46.45,0.0044,Walker hound,0.2068,data/Mid224/train/cat/cat_04554.jpeg
train/cat/cat_04555.jpeg,cat,train,SUSPICIOUS_LABEL,736.73,105.78,54.64,0.0003,chain saw,0.316,data/Mid224/train/cat/cat_04555.jpeg
train/cat/cat_04560.jpeg,cat,train,SUSPICIOUS_LABEL,3869.55,109.38,64.08,0.0017,prison,0.2105,data/Mid224/train/cat/cat_04560.jpeg
train/cat/cat_04569.jpeg,cat,train,SUSPICIOUS_LABEL,1031.26,111.26,45.01,0.0002,cassette player,0.336,data/Mid224/train/cat/cat_04569.jpeg
train/cat/cat_04571.jpeg,cat,train,SUSPICIOUS_LABEL,176.72,152.44,43.32,0.0031,chain saw,0.258,data/Mid224/train/cat/cat_04571.jpeg
train/cat/cat_04573.jpeg,cat,train,SUSPICIOUS_LABEL,585.98,97.59,51.38,0.0234,EntleBucher,0.2709,data/Mid224/train/cat/cat_04573.jpeg
train/cat/cat_04576.jpeg,cat,train,SUSPICIOUS_LABEL,570.69,127.12,29.33,0.004,hair slide,0.3404,data/Mid224/train/cat/cat_04576.jpeg
train/cat/cat_04580.jpeg,cat,train,SUSPICIOUS_LABEL,246.37,117.79,36.94,0.0007,cocktail shaker,0.2264,data/Mid224/train/cat/cat_04580.jpeg
train/cat/cat_04585.jpeg,cat,train,SUSPICIOUS_LABEL,205.42,96.14,51.94,0.0005,space shuttle,0.6427,data/Mid224/train/cat/cat_04585.jpeg
train/cat/cat_04590.jpeg,cat,train,SUSPICIOUS_LABEL,682.79,87.03,57.65,0.0001,prison,0.9433,data/Mid224/train/cat/cat_04590.jpeg
train/cat/cat_04601.jpeg,cat,train,SUSPICIOUS_LABEL,242.76,141.06,38.2,0.0001,airliner,0.3258,data/Mid224/train/cat/cat_04601.jpeg
train/cat/cat_04604.jpeg,cat,train,SUSPICIOUS_LABEL,597.21,123.32,41.19,0.0004,can opener,0.3665,data/Mid224/train/cat/cat_04604.jpeg
train/cat/cat_04606.jpeg,cat,train,SUSPICIOUS_LABEL,373.78,115.69,43.3,0.0125,hen-of-the-woods,0.304,data/Mid224/train/cat/cat_04606.jpeg
train/cat/cat_04611.jpeg,cat,train,SUSPICIOUS_LABEL,999.36,115.81,62.94,0.0006,prison,0.5319,data/Mid224/train/cat/cat_04611.jpeg
train/cat/cat_04614.jpeg,cat,train,SUSPICIOUS_LABEL,295.8,137.79,42.48,0.0028,Sealyham terrier,0.6556,data/Mid224/train/cat/cat_04614.jpeg
train/cat/cat_04616.jpeg,cat,train,SUSPICIOUS_LABEL,304.09,108.11,48.55,0.0032,bulletproof vest,0.2407,data/Mid224/train/cat/cat_04616.jpeg
train/cat/cat_04621.jpeg,cat,train,SUSPICIOUS_LABEL,489.88,131.16,61.37,0.0018,consomme,0.2427,data/Mid224/train/cat/cat_04621.jpeg
train/cat/cat_04625.jpeg,cat,train,SUSPICIOUS_LABEL,342.74,168.56,81.67,0.0015,schipperke,0.5179,data/Mid224/train/cat/cat_04625.jpeg
train/cat/cat_04630.jpeg,cat,train,SUSPICIOUS_LABEL,886.55,126.95,57.34,0.0,thresher,0.543,data/Mid224/train/cat/cat_04630.jpeg
train/cat/cat_04632.jpeg,cat,train,SUSPICIOUS_LABEL,277.64,144.53,49.36,0.0042,wire-haired fox terrier,0.8178,data/Mid224/train/cat/cat_04632.jpeg
train/cat/cat_04633.jpeg,cat,train,SUSPICIOUS_LABEL,232.54,128.81,43.14,0.0196,triceratops,0.3878,data/Mid224/train/cat/cat_04633.jpeg
train/cat/cat_04634.jpeg,cat,train,SUSPICIOUS_LABEL,425.63,112.5,36.11,0.0002,guillotine,0.4693,data/Mid224/train/cat/cat_04634.jpeg
train/cat/cat_04637.jpeg,cat,train,SUSPICIOUS_LABEL,500.44,109.51,41.35,0.0102,chain saw,0.2147,data/Mid224/train/cat/cat_04637.jpeg
train/cat/cat_04641.jpeg,cat,train,SUSPICIOUS_LABEL,734.87,133.28,35.38,0.04,airship,0.3166,data/Mid224/train/cat/cat_04641.jpeg
train/cat/cat_04649.jpeg,cat,train,SUSPICIOUS_LABEL,368.66,190.4,68.56,0.0111,Japanese spaniel,0.3869,data/Mid224/train/cat/cat_04649.jpeg
train/cat/cat_04652.jpeg,cat,train,SUSPICIOUS_LABEL,177.78,122.97,26.13,0.0002,unicycle,0.2875,data/Mid224/train/cat/cat_04652.jpeg
train/cat/cat_04653.jpeg,cat,train,SUSPICIOUS_LABEL,239.55,144.2,30.49,0.0013,bulletproof vest,0.4367,data/Mid224/train/cat/cat_04653.jpeg
train/cat/cat_04654.jpeg,cat,train,SUSPICIOUS_LABEL,267.8,104.46,51.99,0.0303,Cardigan,0.3647,data/Mid224/train/cat/cat_04654.jpeg
train/cat/cat_04658.jpeg,cat,train,SUSPICIOUS_LABEL,218.45,190.97,56.28,0.0006,can opener,0.2885,data/Mid224/train/cat/cat_04658.jpeg
train/cat/cat_04659.jpeg,cat,train,SUSPICIOUS_LABEL,315.98,168.97,50.14,0.0067,wire-haired fox terrier,0.7695,data/Mid224/train/cat/cat_04659.jpeg
train/cat/cat_04660.jpeg,cat,train,SUSPICIOUS_LABEL,322.44,129.37,54.73,0.0049,wire-haired fox terrier,0.57,data/Mid224/train/cat/cat_04660.jpeg
train/cat/cat_04662.jpeg,cat,train,SUSPICIOUS_LABEL,896.94,149.31,70.14,0.0,chime,0.2468,data/Mid224/train/cat/cat_04662.jpeg
train/cat/cat_04665.jpeg,cat,train,SUSPICIOUS_LABEL,483.64,126.15,38.64,0.0197,sleeping bag,0.2898,data/Mid224/train/cat/cat_04665.jpeg
train/cat/cat_04666.jpeg,cat,train,SUSPICIOUS_LABEL,520.46,145.54,45.58,0.0099,plate rack,0.2844,data/Mid224/train/cat/cat_04666.jpeg
train/cat/cat_04672.jpeg,cat,train,SUSPICIOUS_LABEL,426.56,108.69,73.31,0.0154,schipperke,0.5874,data/Mid224/train/cat/cat_04672.jpeg
train/cat/cat_04673.jpeg,cat,train,SUSPICIOUS_LABEL,365.57,85.44,47.24,0.0043,airship,0.2131,data/Mid224/train/cat/cat_04673.jpeg
train/cat/cat_04683.jpeg,cat,train,SUSPICIOUS_LABEL,243.39,92.71,59.55,0.0002,black grouse,0.4493,data/Mid224/train/cat/cat_04683.jpeg
train/cat/cat_04684.jpeg,cat,train,SUSPICIOUS_LABEL,358.75,94.98,55.06,0.0008,space shuttle,0.2054,data/Mid224/train/cat/cat_04684.jpeg
train/cat/cat_04688.jpeg,cat,train,SUSPICIOUS_LABEL,215.55,144.24,46.78,0.0007,Bedlington terrier,0.6451,data/Mid224/train/cat/cat_04688.jpeg
train/cat/cat_04689.jpeg,cat,train,SUSPICIOUS_LABEL,148.05,97.97,42.49,0.0007,revolver,0.4069,data/Mid224/train/cat/cat_04689.jpeg
train/cat/cat_04694.jpeg,cat,train,SUSPICIOUS_LABEL,259.95,125.02,53.04,0.0094,EntleBucher,0.2844,data/Mid224/train/cat/cat_04694.jpeg
train/cat/cat_04698.jpeg,cat,train,SUSPICIOUS_LABEL,1027.27,93.49,57.06,0.0004,black grouse,0.3976,data/Mid224/train/cat/cat_04698.jpeg
train/cat/cat_04700.jpeg,cat,train,SUSPICIOUS_LABEL,197.49,153.99,43.43,0.0222,can opener,0.2059,data/Mid224/train/cat/cat_04700.jpeg
train/cat/cat_04701.jpeg,cat,train,SUSPICIOUS_LABEL,490.21,115.46,58.65,0.0007,prison,0.3742,data/Mid224/train/cat/cat_04701.jpeg
train/cat/cat_04702.jpeg,cat,train,SUSPICIOUS_LABEL,177.34,180.81,47.3,0.0016,revolver,0.6179,data/Mid224/train/cat/cat_04702.jpeg
train/cat/cat_04704.jpeg,cat,train,SUSPICIOUS_LABEL,305.43,68.33,55.54,0.0007,chain saw,0.6624,data/Mid224/train/cat/cat_04704.jpeg
train/cat/cat_04706.jpeg,cat,train,SUSPICIOUS_LABEL,457.8,113.57,83.03,0.0082,groenendael,0.3527,data/Mid224/train/cat/cat_04706.jpeg
train/cat/cat_04711.jpeg,cat,train,SUSPICIOUS_LABEL,241.61,119.38,65.24,0.0157,Cardigan,0.4678,data/Mid224/train/cat/cat_04711.jpeg
train/cat/cat_04720.jpeg,cat,train,SUSPICIOUS_LABEL,358.63,134.64,60.52,0.033,space shuttle,0.2047,data/Mid224/train/cat/cat_04720.jpeg
train/cat/cat_04727.jpeg,cat,train,SUSPICIOUS_LABEL,216.53,97.51,64.39,0.0068,Norwich terrier,0.5785,data/Mid224/train/cat/cat_04727.jpeg
train/cat/cat_04731.jpeg,cat,train,SUSPICIOUS_LABEL,537.92,143.33,56.53,0.0077,chain saw,0.2489,data/Mid224/train/cat/cat_04731.jpeg
train/cat/cat_04736.jpeg,cat,train,SUSPICIOUS_LABEL,165.77,142.96,47.02,0.0027,Japanese spaniel,0.4186,data/Mid224/train/cat/cat_04736.jpeg
train/cat/cat_04742.jpeg,cat,train,SUSPICIOUS_LABEL,333.49,133.56,44.95,0.0003,half track,0.2926,data/Mid224/train/cat/cat_04742.jpeg
train/cat/cat_04744.jpeg,cat,train,SUSPICIOUS_LABEL,330.73,87.77,56.62,0.0032,bulletproof vest,0.2296,data/Mid224/train/cat/cat_04744.jpeg
train/cat/cat_04746.jpeg,cat,train,SUSPICIOUS_LABEL,306.08,128.52,46.84,0.0003,Japanese spaniel,0.7815,data/Mid224/train/cat/cat_04746.jpeg
train/cat/cat_04747.jpeg,cat,train,SUSPICIOUS_LABEL,185.46,126.63,23.33,0.0061,wall clock,0.5824,data/Mid224/train/cat/cat_04747.jpeg
train/cat/cat_04750.jpeg,cat,train,SUSPICIOUS_LABEL,184.25,125.73,54.16,0.0171,ox,0.2058,data/Mid224/train/cat/cat_04750.jpeg
train/cat/cat_04752.jpeg,cat,train,SUSPICIOUS_LABEL,417.45,118.03,52.62,0.0012,face powder,0.2016,data/Mid224/train/cat/cat_04752.jpeg
train/cat/cat_04753.jpeg,cat,train,SUSPICIOUS_LABEL,302.24,120.79,63.72,0.0043,affenpinscher,0.3229,data/Mid224/train/cat/cat_04753.jpeg
train/cat/cat_04754.jpeg,cat,train,SUSPICIOUS_LABEL,295.25,125.94,57.0,0.0093,Cardigan,0.2262,data/Mid224/train/cat/cat_04754.jpeg
train/cat/cat_04755.jpeg,cat,train,SUSPICIOUS_LABEL,435.59,99.25,40.12,0.0014,espresso maker,0.2983,data/Mid224/train/cat/cat_04755.jpeg
train/cat/cat_04756.jpeg,cat,train,SUSPICIOUS_LABEL,469.77,113.1,64.69,0.0428,schipperke,0.5244,data/Mid224/train/cat/cat_04756.jpeg
train/cat/cat_04763.jpeg,cat,train,SUSPICIOUS_LABEL,3969.49,101.23,77.74,0.0022,Scotch terrier,0.4581,data/Mid224/train/cat/cat_04763.jpeg
train/cat/cat_04766.jpeg,cat,train,SUSPICIOUS_LABEL,1418.99,121.15,54.94,0.0003,studio couch,0.2437,data/Mid224/train/cat/cat_04766.jpeg
train/cat/cat_04767.jpeg,cat,train,SUSPICIOUS_LABEL,405.05,142.07,72.82,0.0136,Dandie Dinmont,0.2922,data/Mid224/train/cat/cat_04767.jpeg
train/cat/cat_04770.jpeg,cat,train,SUSPICIOUS_LABEL,390.01,147.39,54.74,0.0054,Japanese spaniel,0.4653,data/Mid224/train/cat/cat_04770.jpeg
train/cat/cat_04773.jpeg,cat,train,SUSPICIOUS_LABEL,542.69,74.72,53.82,0.0109,Cardigan,0.3933,data/Mid224/train/cat/cat_04773.jpeg
train/cat/cat_04784.jpeg,cat,train,SUSPICIOUS_LABEL,407.51,99.05,33.99,0.0015,Cardigan,0.2423,data/Mid224/train/cat/cat_04784.jpeg
train/cat/cat_04793.jpeg,cat,train,SUSPICIOUS_LABEL,374.56,113.87,43.5,0.0006,EntleBucher,0.2344,data/Mid224/train/cat/cat_04793.jpeg
train/cat/cat_04801.jpeg,cat,train,SUSPICIOUS_LABEL,523.23,111.44,50.05,0.0003,bulletproof vest,0.2824,data/Mid224/train/cat/cat_04801.jpeg
train/cat/cat_04808.jpeg,cat,train,SUSPICIOUS_LABEL,341.52,99.31,47.96,0.0147,Japanese spaniel,0.5813,data/Mid224/train/cat/cat_04808.jpeg
train/cat/cat_04814.jpeg,cat,train,SUSPICIOUS_LABEL,1618.0,126.02,49.07,0.0017,plate rack,0.2872,data/Mid224/train/cat/cat_04814.jpeg
train/cat/cat_04822.jpeg,cat,train,SUSPICIOUS_LABEL,1534.12,118.33,52.04,0.0378,thresher,0.4273,data/Mid224/train/cat/cat_04822.jpeg
train/cat/cat_04823.jpeg,cat,train,SUSPICIOUS_LABEL,414.7,143.74,66.67,0.0003,frying pan,0.2321,data/Mid224/train/cat/cat_04823.jpeg
train/cat/cat_04830.jpeg,cat,train,SUSPICIOUS_LABEL,844.4,155.97,52.55,0.0167,bulletproof vest,0.453,data/Mid224/train/cat/cat_04830.jpeg
train/cat/cat_04841.jpeg,cat,train,SUSPICIOUS_LABEL,414.28,85.49,60.52,0.0119,Appenzeller,0.3394,data/Mid224/train/cat/cat_04841.jpeg
train/cat/cat_04843.jpeg,cat,train,SUSPICIOUS_LABEL,263.38,126.22,57.4,0.0056,Samoyed,0.3771,data/Mid224/train/cat/cat_04843.jpeg
train/cat/cat_04844.jpeg,cat,train,SUSPICIOUS_LABEL,1091.35,100.42,47.76,0.0,reel,0.312,data/Mid224/train/cat/cat_04844.jpeg
train/cat/cat_04845.jpeg,cat,train,SUSPICIOUS_LABEL,427.19,144.7,47.16,0.0139,papillon,0.4669,data/Mid224/train/cat/cat_04845.jpeg
train/cat/cat_04848.jpeg,cat,train,SUSPICIOUS_LABEL,231.42,134.35,39.31,0.0057,bulletproof vest,0.2985,data/Mid224/train/cat/cat_04848.jpeg
train/cat/cat_04851.jpeg,cat,train,SUSPICIOUS_LABEL,816.25,151.48,55.79,0.0078,skunk,0.3646,data/Mid224/train/cat/cat_04851.jpeg
train/cat/cat_04852.jpeg,cat,train,BLURRY,78.98,102.57,20.36,0.0036,binder,0.0843,data/Mid224/train/cat/cat_04852.jpeg
train/cat/cat_04856.jpeg,cat,train,SUSPICIOUS_LABEL,537.99,199.98,50.34,0.0073,screen,0.3469,data/Mid224/train/cat/cat_04856.jpeg
train/cat/cat_04857.jpeg,cat,train,SUSPICIOUS_LABEL,334.04,149.77,47.88,0.0007,guillotine,0.3171,data/Mid224/train/cat/cat_04857.jpeg
train/cat/cat_04858.jpeg,cat,train,SUSPICIOUS_LABEL,1763.82,112.14,46.4,0.0001,prison,0.3279,data/Mid224/train/cat/cat_04858.jpeg
train/cat/cat_04860.jpeg,cat,train,SUSPICIOUS_LABEL,317.41,121.27,65.06,0.0156,Cardigan,0.3489,data/Mid224/train/cat/cat_04860.jpeg
train/cat/cat_04863.jpeg,cat,train,SUSPICIOUS_LABEL,235.61,75.79,57.08,0.0172,Mexican hairless,0.2153,data/Mid224/train/cat/cat_04863.jpeg
train/cat/cat_04865.jpeg,cat,train,SUSPICIOUS_LABEL,603.65,143.18,57.39,0.0019,Samoyed,0.5836,data/Mid224/train/cat/cat_04865.jpeg
train/cat/cat_04870.jpeg,cat,train,SUSPICIOUS_LABEL,453.6,84.66,55.66,0.0003,espresso maker,0.4012,data/Mid224/train/cat/cat_04870.jpeg
train/cat/cat_04871.jpeg,cat,train,SUSPICIOUS_LABEL,521.21,149.86,42.17,0.0063,comic book,0.3086,data/Mid224/train/cat/cat_04871.jpeg
train/cat/cat_04873.jpeg,cat,train,SUSPICIOUS_LABEL,213.29,134.4,54.85,0.0004,revolver,0.3317,data/Mid224/train/cat/cat_04873.jpeg
train/cat/cat_04874.jpeg,cat,train,SUSPICIOUS_LABEL,176.52,87.07,47.5,0.0012,wire-haired fox terrier,0.3017,data/Mid224/train/cat/cat_04874.jpeg
train/cat/cat_04876.jpeg,cat,train,SUSPICIOUS_LABEL,488.64,124.48,63.97,0.0358,revolver,0.2614,data/Mid224/train/cat/cat_04876.jpeg
train/cat/cat_04878.jpeg,cat,train,SUSPICIOUS_LABEL,276.9,116.14,65.8,0.0046,airship,0.2118,data/Mid224/train/cat/cat_04878.jpeg
train/cat/cat_04880.jpeg,cat,train,SUSPICIOUS_LABEL,1906.98,110.84,58.58,0.0083,Bernese mountain dog,0.2116,data/Mid224/train/cat/cat_04880.jpeg
train/cat/cat_04882.jpeg,cat,train,SUSPICIOUS_LABEL,660.45,96.96,53.97,0.0003,screen,0.3087,data/Mid224/train/cat/cat_04882.jpeg
train/cat/cat_04885.jpeg,cat,train,SUSPICIOUS_LABEL,328.64,95.58,32.17,0.0032,Kerry blue terrier,0.2171,data/Mid224/train/cat/cat_04885.jpeg
train/cat/cat_04887.jpeg,cat,train,SUSPICIOUS_LABEL,196.16,115.09,32.47,0.0047,pickelhaube,0.5572,data/Mid224/train/cat/cat_04887.jpeg
train/cat/cat_04891.jpeg,cat,train,SUSPICIOUS_LABEL,2441.9,122.39,64.45,0.007,prison,0.4841,data/Mid224/train/cat/cat_04891.jpeg
train/cat/cat_04893.jpeg,cat,train,SUSPICIOUS_LABEL,371.01,121.8,49.82,0.0084,espresso maker,0.2937,data/Mid224/train/cat/cat_04893.jpeg
train/cat/cat_04897.jpeg,cat,train,SUSPICIOUS_LABEL,262.63,159.15,68.01,0.0217,groenendael,0.4438,data/Mid224/train/cat/cat_04897.jpeg
train/cat/cat_04898.jpeg,cat,train,SUSPICIOUS_LABEL,260.39,104.92,36.31,0.0001,parallel bars,0.529,data/Mid224/train/cat/cat_04898.jpeg
train/cat/cat_04900.jpeg,cat,train,SUSPICIOUS_LABEL,594.92,127.06,47.45,0.0413,bulletproof vest,0.263,data/Mid224/train/cat/cat_04900.jpeg
train/cat/cat_04901.jpeg,cat,train,SUSPICIOUS_LABEL,175.96,146.9,44.06,0.0006,hatchet,0.3225,data/Mid224/train/cat/cat_04901.jpeg
train/cat/cat_04902.jpeg,cat,train,SUSPICIOUS_LABEL,244.18,181.5,42.68,0.023,dishwasher,0.2741,data/Mid224/train/cat/cat_04902.jpeg
train/cat/cat_04903.jpeg,cat,train,SUSPICIOUS_LABEL,265.07,118.79,54.36,0.0025,yawl,0.6605,data/Mid224/train/cat/cat_04903.jpeg
train/cat/cat_04906.jpeg,cat,train,SUSPICIOUS_LABEL,265.47,123.45,41.0,0.019,triceratops,0.6367,data/Mid224/train/cat/cat_04906.jpeg
train/cat/cat_04912.jpeg,cat,train,SUSPICIOUS_LABEL,1403.35,123.19,40.97,0.0,prison,0.3898,data/Mid224/train/cat/cat_04912.jpeg
train/cat/cat_04917.jpeg,cat,train,SUSPICIOUS_LABEL,332.48,130.79,29.66,0.0127,Dandie Dinmont,0.3716,data/Mid224/train/cat/cat_04917.jpeg
train/cat/cat_04920.jpeg,cat,train,SUSPICIOUS_LABEL,1349.5,98.94,50.3,0.0011,Sussex spaniel,0.4336,data/Mid224/train/cat/cat_04920.jpeg
train/cat/cat_04923.jpeg,cat,train,SUSPICIOUS_LABEL,122.8,170.0,57.9,0.0032,black grouse,0.3655,data/Mid224/train/cat/cat_04923.jpeg
train/cat/cat_04925.jpeg,cat,train,SUSPICIOUS_LABEL,275.97,146.92,44.58,0.0091,Dandie Dinmont,0.5787,data/Mid224/train/cat/cat_04925.jpeg
train/cat/cat_04929.jpeg,cat,train,SUSPICIOUS_LABEL,399.24,140.13,59.58,0.0042,Sussex spaniel,0.3226,data/Mid224/train/cat/cat_04929.jpeg
train/cat/cat_04932.jpeg,cat,train,SUSPICIOUS_LABEL,177.7,134.25,51.78,0.0019,Sealyham terrier,0.2553,data/Mid224/train/cat/cat_04932.jpeg
train/cat/cat_04948.jpeg,cat,train,BLURRY;SUSPICIOUS_LABEL,70.56,75.47,44.13,0.0001,bearskin,0.6228,data/Mid224/train/cat/cat_04948.jpeg
train/cat/cat_04949.jpeg,cat,train,SUSPICIOUS_LABEL,364.27,125.2,49.52,0.003,wire-haired fox terrier,0.4426,data/Mid224/train/cat/cat_04949.jpeg
train/cat/cat_04950.jpeg,cat,train,SUSPICIOUS_LABEL,556.98,115.11,48.01,0.0129,bulletproof vest,0.3032,data/Mid224/train/cat/cat_04950.jpeg
train/cat/cat_04952.jpeg,cat,train,SUSPICIOUS_LABEL,1000.07,137.91,56.45,0.0333,Saint Bernard,0.2362,data/Mid224/train/cat/cat_04952.jpeg
train/cat/cat_04953.jpeg,cat,train,SUSPICIOUS_LABEL,246.4,137.71,53.5,0.016,submarine,0.236,data/Mid224/train/cat/cat_04953.jpeg
train/cat/cat_04955.jpeg,cat,train,SUSPICIOUS_LABEL,298.91,122.14,51.54,0.0106,Cardigan,0.349,data/Mid224/train/cat/cat_04955.jpeg
train/cat/cat_04956.jpeg,cat,train,SUSPICIOUS_LABEL,279.72,102.52,65.25,0.0003,black grouse,0.3918,data/Mid224/train/cat/cat_04956.jpeg
train/cat/cat_04957.jpeg,cat,train,SUSPICIOUS_LABEL,293.37,137.1,33.56,0.001,bulletproof vest,0.3146,data/Mid224/train/cat/cat_04957.jpeg
train/cat/cat_04958.jpeg,cat,train,SUSPICIOUS_LABEL,733.99,122.93,77.46,0.0014,wire-haired fox terrier,0.2312,data/Mid224/train/cat/cat_04958.jpeg
train/cat/cat_04959.jpeg,cat,train,SUSPICIOUS_LABEL,371.18,127.75,83.04,0.0186,Scotch terrier,0.2412,data/Mid224/train/cat/cat_04959.jpeg
train/cat/cat_04962.jpeg,cat,train,SUSPICIOUS_LABEL,624.55,110.07,38.91,0.0005,prison,0.2436,data/Mid224/train/cat/cat_04962.jpeg
train/cat/cat_04969.jpeg,cat,train,SUSPICIOUS_LABEL,157.59,125.74,42.55,0.0063,wire-haired fox terrier,0.5491,data/Mid224/train/cat/cat_04969.jpeg
train/cat/cat_04971.jpeg,cat,train,SUSPICIOUS_LABEL,308.81,152.49,43.28,0.009,can opener,0.2315,data/Mid224/train/cat/cat_04971.jpeg
train/cat/cat_04975.jpeg,cat,train,SUSPICIOUS_LABEL,488.48,147.53,59.0,0.0007,bulletproof vest,0.2714,data/Mid224/train/cat/cat_04975.jpeg
train/cat/cat_04976.jpeg,cat,train,SUSPICIOUS_LABEL,315.93,117.54,51.9,0.0268,projectile,0.3293,data/Mid224/train/cat/cat_04976.jpeg
train/cat/cat_04979.jpeg,cat,train,SUSPICIOUS_LABEL,595.13,124.44,41.14,0.0007,doormat,0.5854,data/Mid224/train/cat/cat_04979.jpeg
train/cat/cat_04980.jpeg,cat,train,SUSPICIOUS_LABEL,365.2,117.74,49.72,0.0169,Cardigan,0.3873,data/Mid224/train/cat/cat_04980.jpeg
train/cat/cat_04981.jpeg,cat,train,SUSPICIOUS_LABEL,370.71,107.49,64.16,0.0049,bulletproof vest,0.2565,data/Mid224/train/cat/cat_04981.jpeg
train/cat/cat_04982.jpeg,cat,train,SUSPICIOUS_LABEL,151.5,121.29,25.21,0.0002,milk can,0.2348,data/Mid224/train/cat/cat_04982.jpeg
train/cat/cat_04985.jpeg,cat,train,SUSPICIOUS_LABEL,412.04,111.37,54.51,0.0076,bulletproof vest,0.2027,data/Mid224/train/cat/cat_04985.jpeg
train/cat/cat_04986.jpeg,cat,train,SUSPICIOUS_LABEL,447.63,117.4,45.86,0.0003,bulletproof vest,0.9601,data/Mid224/train/cat/cat_04986.jpeg
train/cat/cat_04987.jpeg,cat,train,SUSPICIOUS_LABEL,405.37,127.76,70.63,0.0357,projectile,0.2445,data/Mid224/train/cat/cat_04987.jpeg
train/cat/cat_04989.jpeg,cat,train,SUSPICIOUS_LABEL,970.69,108.46,49.91,0.0011,neck brace,0.2623,data/Mid224/train/cat/cat_04989.jpeg
train/cat/cat_04996.jpeg,cat,train,SUSPICIOUS_LABEL,236.21,117.48,53.86,0.0212,electric ray,0.3521,data/Mid224/train/cat/cat_04996.jpeg
train/cat/cat_04998.jpeg,cat,train,SUSPICIOUS_LABEL,544.16,112.54,71.28,0.0,prison,0.6973,data/Mid224/train/cat/cat_04998.jpeg
train/cat/cat_05003.jpeg,cat,train,SUSPICIOUS_LABEL,403.96,89.51,52.67,0.0135,cocktail shaker,0.2467,data/Mid224/train/cat/cat_05003.jpeg
train/cat/cat_05004.jpeg,cat,train,SUSPICIOUS_LABEL,302.78,96.36,74.91,0.0107,indri,0.3131,data/Mid224/train/cat/cat_05004.jpeg
train/cat/cat_05005.jpeg,cat,train,SUSPICIOUS_LABEL,638.93,111.5,54.67,0.0049,French bulldog,0.2112,data/Mid224/train/cat/cat_05005.jpeg
train/cat/cat_05008.jpeg,cat,train,SUSPICIOUS_LABEL,268.11,132.78,40.51,0.0041,studio couch,0.4008,data/Mid224/train/cat/cat_05008.jpeg
train/cat/cat_05011.jpeg,cat,train,SUSPICIOUS_LABEL,219.55,171.07,46.57,0.0019,envelope,0.2002,data/Mid224/train/cat/cat_05011.jpeg
train/cat/cat_05016.jpeg,cat,train,SUSPICIOUS_LABEL,221.74,166.97,66.27,0.0036,bulletproof vest,0.3988,data/Mid224/train/cat/cat_05016.jpeg
train/cat/cat_05018.jpeg,cat,train,SUSPICIOUS_LABEL,416.15,98.56,58.1,0.0016,wire-haired fox terrier,0.5317,data/Mid224/train/cat/cat_05018.jpeg
train/cat/cat_05019.jpeg,cat,train,SUSPICIOUS_LABEL,150.56,72.17,47.6,0.0027,switch,0.21,data/Mid224/train/cat/cat_05019.jpeg
train/cat/cat_05020.jpeg,cat,train,SUSPICIOUS_LABEL,314.1,116.92,39.1,0.0,parallel bars,0.8157,data/Mid224/train/cat/cat_05020.jpeg
train/cat/cat_05024.jpeg,cat,train,SUSPICIOUS_LABEL,1030.92,96.56,61.13,0.0003,oxygen mask,0.2315,data/Mid224/train/cat/cat_05024.jpeg
train/cat/cat_05026.jpeg,cat,train,SUSPICIOUS_LABEL,652.27,86.71,55.44,0.0006,container ship,0.3156,data/Mid224/train/cat/cat_05026.jpeg
train/cat/cat_05029.jpeg,cat,train,SUSPICIOUS_LABEL,477.5,117.43,59.83,0.0006,Kerry blue terrier,0.2204,data/Mid224/train/cat/cat_05029.jpeg
train/cat/cat_05030.jpeg,cat,train,SUSPICIOUS_LABEL,297.86,107.19,55.27,0.018,bulletproof vest,0.3236,data/Mid224/train/cat/cat_05030.jpeg
train/cat/cat_05031.jpeg,cat,train,SUSPICIOUS_LABEL,539.48,110.83,43.63,0.0003,screen,0.2253,data/Mid224/train/cat/cat_05031.jpeg
train/cat/cat_05034.jpeg,cat,train,SUSPICIOUS_LABEL,178.64,108.04,72.56,0.0396,schipperke,0.2132,data/Mid224/train/cat/cat_05034.jpeg
train/cat/cat_05037.jpeg,cat,train,SUSPICIOUS_LABEL,317.44,79.82,57.92,0.0321,wire-haired fox terrier,0.5261,data/Mid224/train/cat/cat_05037.jpeg
train/cat/cat_05039.jpeg,cat,train,SUSPICIOUS_LABEL,363.22,156.61,64.21,0.0006,moving van,0.2277,data/Mid224/train/cat/cat_05039.jpeg
train/cat/cat_05041.jpeg,cat,train,SUSPICIOUS_LABEL,358.17,100.15,43.38,0.0007,studio couch,0.2796,data/Mid224/train/cat/cat_05041.jpeg
train/cat/cat_05043.jpeg,cat,train,SUSPICIOUS_LABEL,1204.75,139.36,68.39,0.0019,Border collie,0.2416,data/Mid224/train/cat/cat_05043.jpeg
train/cat/cat_05047.jpeg,cat,train,SUSPICIOUS_LABEL,322.45,105.62,52.28,0.0012,fire screen,0.2399,data/Mid224/train/cat/cat_05047.jpeg
train/cat/cat_05049.jpeg,cat,train,SUSPICIOUS_LABEL,177.16,145.13,50.35,0.0289,airship,0.2014,data/Mid224/train/cat/cat_05049.jpeg
train/dog/dog_00045.jpeg,dog,train,SUSPICIOUS_LABEL,1247.8,111.04,38.1,0.0163,ox,0.2796,data/Mid224/train/dog/dog_00045.jpeg
train/dog/dog_00077.jpeg,dog,train,SUSPICIOUS_LABEL,290.9,177.84,41.72,0.0396,ski,0.5062,data/Mid224/train/dog/dog_00077.jpeg
train/dog/dog_00087.jpeg,dog,train,SUSPICIOUS_LABEL,1053.74,113.47,59.87,0.0015,garbage truck,0.2011,data/Mid224/train/dog/dog_00087.jpeg
train/dog/dog_00116.jpeg,dog,train,SUSPICIOUS_LABEL,646.33,119.61,62.52,0.0172,prison,0.3581,data/Mid224/train/dog/dog_00116.jpeg
train/dog/dog_00170.jpeg,dog,train,SUSPICIOUS_LABEL,314.54,136.42,37.52,0.0374,chain saw,0.2875,data/Mid224/train/dog/dog_00170.jpeg
train/dog/dog_00216.jpeg,dog,train,SUSPICIOUS_LABEL,272.05,118.67,53.62,0.0342,guillotine,0.3505,data/Mid224/train/dog/dog_00216.jpeg
train/dog/dog_00221.jpeg,dog,train,SUSPICIOUS_LABEL,3094.06,118.95,49.97,0.011,tennis ball,0.539,data/Mid224/train/dog/dog_00221.jpeg
train/dog/dog_00257.jpeg,dog,train,SUSPICIOUS_LABEL,534.94,144.15,57.73,0.0129,binder,0.2428,data/Mid224/train/dog/dog_00257.jpeg
train/dog/dog_00266.jpeg,dog,train,SUSPICIOUS_LABEL,1253.41,149.8,62.01,0.0001,spatula,0.6811,data/Mid224/train/dog/dog_00266.jpeg
train/dog/dog_00293.jpeg,dog,train,SUSPICIOUS_LABEL,1322.21,103.77,70.28,0.0438,hoopskirt,0.2424,data/Mid224/train/dog/dog_00293.jpeg
train/dog/dog_00318.jpeg,dog,train,SUSPICIOUS_LABEL,293.74,114.41,43.81,0.0185,can opener,0.3583,data/Mid224/train/dog/dog_00318.jpeg
train/dog/dog_00321.jpeg,dog,train,SUSPICIOUS_LABEL,4021.75,188.57,86.82,0.0001,analog clock,0.8114,data/Mid224/train/dog/dog_00321.jpeg
train/dog/dog_00349.jpeg,dog,train,SUSPICIOUS_LABEL,651.22,126.58,44.01,0.0192,half track,0.2792,data/Mid224/train/dog/dog_00349.jpeg
train/dog/dog_00372.jpeg,dog,train,SUSPICIOUS_LABEL,255.84,157.64,55.56,0.044,black grouse,0.3763,data/Mid224/train/dog/dog_00372.jpeg
train/dog/dog_00374.jpeg,dog,train,SUSPICIOUS_LABEL,306.05,142.09,41.58,0.0066,reel,0.209,data/Mid224/train/dog/dog_00374.jpeg
train/dog/dog_00385.jpeg,dog,train,SUSPICIOUS_LABEL,382.85,108.21,60.91,0.0244,punching bag,0.275,data/Mid224/train/dog/dog_00385.jpeg
train/dog/dog_00457.jpeg,dog,train,SUSPICIOUS_LABEL,654.86,122.66,53.97,0.0305,assault rifle,0.2254,data/Mid224/train/dog/dog_00457.jpeg
train/dog/dog_00460.jpeg,dog,train,SUSPICIOUS_LABEL,308.65,120.85,36.76,0.0001,cleaver,0.6291,data/Mid224/train/dog/dog_00460.jpeg
train/dog/dog_00468.jpeg,dog,train,SUSPICIOUS_LABEL,486.09,114.38,57.59,0.0299,bulletproof vest,0.6194,data/Mid224/train/dog/dog_00468.jpeg
train/dog/dog_00486.jpeg,dog,train,SUSPICIOUS_LABEL,646.85,143.99,65.92,0.0399,bulletproof vest,0.3119,data/Mid224/train/dog/dog_00486.jpeg
train/dog/dog_00562.jpeg,dog,train,SUSPICIOUS_LABEL,931.14,148.15,74.83,0.0172,chain saw,0.6598,data/Mid224/train/dog/dog_00562.jpeg
train/dog/dog_00593.jpeg,dog,train,SUSPICIOUS_LABEL,453.92,106.81,56.95,0.0183,moving van,0.233,data/Mid224/train/dog/dog_00593.jpeg
train/dog/dog_00620.jpeg,dog,train,SUSPICIOUS_LABEL,338.16,123.43,28.27,0.0116,screw,0.3414,data/Mid224/train/dog/dog_00620.jpeg
train/dog/dog_00643.jpeg,dog,train,SUSPICIOUS_LABEL,900.56,117.85,50.42,0.0461,oxygen mask,0.5267,data/Mid224/train/dog/dog_00643.jpeg
train/dog/dog_00677.jpeg,dog,train,SUSPICIOUS_LABEL,246.26,110.05,40.68,0.0148,can opener,0.2639,data/Mid224/train/dog/dog_00677.jpeg
train/dog/dog_00691.jpeg,dog,train,BLURRY,74.63,120.86,27.56,0.8767,wire-haired fox terrier,0.2766,data/Mid224/train/dog/dog_00691.jpeg
train/dog/dog_00722.jpeg,dog,train,SUSPICIOUS_LABEL,603.38,97.93,48.46,0.0437,fire screen,0.2049,data/Mid224/train/dog/dog_00722.jpeg
train/dog/dog_00724.jpeg,dog,train,SUSPICIOUS_LABEL,686.06,119.47,54.71,0.0318,bulletproof vest,0.4057,data/Mid224/train/dog/dog_00724.jpeg
train/dog/dog_00788.jpeg,dog,train,SUSPICIOUS_LABEL,225.07,122.16,40.93,0.0417,bulletproof vest,0.4423,data/Mid224/train/dog/dog_00788.jpeg
train/dog/dog_00791.jpeg,dog,train,SUSPICIOUS_LABEL,443.6,127.81,46.92,0.0087,parallel bars,0.2435,data/Mid224/train/dog/dog_00791.jpeg
train/dog/dog_00830.jpeg,dog,train,SUSPICIOUS_LABEL,357.85,143.16,48.13,0.0011,can opener,0.3281,data/Mid224/train/dog/dog_00830.jpeg
train/dog/dog_00833.jpeg,dog,train,SUSPICIOUS_LABEL,203.23,130.43,30.69,0.0125,bulletproof vest,0.4871,data/Mid224/train/dog/dog_00833.jpeg
train/dog/dog_00879.jpeg,dog,train,SUSPICIOUS_LABEL,333.97,102.47,39.35,0.0273,wall clock,0.2017,data/Mid224/train/dog/dog_00879.jpeg
train/dog/dog_00905.jpeg,dog,train,SUSPICIOUS_LABEL,5061.1,110.71,50.94,0.0458,chainlink fence,0.292,data/Mid224/train/dog/dog_00905.jpeg
train/dog/dog_00919.jpeg,dog,train,SUSPICIOUS_LABEL,917.32,118.39,37.01,0.0345,pick,0.3589,data/Mid224/train/dog/dog_00919.jpeg
train/dog/dog_00960.jpeg,dog,train,SUSPICIOUS_LABEL,622.43,129.54,57.85,0.0022,tripod,0.237,data/Mid224/train/dog/dog_00960.jpeg
train/dog/dog_01022.jpeg,dog,train,SUSPICIOUS_LABEL,188.39,122.64,34.14,0.0103,safe,0.3161,data/Mid224/train/dog/dog_01022.jpeg
train/dog/dog_01050.jpeg,dog,train,SUSPICIOUS_LABEL,376.79,91.33,44.36,0.0072,cassette player,0.2546,data/Mid224/train/dog/dog_01050.jpeg
train/dog/dog_01080.jpeg,dog,train,BLURRY,79.33,119.53,40.82,0.2441,switch,0.1038,data/Mid224/train/dog/dog_01080.jpeg
train/dog/dog_01088.jpeg,dog,train,SUSPICIOUS_LABEL,604.79,147.31,57.47,0.0061,chime,0.2935,data/Mid224/train/dog/dog_01088.jpeg
train/dog/dog_01109.jpeg,dog,train,SUSPICIOUS_LABEL,499.5,138.83,53.72,0.0427,studio couch,0.6694,data/Mid224/train/dog/dog_01109.jpeg
train/dog/dog_01116.jpeg,dog,train,SUSPICIOUS_LABEL,1069.93,141.05,47.95,0.011,prison,0.7772,data/Mid224/train/dog/dog_01116.jpeg
train/dog/dog_01172.jpeg,dog,train,BLURRY,76.55,130.31,25.28,0.846,Sealyham terrier,0.3617,data/Mid224/train/dog/dog_01172.jpeg
train/dog/dog_01182.jpeg,dog,train,BLURRY,76.55,67.93,38.03,0.0709,cleaver,0.1122,data/Mid224/train/dog/dog_01182.jpeg
train/dog/dog_01246.jpeg,dog,train,SUSPICIOUS_LABEL,356.99,137.66,66.74,0.0034,wall clock,0.2238,data/Mid224/train/dog/dog_01246.jpeg
train/dog/dog_01247.jpeg,dog,train,SUSPICIOUS_LABEL,431.58,121.17,36.99,0.0027,power drill,0.3077,data/Mid224/train/dog/dog_01247.jpeg
train/dog/dog_01258.jpeg,dog,train,SUSPICIOUS_LABEL,3622.93,190.35,88.38,0.0323,book jacket,0.2553,data/Mid224/train/dog/dog_01258.jpeg
train/dog/dog_01268.jpeg,dog,train,SUSPICIOUS_LABEL,269.64,91.2,44.77,0.0255,switch,0.3334,data/Mid224/train/dog/dog_01268.jpeg
train/dog/dog_01275.jpeg,dog,train,SUSPICIOUS_LABEL,496.66,161.24,41.22,0.0147,barn spider,0.2995,data/Mid224/train/dog/dog_01275.jpeg
train/dog/dog_01336.jpeg,dog,train,SUSPICIOUS_LABEL,1036.0,132.81,64.45,0.0077,speedboat,0.2997,data/Mid224/train/dog/dog_01336.jpeg
train/dog/dog_01350.jpeg,dog,train,SUSPICIOUS_LABEL,280.39,159.97,44.28,0.0462,nipple,0.2602,data/Mid224/train/dog/dog_01350.jpeg
train/dog/dog_01385.jpeg,dog,train,SUSPICIOUS_LABEL,393.19,130.97,46.87,0.0466,reel,0.3042,data/Mid224/train/dog/dog_01385.jpeg
train/dog/dog_01414.jpeg,dog,train,SUSPICIOUS_LABEL,704.7,117.19,35.12,0.0106,nipple,0.2123,data/Mid224/train/dog/dog_01414.jpeg
train/dog/dog_01417.jpeg,dog,train,SUSPICIOUS_LABEL,687.1,132.69,50.88,0.0377,stretcher,0.2586,data/Mid224/train/dog/dog_01417.jpeg
train/dog/dog_01419.jpeg,dog,train,SUSPICIOUS_LABEL,768.26,134.04,50.35,0.032,jinrikisha,0.4652,data/Mid224/train/dog/dog_01419.jpeg
train/dog/dog_01469.jpeg,dog,train,SUSPICIOUS_LABEL,420.83,122.01,28.61,0.0146,plate rack,0.6474,data/Mid224/train/dog/dog_01469.jpeg
train/dog/dog_01470.jpeg,dog,train,SUSPICIOUS_LABEL,749.4,111.03,45.72,0.0339,oxygen mask,0.6141,data/Mid224/train/dog/dog_01470.jpeg
train/dog/dog_01554.jpeg,dog,train,SUSPICIOUS_LABEL,639.02,143.61,44.82,0.0056,dishwasher,0.3073,data/Mid224/train/dog/dog_01554.jpeg
train/dog/dog_01629.jpeg,dog,train,SUSPICIOUS_LABEL,1204.61,120.56,49.51,0.0144,comic book,0.3225,data/Mid224/train/dog/dog_01629.jpeg
train/dog/dog_01686.jpeg,dog,train,SUSPICIOUS_LABEL,201.66,101.22,31.34,0.0105,ski,0.3687,data/Mid224/train/dog/dog_01686.jpeg
train/dog/dog_01707.jpeg,dog,train,OVEREXPOSED,246.51,221.83,48.46,0.8834,Cardigan,0.3153,data/Mid224/train/dog/dog_01707.jpeg
train/dog/dog_01754.jpeg,dog,train,SUSPICIOUS_LABEL,521.02,105.73,50.33,0.0414,airliner,0.2563,data/Mid224/train/dog/dog_01754.jpeg
train/dog/dog_01824.jpeg,dog,train,SUSPICIOUS_LABEL,342.09,99.73,49.46,0.001,can opener,0.949,data/Mid224/train/dog/dog_01824.jpeg
train/dog/dog_01834.jpeg,dog,train,SUSPICIOUS_LABEL,1740.02,126.51,51.13,0.0318,dishwasher,0.436,data/Mid224/train/dog/dog_01834.jpeg
train/dog/dog_01836.jpeg,dog,train,SUSPICIOUS_LABEL,194.37,124.54,32.67,0.0273,pickelhaube,0.2076,data/Mid224/train/dog/dog_01836.jpeg
train/dog/dog_01869.jpeg,dog,train,SUSPICIOUS_LABEL,396.65,77.39,44.15,0.0396,fire screen,0.3253,data/Mid224/train/dog/dog_01869.jpeg
train/dog/dog_01910.jpeg,dog,train,SUSPICIOUS_LABEL,570.73,141.92,49.26,0.0266,neck brace,0.3932,data/Mid224/train/dog/dog_01910.jpeg
train/dog/dog_01948.jpeg,dog,train,SUSPICIOUS_LABEL,275.34,94.18,41.57,0.0235,bulletproof vest,0.3624,data/Mid224/train/dog/dog_01948.jpeg
train/dog/dog_01952.jpeg,dog,train,SUSPICIOUS_LABEL,788.42,150.13,88.05,0.0042,oxygen mask,0.4063,data/Mid224/train/dog/dog_01952.jpeg
train/dog/dog_01956.jpeg,dog,train,SUSPICIOUS_LABEL,745.6,102.77,48.0,0.0363,whistle,0.3153,data/Mid224/train/dog/dog_01956.jpeg
train/dog/dog_01957.jpeg,dog,train,SUSPICIOUS_LABEL,848.37,151.74,40.31,0.0164,dishwasher,0.8933,data/Mid224/train/dog/dog_01957.jpeg
train/dog/dog_02048.jpeg,dog,train,SUSPICIOUS_LABEL,187.45,147.33,77.04,0.0229,power drill,0.4584,data/Mid224/train/dog/dog_02048.jpeg
train/dog/dog_02104.jpeg,dog,train,SUSPICIOUS_LABEL,335.71,157.51,72.47,0.0305,bulletproof vest,0.4568,data/Mid224/train/dog/dog_02104.jpeg
train/dog/dog_02123.jpeg,dog,train,SUSPICIOUS_LABEL,477.11,132.22,38.92,0.0262,assault rifle,0.4003,data/Mid224/train/dog/dog_02123.jpeg
train/dog/dog_02149.jpeg,dog,train,SUSPICIOUS_LABEL,487.83,145.11,47.47,0.0094,medicine chest,0.2031,data/Mid224/train/dog/dog_02149.jpeg
train/dog/dog_02152.jpeg,dog,train,SUSPICIOUS_LABEL,368.7,130.34,29.0,0.0033,prison,0.2257,data/Mid224/train/dog/dog_02152.jpeg
train/dog/dog_02257.jpeg,dog,train,SUSPICIOUS_LABEL,310.41,109.6,57.73,0.0172,power drill,0.3484,data/Mid224/train/dog/dog_02257.jpeg
train/dog/dog_02266.jpeg,dog,train,SUSPICIOUS_LABEL,105.79,125.9,38.39,0.0321,revolver,0.2688,data/Mid224/train/dog/dog_02266.jpeg
train/dog/dog_02277.jpeg,dog,train,SUSPICIOUS_LABEL,264.59,106.3,31.85,0.0199,bulletproof vest,0.2644,data/Mid224/train/dog/dog_02277.jpeg
train/dog/dog_02307.jpeg,dog,train,SUSPICIOUS_LABEL,640.52,122.29,40.16,0.003,revolver,0.3771,data/Mid224/train/dog/dog_02307.jpeg
train/dog/dog_02329.jpeg,dog,train,SUSPICIOUS_LABEL,456.88,165.02,60.41,0.0146,bulletproof vest,0.6386,data/Mid224/train/dog/dog_02329.jpeg
train/dog/dog_02345.jpeg,dog,train,SUSPICIOUS_LABEL,272.23,126.14,53.18,0.0107,bulletproof vest,0.8311,data/Mid224/train/dog/dog_02345.jpeg
train/dog/dog_02354.jpeg,dog,train,SUSPICIOUS_LABEL,798.25,114.94,43.63,0.0219,comic book,0.5391,data/Mid224/train/dog/dog_02354.jpeg
train/dog/dog_02433.jpeg,dog,train,SUSPICIOUS_LABEL,316.95,106.02,42.33,0.0315,chain saw,0.263,data/Mid224/train/dog/dog_02433.jpeg
train/dog/dog_02443.jpeg,dog,train,SUSPICIOUS_LABEL,221.65,109.94,39.61,0.0237,space shuttle,0.2207,data/Mid224/train/dog/dog_02443.jpeg
train/dog/dog_02444.jpeg,dog,train,SUSPICIOUS_LABEL,506.71,128.85,44.2,0.0109,bicycle-built-for-two,0.3007,data/Mid224/train/dog/dog_02444.jpeg
train/dog/dog_02449.jpeg,dog,train,SUSPICIOUS_LABEL,1111.49,137.43,29.51,0.0175,slide rule,0.2593,data/Mid224/train/dog/dog_02449.jpeg
train/dog/dog_02451.jpeg,dog,train,SUSPICIOUS_LABEL,2452.1,97.95,49.14,0.0403,honeycomb,0.2587,data/Mid224/train/dog/dog_02451.jpeg
train/dog/dog_02469.jpeg,dog,train,SUSPICIOUS_LABEL,333.47,113.35,32.42,0.0116,ski,0.814,data/Mid224/train/dog/dog_02469.jpeg
train/dog/dog_02510.jpeg,dog,train,SUSPICIOUS_LABEL,664.18,107.12,40.58,0.0176,prison,0.8953,data/Mid224/train/dog/dog_02510.jpeg
train/dog/dog_02522.jpeg,dog,train,SUSPICIOUS_LABEL,990.21,141.49,46.16,0.0069,worm fence,0.4912,data/Mid224/train/dog/dog_02522.jpeg
train/dog/dog_02540.jpeg,dog,train,SUSPICIOUS_LABEL,740.21,110.02,48.9,0.0143,moving van,0.2935,data/Mid224/train/dog/dog_02540.jpeg
train/dog/dog_02564.jpeg,dog,train,SUSPICIOUS_LABEL,765.04,110.24,40.87,0.0348,polecat,0.2254,data/Mid224/train/dog/dog_02564.jpeg
train/dog/dog_02568.jpeg,dog,train,SUSPICIOUS_LABEL,305.1,158.98,61.27,0.0012,assault rifle,0.7796,data/Mid224/train/dog/dog_02568.jpeg
train/dog/dog_02601.jpeg,dog,train,SUSPICIOUS_LABEL,1004.13,149.59,55.83,0.0009,plate rack,0.4892,data/Mid224/train/dog/dog_02601.jpeg
train/dog/dog_02610.jpeg,dog,train,SUSPICIOUS_LABEL,997.23,116.74,43.87,0.0118,assault rifle,0.3241,data/Mid224/train/dog/dog_02610.jpeg
train/dog/dog_02617.jpeg,dog,train,SUSPICIOUS_LABEL,332.25,116.76,34.49,0.0238,nipple,0.3852,data/Mid224/train/dog/dog_02617.jpeg
train/dog/dog_02644.jpeg,dog,train,LOW_CONTRAST,145.65,132.34,17.95,0.5706,toy terrier,0.2934,data/Mid224/train/dog/dog_02644.jpeg
train/dog/dog_02654.jpeg,dog,train,SUSPICIOUS_LABEL,225.94,124.94,24.85,0.0061,tripod,0.4961,data/Mid224/train/dog/dog_02654.jpeg
train/dog/dog_02662.jpeg,dog,train,SUSPICIOUS_LABEL,706.36,101.12,47.87,0.0123,honeycomb,0.4515,data/Mid224/train/dog/dog_02662.jpeg
train/dog/dog_02668.jpeg,dog,train,SUSPICIOUS_LABEL,320.92,111.1,38.23,0.0137,wall clock,0.2854,data/Mid224/train/dog/dog_02668.jpeg
train/dog/dog_02698.jpeg,dog,train,SUSPICIOUS_LABEL,667.88,87.25,43.04,0.0078,fire screen,0.3386,data/Mid224/train/dog/dog_02698.jpeg
train/dog/dog_02705.jpeg,dog,train,SUSPICIOUS_LABEL,330.51,97.49,43.84,0.0249,cuirass,0.2346,data/Mid224/train/dog/dog_02705.jpeg
train/dog/dog_02746.jpeg,dog,train,SUSPICIOUS_LABEL,622.94,131.11,82.42,0.042,bearskin,0.2152,data/Mid224/train/dog/dog_02746.jpeg
train/dog/dog_02747.jpeg,dog,train,SUSPICIOUS_LABEL,425.86,103.81,53.36,0.0029,can opener,0.3376,data/Mid224/train/dog/dog_02747.jpeg
train/dog/dog_02793.jpeg,dog,train,SUSPICIOUS_LABEL,1283.46,64.9,45.62,0.0026,rotisserie,0.7302,data/Mid224/train/dog/dog_02793.jpeg
train/dog/dog_02827.jpeg,dog,train,SUSPICIOUS_LABEL,189.04,165.21,33.23,0.0081,assault rifle,0.3306,data/Mid224/train/dog/dog_02827.jpeg
train/dog/dog_02860.jpeg,dog,train,SUSPICIOUS_LABEL,291.77,126.8,34.77,0.0273,whistle,0.4227,data/Mid224/train/dog/dog_02860.jpeg
train/dog/dog_02862.jpeg,dog,train,SUSPICIOUS_LABEL,276.04,95.95,53.2,0.0107,assault rifle,0.3774,data/Mid224/train/dog/dog_02862.jpeg
train/dog/dog_02868.jpeg,dog,train,SUSPICIOUS_LABEL,175.43,69.08,40.82,0.0101,safe,0.2965,data/Mid224/train/dog/dog_02868.jpeg
train/dog/dog_02912.jpeg,dog,train,SUSPICIOUS_LABEL,2477.34,113.4,55.6,0.0093,television,0.6159,data/Mid224/train/dog/dog_02912.jpeg
train/dog/dog_02939.jpeg,dog,train,SUSPICIOUS_LABEL,443.71,92.85,45.69,0.007,airliner,0.3637,data/Mid224/train/dog/dog_02939.jpeg
train/dog/dog_03038.jpeg,dog,train,SUSPICIOUS_LABEL,1085.35,139.99,40.12,0.0216,gazelle,0.5286,data/Mid224/train/dog/dog_03038.jpeg
train/dog/dog_03078.jpeg,dog,train,LOW_CONTRAST,138.37,125.6,17.84,0.1042,proboscis monkey,0.0755,data/Mid224/train/dog/dog_03078.jpeg
train/dog/dog_03094.jpeg,dog,train,SUSPICIOUS_LABEL,693.1,102.54,34.21,0.0264,Windsor tie,0.2396,data/Mid224/train/dog/dog_03094.jpeg
train/dog/dog_03097.jpeg,dog,train,SUSPICIOUS_LABEL,502.32,129.15,45.47,0.0274,dishwasher,0.2155,data/Mid224/train/dog/dog_03097.jpeg
train/dog/dog_03115.jpeg,dog,train,SUSPICIOUS_LABEL,490.44,117.86,42.28,0.0051,cradle,0.3911,data/Mid224/train/dog/dog_03115.jpeg
train/dog/dog_03120.jpeg,dog,train,SUSPICIOUS_LABEL,388.76,114.56,38.27,0.0067,mousetrap,0.2608,data/Mid224/train/dog/dog_03120.jpeg
train/dog/dog_03185.jpeg,dog,train,SUSPICIOUS_LABEL,423.24,139.55,48.61,0.0302,bobsled,0.3154,data/Mid224/train/dog/dog_03185.jpeg
train/dog/dog_03200.jpeg,dog,train,SUSPICIOUS_LABEL,170.83,111.0,34.39,0.0175,chain saw,0.5265,data/Mid224/train/dog/dog_03200.jpeg
train/dog/dog_03276.jpeg,dog,train,SUSPICIOUS_LABEL,365.03,150.41,62.44,0.0042,bolo tie,0.2107,data/Mid224/train/dog/dog_03276.jpeg
train/dog/dog_03315.jpeg,dog,train,SUSPICIOUS_LABEL,165.08,173.52,54.59,0.0101,can opener,0.4046,data/Mid224/train/dog/dog_03315.jpeg
train/dog/dog_03316.jpeg,dog,train,SUSPICIOUS_LABEL,332.06,112.84,47.93,0.0364,abaya,0.4576,data/Mid224/train/dog/dog_03316.jpeg
train/dog/dog_03351.jpeg,dog,train,SUSPICIOUS_LABEL,735.77,106.23,52.04,0.0408,nipple,0.3076,data/Mid224/train/dog/dog_03351.jpeg
train/dog/dog_03441.jpeg,dog,train,SUSPICIOUS_LABEL,161.84,126.19,24.35,0.0314,mobile home,0.2575,data/Mid224/train/dog/dog_03441.jpeg
train/dog/dog_03477.jpeg,dog,train,SUSPICIOUS_LABEL,632.73,101.87,65.72,0.0057,soccer ball,0.3532,data/Mid224/train/dog/dog_03477.jpeg
train/dog/dog_03487.jpeg,dog,train,SUSPICIOUS_LABEL,632.29,102.12,39.89,0.0071,half track,0.3998,data/Mid224/train/dog/dog_03487.jpeg
train/dog/dog_03494.jpeg,dog,train,SUSPICIOUS_LABEL,198.26,91.04,37.34,0.029,bulletproof vest,0.2742,data/Mid224/train/dog/dog_03494.jpeg
train/dog/dog_03501.jpeg,dog,train,SUSPICIOUS_LABEL,430.97,121.29,38.66,0.0266,bulletproof vest,0.276,data/Mid224/train/dog/dog_03501.jpeg
train/dog/dog_03527.jpeg,dog,train,SUSPICIOUS_LABEL,1033.49,83.64,50.19,0.0052,dishwasher,0.7779,data/Mid224/train/dog/dog_03527.jpeg
train/dog/dog_03545.jpeg,dog,train,SUSPICIOUS_LABEL,129.46,106.91,38.96,0.0094,assault rifle,0.5865,data/Mid224/train/dog/dog_03545.jpeg
train/dog/dog_03546.jpeg,dog,train,SUSPICIOUS_LABEL,528.96,166.19,67.01,0.0454,nipple,0.3509,data/Mid224/train/dog/dog_03546.jpeg
train/dog/dog_03592.jpeg,dog,train,SUSPICIOUS_LABEL,258.89,116.59,40.72,0.0178,bulletproof vest,0.2031,data/Mid224/train/dog/dog_03592.jpeg
train/dog/dog_03641.jpeg,dog,train,SUSPICIOUS_LABEL,523.73,110.84,40.99,0.0401,hamper,0.3238,data/Mid224/train/dog/dog_03641.jpeg
train/dog/dog_03690.jpeg,dog,train,SUSPICIOUS_LABEL,812.89,97.77,54.97,0.0234,fire screen,0.4742,data/Mid224/train/dog/dog_03690.jpeg
train/dog/dog_03753.jpeg,dog,train,SUSPICIOUS_LABEL,797.76,117.07,55.12,0.0023,thresher,0.3232,data/Mid224/train/dog/dog_03753.jpeg
train/dog/dog_03764.jpeg,dog,train,SUSPICIOUS_LABEL,183.66,117.34,28.92,0.0114,plane,0.2036,data/Mid224/train/dog/dog_03764.jpeg
train/dog/dog_03774.jpeg,dog,train,SUSPICIOUS_LABEL,472.33,100.71,32.12,0.0282,book jacket,0.3014,data/Mid224/train/dog/dog_03774.jpeg
train/dog/dog_03810.jpeg,dog,train,SUSPICIOUS_LABEL,498.38,133.24,39.55,0.0253,studio couch,0.2318,data/Mid224/train/dog/dog_03810.jpeg
train/dog/dog_03821.jpeg,dog,train,SUSPICIOUS_LABEL,392.03,107.41,63.73,0.0038,traffic light,0.7632,data/Mid224/train/dog/dog_03821.jpeg
train/dog/dog_03847.jpeg,dog,train,LOW_CONTRAST,134.97,123.18,16.69,0.4334,bloodhound,0.1116,data/Mid224/train/dog/dog_03847.jpeg
train/dog/dog_03879.jpeg,dog,train,SUSPICIOUS_LABEL,656.39,100.25,42.43,0.0253,can opener,0.5218,data/Mid224/train/dog/dog_03879.jpeg
train/dog/dog_03921.jpeg,dog,train,SUSPICIOUS_LABEL,944.93,99.57,36.81,0.0409,plate rack,0.3019,data/Mid224/train/dog/dog_03921.jpeg
train/dog/dog_03950.jpeg,dog,train,SUSPICIOUS_LABEL,1224.55,136.71,41.41,0.0164,hair slide,0.2539,data/Mid224/train/dog/dog_03950.jpeg
train/dog/dog_03953.jpeg,dog,train,SUSPICIOUS_LABEL,215.31,132.66,56.62,0.0218,bulletproof vest,0.3519,data/Mid224/train/dog/dog_03953.jpeg
train/dog/dog_03955.jpeg,dog,train,SUSPICIOUS_LABEL,235.61,121.84,33.3,0.0393,assault rifle,0.361,data/Mid224/train/dog/dog_03955.jpeg
train/dog/dog_03976.jpeg,dog,train,SUSPICIOUS_LABEL,1074.2,119.04,56.19,0.0277,plate rack,0.7833,data/Mid224/train/dog/dog_03976.jpeg
train/dog/dog_04024.jpeg,dog,train,SUSPICIOUS_LABEL,1028.2,121.37,45.61,0.0013,mobile home,0.8313,data/Mid224/train/dog/dog_04024.jpeg
train/dog/dog_04029.jpeg,dog,train,BLURRY,71.28,98.97,22.07,0.0596,rule,0.0539,data/Mid224/train/dog/dog_04029.jpeg
train/dog/dog_04036.jpeg,dog,train,SUSPICIOUS_LABEL,5963.35,116.39,47.05,0.0042,shopping basket,0.4651,data/Mid224/train/dog/dog_04036.jpeg
train/dog/dog_04059.jpeg,dog,train,SUSPICIOUS_LABEL,1473.63,147.86,63.44,0.0398,American black bear,0.478,data/Mid224/train/dog/dog_04059.jpeg
train/dog/dog_04087.jpeg,dog,train,SUSPICIOUS_LABEL,543.89,149.2,59.22,0.0192,revolver,0.8776,data/Mid224/train/dog/dog_04087.jpeg
train/dog/dog_04133.jpeg,dog,train,SUSPICIOUS_LABEL,502.77,128.35,43.86,0.0041,chiffonier,0.3463,data/Mid224/train/dog/dog_04133.jpeg
train/dog/dog_04155.jpeg,dog,train,SUSPICIOUS_LABEL,816.69,118.24,56.97,0.0128,ox,0.8491,data/Mid224/train/dog/dog_04155.jpeg
train/dog/dog_04267.jpeg,dog,train,SUSPICIOUS_LABEL,414.46,101.51,27.45,0.0133,switch,0.2578,data/Mid224/train/dog/dog_04267.jpeg
train/dog/dog_04358.jpeg,dog,train,SUSPICIOUS_LABEL,621.78,130.65,47.51,0.0023,thresher,0.4155,data/Mid224/train/dog/dog_04358.jpeg
train/dog/dog_04385.jpeg,dog,train,SUSPICIOUS_LABEL,599.95,133.98,52.43,0.0377,breastplate,0.3093,data/Mid224/train/dog/dog_04385.jpeg
train/dog/dog_04415.jpeg,dog,train,SUSPICIOUS_LABEL,1098.25,133.15,41.91,0.0193,hair slide,0.5151,data/Mid224/train/dog/dog_04415.jpeg
train/dog/dog_04472.jpeg,dog,train,SUSPICIOUS_LABEL,336.13,80.17,40.23,0.0124,fire screen,0.2135,data/Mid224/train/dog/dog_04472.jpeg
train/dog/dog_04476.jpeg,dog,train,SUSPICIOUS_LABEL,359.73,151.86,46.99,0.0479,bulletproof vest,0.3113,data/Mid224/train/dog/dog_04476.jpeg
train/dog/dog_04545.jpeg,dog,train,SUSPICIOUS_LABEL,120.74,108.21,24.54,0.026,switch,0.3893,data/Mid224/train/dog/dog_04545.jpeg
train/dog/dog_04559.jpeg,dog,train,SUSPICIOUS_LABEL,100.49,132.9,24.52,0.0393,snowplow,0.2126,data/Mid224/train/dog/dog_04559.jpeg
train/dog/dog_04572.jpeg,dog,train,SUSPICIOUS_LABEL,687.32,133.81,33.51,0.0347,revolver,0.5355,data/Mid224/train/dog/dog_04572.jpeg
train/dog/dog_04590.jpeg,dog,train,SUSPICIOUS_LABEL,652.86,130.61,52.77,0.0059,academic gown,0.4731,data/Mid224/train/dog/dog_04590.jpeg
train/dog/dog_04661.jpeg,dog,train,SUSPICIOUS_LABEL,154.3,142.26,40.35,0.0342,warplane,0.4092,data/Mid224/train/dog/dog_04661.jpeg
train/dog/dog_04676.jpeg,dog,train,SUSPICIOUS_LABEL,320.97,114.3,40.04,0.0035,bulletproof vest,0.2144,data/Mid224/train/dog/dog_04676.jpeg
train/dog/dog_04708.jpeg,dog,train,SUSPICIOUS_LABEL,260.13,97.25,43.29,0.002,cuirass,0.5607,data/Mid224/train/dog/dog_04708.jpeg
train/dog/dog_04714.jpeg,dog,train,SUSPICIOUS_LABEL,153.69,175.88,42.84,0.0228,can opener,0.2101,data/Mid224/train/dog/dog_04714.jpeg
train/dog/dog_04723.jpeg,dog,train,SUSPICIOUS_LABEL,153.16,134.33,24.38,0.0309,parallel bars,0.5964,data/Mid224/train/dog/dog_04723.jpeg
train/dog/dog_04743.jpeg,dog,train,SUSPICIOUS_LABEL,350.51,104.44,75.78,0.011,revolver,0.5903,data/Mid224/train/dog/dog_04743.jpeg
train/dog/dog_04755.jpeg,dog,train,SUSPICIOUS_LABEL,1008.05,106.06,64.65,0.048,bulletproof vest,0.2031,data/Mid224/train/dog/dog_04755.jpeg
train/dog/dog_04798.jpeg,dog,train,SUSPICIOUS_LABEL,1374.16,126.19,35.93,0.0049,plate rack,0.5023,data/Mid224/train/dog/dog_04798.jpeg
train/dog/dog_04807.jpeg,dog,train,SUSPICIOUS_LABEL,500.68,141.74,49.36,0.0034,thresher,0.6589,data/Mid224/train/dog/dog_04807.jpeg
train/dog/dog_04812.jpeg,dog,train,SUSPICIOUS_LABEL,386.89,114.0,37.64,0.0215,airliner,0.4733,data/Mid224/train/dog/dog_04812.jpeg
train/dog/dog_04831.jpeg,dog,train,SUSPICIOUS_LABEL,889.08,130.89,42.59,0.0356,steel arch bridge,0.246,data/Mid224/train/dog/dog_04831.jpeg
train/dog/dog_04834.jpeg,dog,train,SUSPICIOUS_LABEL,118.33,132.9,33.65,0.0188,power drill,0.3824,data/Mid224/train/dog/dog_04834.jpeg
train/dog/dog_04835.jpeg,dog,train,SUSPICIOUS_LABEL,297.49,117.67,35.73,0.0333,airship,0.2165,data/Mid224/train/dog/dog_04835.jpeg
train/dog/dog_04887.jpeg,dog,train,SUSPICIOUS_LABEL,184.26,136.27,50.99,0.0304,tank,0.2322,data/Mid224/train/dog/dog_04887.jpeg
train/dog/dog_04893.jpeg,dog,train,SUSPICIOUS_LABEL,257.07,100.46,32.34,0.0109,tailed frog,0.2222,data/Mid224/train/dog/dog_04893.jpeg
train/dog/dog_04906.jpeg,dog,train,SUSPICIOUS_LABEL,285.91,129.17,30.29,0.0154,airship,0.41,data/Mid224/train/dog/dog_04906.jpeg
train/dog/dog_04930.jpeg,dog,train,SUSPICIOUS_LABEL,398.49,88.12,39.86,0.0108,container ship,0.2324,data/Mid224/train/dog/dog_04930.jpeg
train/dog/dog_04947.jpeg,dog,train,SUSPICIOUS_LABEL,761.3,99.26,47.24,0.0065,moving van,0.5262,data/Mid224/train/dog/dog_04947.jpeg
train/dog/dog_04948.jpeg,dog,train,SUSPICIOUS_LABEL,475.98,111.72,56.39,0.0199,half track,0.2902,data/Mid224/train/dog/dog_04948.jpeg
train/dog/dog_04999.jpeg,dog,train,SUSPICIOUS_LABEL,1213.15,125.72,37.83,0.0031,plate rack,0.7551,data/Mid224/train/dog/dog_04999.jpeg
train/dog/dog_05036.jpeg,dog,train,SUSPICIOUS_LABEL,315.96,120.58,41.41,0.0394,revolver,0.4751,data/Mid224/train/dog/dog_05036.jpeg
train/frog/canon_dendrophryniscus_haddadi_1176952_238850648.jpeg,frog,train,SUSPICIOUS_LABEL,167.56,45.32,23.45,0.0037,platypus,0.2044,data/Mid224/train/frog/canon_dendrophryniscus_haddadi_1176952_238850648.jpeg
train/frog/canon_dendropsophus_werneri_65413_6636622.jpeg,frog,train,SUSPICIOUS_LABEL,382.49,62.29,50.38,0.0433,rock beauty,0.2184,data/Mid224/train/frog/canon_dendropsophus_werneri_65413_6636622.jpeg
train/frog/canon_diasporus_diastema_65418_635614397.jpeg,frog,train,SUSPICIOUS_LABEL,602.27,76.4,59.33,0.0027,otterhound,0.2481,data/Mid224/train/frog/canon_diasporus_diastema_65418_635614397.jpeg
train/frog/canon_diasporus_gularis_65419_65663.jpeg,frog,train,SUSPICIOUS_LABEL,203.21,113.74,28.21,0.0033,stretcher,0.2988,data/Mid224/train/frog/canon_diasporus_gularis_65419_65663.jpeg
train/frog/canon_diasporus_tinker_65423_65780.jpeg,frog,train,SUSPICIOUS_LABEL,178.12,150.61,31.14,0.0064,platypus,0.2797,data/Mid224/train/frog/canon_diasporus_tinker_65423_65780.jpeg
train/frog/canon_dryophytes_wrightorum_1668974_414120372.jpeg,frog,train,SUSPICIOUS_LABEL,880.84,85.34,59.59,0.0221,skunk,0.2117,data/Mid224/train/frog/canon_dryophytes_wrightorum_1668974_414120372.jpeg
train/frog/canon_duellmanohyla_chamulae_24385_246039822.jpeg,frog,train,UNDEREXPOSED;SUSPICIOUS_LABEL,174.62,31.8,37.94,0.0197,vine snake,0.4353,data/Mid224/train/frog/canon_duellmanohyla_chamulae_24385_246039822.jpeg
train/frog/canon_duellmanohyla_schmidtorum_24388_554407523.jpeg,frog,train,UNDEREXPOSED,200.32,30.69,41.37,0.0312,African chameleon,0.1314,data/Mid224/train/frog/canon_duellmanohyla_schmidtorum_24388_554407523.jpeg
train/frog/canon_duttaphrynus_brevirostris_21369_176165324.jpeg,frog,train,SUSPICIOUS_LABEL,547.02,82.45,56.95,0.0186,banded gecko,0.7426,data/Mid224/train/frog/canon_duttaphrynus_brevirostris_21369_176165324.jpeg
train/frog/canon_ecnomiohyla_sukia_70600_485547307.jpeg,frog,train,SUSPICIOUS_LABEL,713.92,37.08,41.62,0.019,barn spider,0.4801,data/Mid224/train/frog/canon_ecnomiohyla_sukia_70600_485547307.jpeg
train/frog/canon_elachistocleis_bicolor_25092_2399878.jpeg,frog,train,SUSPICIOUS_LABEL,1244.26,89.58,37.03,0.0043,green mamba,0.6459,data/Mid224/train/frog/canon_elachistocleis_bicolor_25092_2399878.jpeg
train/frog/canon_elachistocleis_cesarii_70603_56708643.jpeg,frog,train,SUSPICIOUS_LABEL,272.08,115.65,51.5,0.0013,ground beetle,0.6169,data/Mid224/train/frog/canon_elachistocleis_cesarii_70603_56708643.jpeg
train/frog/canon_elachistocleis_panamensis_476538_57045758.jpeg,frog,train,SUSPICIOUS_LABEL,673.59,129.21,43.4,0.0429,whiptail,0.2084,data/Mid224/train/frog/canon_elachistocleis_panamensis_476538_57045758.jpeg
train/frog/canon_elachistocleis_pearsei_476537_584116008.jpeg,frog,train,UNDEREXPOSED,372.55,34.12,23.73,0.0029,airship,0.0953,data/Mid224/train/frog/canon_elachistocleis_pearsei_476537_584116008.jpeg
train/frog/canon_eleutherodactylus_cundalli_22376_160011918.jpeg,frog,train,SUSPICIOUS_LABEL,534.37,126.56,47.51,0.0053,long-horned beetle,0.3121,data/Mid224/train/frog/canon_eleutherodactylus_cundalli_22376_160011918.jpeg
train/frog/canon_eleutherodactylus_furcyensis_22417_138021716.jpeg,frog,train,SUSPICIOUS_LABEL,492.47,186.57,54.31,0.0031,hair slide,0.41,data/Mid224/train/frog/canon_eleutherodactylus_furcyensis_22417_138021716.jpeg
train/frog/canon_eleutherodactylus_glaucoreius_22236_182166890.jpeg,frog,train,SUSPICIOUS_LABEL,1025.62,103.04,51.98,0.0387,platypus,0.2389,data/Mid224/train/frog/canon_eleutherodactylus_glaucoreius_22236_182166890.jpeg
train/frog/canon_eleutherodactylus_grandis_22520_6878487.jpeg,frog,train,SUSPICIOUS_LABEL,685.36,72.99,58.1,0.0096,platypus,0.2339,data/Mid224/train/frog/canon_eleutherodactylus_grandis_22520_6878487.jpeg
train/frog/canon_eleutherodactylus_guttilatus_22394_80417503.jpeg,frog,train,SUSPICIOUS_LABEL,504.82,147.35,60.81,0.0237,Sussex spaniel,0.2711,data/Mid224/train/frog/canon_eleutherodactylus_guttilatus_22394_80417503.jpeg
train/frog/canon_eleutherodactylus_leprus_22627_73741536.jpeg,frog,train,SUSPICIOUS_LABEL,807.53,58.34,29.92,0.0077,spotted salamander,0.4691,data/Mid224/train/frog/canon_eleutherodactylus_leprus_22627_73741536.jpeg
train/frog/canon_eleutherodactylus_maurus_22521_417549.jpeg,frog,train,SUSPICIOUS_LABEL,454.15,127.7,35.75,0.0135,half track,0.2158,data/Mid224/train/frog/canon_eleutherodactylus_maurus_22521_417549.jpeg
train/frog/canon_eleutherodactylus_montanus_22617_646147458.jpeg,frog,train,SUSPICIOUS_LABEL,1218.43,57.08,53.99,0.0014,cardoon,0.2272,data/Mid224/train/frog/canon_eleutherodactylus_montanus_22617_646147458.jpeg
train/frog/canon_eleutherodactylus_petersi_1250492_168756654.jpeg,frog,train,SUSPICIOUS_LABEL,2362.7,127.32,57.84,0.0177,hen-of-the-woods,0.3073,data/Mid224/train/frog/canon_eleutherodactylus_petersi_1250492_168756654.jpeg
train/frog/canon_eleutherodactylus_weinlandi_22334_8292280.jpeg,frog,train,SUSPICIOUS_LABEL,677.14,149.52,60.47,0.014,tiger beetle,0.3074,data/Mid224/train/frog/canon_eleutherodactylus_weinlandi_22334_8292280.jpeg
train/frog/canon_eleutherodactylus_wightmanae_22408_11934162.jpeg,frog,train,SUSPICIOUS_LABEL,404.88,84.63,64.61,0.0359,patas,0.2265,data/Mid224/train/frog/canon_eleutherodactylus_wightmanae_22408_11934162.jpeg
train/frog/canon_engystomops_pustulatus_65447_73584932.jpeg,frog,train,SUSPICIOUS_LABEL,429.85,196.36,65.93,0.0236,triceratops,0.3003,data/Mid224/train/frog/canon_engystomops_pustulatus_65447_73584932.jpeg
train/frog/canon_epipedobates_boulengeri_21165_110640515.jpeg,frog,train,SUSPICIOUS_LABEL,291.59,207.89,66.85,0.014,waffle iron,0.4342,data/Mid224/train/frog/canon_epipedobates_boulengeri_21165_110640515.jpeg
train/frog/canon_epipedobates_espinosai_21179_73587832.jpeg,frog,train,OVEREXPOSED,496.48,222.59,58.1,0.0514,revolver,0.2356,data/Mid224/train/frog/canon_epipedobates_espinosai_21179_73587832.jpeg
train/frog/canon_eupsophus_vertebralis_23109_325074604.jpeg,frog,train,SUSPICIOUS_LABEL,1540.89,106.14,46.87,0.0276,rock python,0.4207,data/Mid224/train/frog/canon_eupsophus_vertebralis_23109_325074604.jpeg
train/frog/canon_fejervarya_triora_65471_151436193.jpeg,frog,train,SUSPICIOUS_LABEL,2011.77,98.03,54.96,0.0051,brambling,0.3239,data/Mid224/train/frog/canon_fejervarya_triora_65471_151436193.jpeg
train/frog/canon_gastrophrynoides_immaculatus_70636_488773479.jpeg,frog,train,SUSPICIOUS_LABEL,743.28,110.33,43.35,0.0103,common newt,0.2069,data/Mid224/train/frog/canon_gastrophrynoides_immaculatus_70636_488773479.jpeg
train/frog/canon_gastrotheca_albolineata_24150_257783365.jpeg,frog,train,UNDEREXPOSED,222.55,33.36,44.26,0.0572,green mamba,0.7174,data/Mid224/train/frog/canon_gastrotheca_albolineata_24150_257783365.jpeg
train/frog/canon_gastrotheca_cuencana_906968_67946775.jpeg,frog,train,SUSPICIOUS_LABEL,373.58,67.95,65.24,0.013,plane,0.4553,data/Mid224/train/frog/canon_gastrotheca_cuencana_906968_67946775.jpeg
train/frog/canon_gastrotheca_orophylax_24138_582623348.jpeg,frog,train,SUSPICIOUS_LABEL,431.02,66.76,48.34,0.0008,Gordon setter,0.2059,data/Mid224/train/frog/canon_gastrotheca_orophylax_24138_582623348.jpeg
train/frog/canon_gastrotheca_peruana_24162_63897996.jpeg,frog,train,SUSPICIOUS_LABEL,900.55,126.08,49.92,0.0101,black grouse,0.2012,data/Mid224/train/frog/canon_gastrotheca_peruana_24162_63897996.jpeg
train/frog/canon_geocrinia_laevis_25248_2877112.jpeg,frog,train,SUSPICIOUS_LABEL,802.83,57.95,36.39,0.0344,common newt,0.2469,data/Mid224/train/frog/canon_geocrinia_laevis_25248_2877112.jpeg
train/frog/canon_gephyromantis_asper_65487_55699.jpeg,frog,train,SUSPICIOUS_LABEL,1216.93,85.76,34.41,0.0099,gyromitra,0.617,data/Mid224/train/frog/canon_gephyromantis_asper_65487_55699.jpeg
train/frog/canon_gephyromantis_plicifer_65504_1421774.jpeg,frog,train,SUSPICIOUS_LABEL,312.9,207.13,48.27,0.0042,stretcher,0.4035,data/Mid224/train/frog/canon_gephyromantis_plicifer_65504_1421774.jpeg
train/frog/canon_ghatixalus_magnus_517320_102012293.jpeg,frog,train,SUSPICIOUS_LABEL,603.6,92.6,31.33,0.0023,rock python,0.3219,data/Mid224/train/frog/canon_ghatixalus_magnus_517320_102012293.jpeg
train/frog/canon_gracixalus_seesom_476940_90633570.jpeg,frog,train,UNDEREXPOSED,262.77,20.2,34.53,0.0031,ant,0.13,data/Mid224/train/frog/canon_gracixalus_seesom_476940_90633570.jpeg
train/frog/canon_hamptophryne_boliviana_25094_183988749.jpeg,frog,train,SUSPICIOUS_LABEL,567.0,147.48,44.79,0.019,frilled lizard,0.3063,data/Mid224/train/frog/canon_hamptophryne_boliviana_25094_183988749.jpeg
train/frog/canon_heleioporus_psammophilus_22044_499349771.jpeg,frog,train,SUSPICIOUS_LABEL,760.3,51.93,34.27,0.0068,fiddler crab,0.2583,data/Mid224/train/frog/canon_heleioporus_psammophilus_22044_499349771.jpeg
train/frog/canon_hemiphractus_scutatus_24432_145234.jpeg,frog,train,SUSPICIOUS_LABEL,2503.94,148.34,79.91,0.0,bulletproof vest,0.9259,data/Mid224/train/frog/canon_hemiphractus_scutatus_24432_145234.jpeg
train/frog/canon_heterixalus_luteostriatus_23487_61805021.jpeg,frog,train,SUSPICIOUS_LABEL,460.51,89.23,56.11,0.0106,vine snake,0.2942,data/Mid224/train/frog/canon_heterixalus_luteostriatus_23487_61805021.jpeg
train/frog/canon_hyalinobatrachium_aureoguttatum_21340_124072984.jpeg,frog,train,SUSPICIOUS_LABEL,265.04,105.41,38.08,0.0045,isopod,0.4196,data/Mid224/train/frog/canon_hyalinobatrachium_aureoguttatum_21340_124072984.jpeg
train/frog/canon_hyalinobatrachium_tatayoi_65547_59788559.jpeg,frog,train,UNDEREXPOSED,191.91,23.23,33.87,0.4504,tree frog,0.2548,data/Mid224/train/frog/canon_hyalinobatrachium_tatayoi_65547_59788559.jpeg
train/frog/canon_hydrolaetare_schmidti_23257_185852283.jpeg,frog,train,SUSPICIOUS_LABEL,1014.38,110.62,50.77,0.0255,platypus,0.4531,data/Mid224/train/frog/canon_hydrolaetare_schmidti_23257_185852283.jpeg
train/frog/canon_hyla_meridionalis_24045_262430102.jpeg,frog,train,SUSPICIOUS_LABEL,279.28,140.5,29.84,0.0312,American chameleon,0.2584,data/Mid224/train/frog/canon_hyla_meridionalis_24045_262430102.jpeg
train/frog/canon_hylarana_albolabris_65555_34757.jpeg,frog,train,SUSPICIOUS_LABEL,313.37,139.28,48.7,0.0019,assault rifle,0.3022,data/Mid224/train/frog/canon_hylarana_albolabris_65555_34757.jpeg
train/frog/canon_hylarana_doni_1677645_98077784.jpeg,frog,train,SUSPICIOUS_LABEL,1938.87,117.88,73.89,0.0003,cardoon,0.8,data/Mid224/train/frog/canon_hylarana_doni_1677645_98077784.jpeg
train/frog/canon_hylarana_elberti_65573_49353435.jpeg,frog,train,UNDEREXPOSED;LOW_CONTRAST;SUSPICIOUS_LABEL,117.08,31.07,16.73,0.0011,nematode,0.3323,data/Mid224/train/frog/canon_hylarana_elberti_65573_49353435.jpeg
train/frog/canon_hylarana_fantastica_1677656_14682675.jpeg,frog,train,SUSPICIOUS_LABEL,1243.62,97.47,68.49,0.0338,vine snake,0.2479,data/Mid224/train/frog/canon_hylarana_fantastica_1677656_14682675.jpeg
train/frog/canon_hylarana_flavescens_1677646_132629801.jpeg,frog,train,UNDEREXPOSED,306.49,31.93,29.51,0.0797,common newt,0.1254,data/Mid224/train/frog/canon_hylarana_flavescens_1677646_132629801.jpeg
train/frog/canon_hylarana_galamensis_65579_13339638.jpeg,frog,train,SUSPICIOUS_LABEL,660.38,114.9,42.55,0.0016,vine snake,0.6328,data/Mid224/train/frog/canon_hylarana_galamensis_65579_13339638.jpeg
train/frog/canon_hylarana_indica_1677657_82603254.jpeg,frog,train,SUSPICIOUS_LABEL,1650.97,111.56,58.16,0.0108,hen-of-the-woods,0.2825,data/Mid224/train/frog/canon_hylarana_indica_1677657_82603254.jpeg
train/frog/canon_hylarana_malayana_1677702_219420253.jpeg,frog,train,SUSPICIOUS_LABEL,450.65,40.15,35.6,0.0301,electric ray,0.2249,data/Mid224/train/frog/canon_hylarana_malayana_1677702_219420253.jpeg
train/frog/canon_hylarana_moluccana_65610_170971285.jpeg,frog,train,SUSPICIOUS_LABEL,938.26,102.33,47.62,0.0069,black grouse,0.2242,data/Mid224/train/frog/canon_hylarana_moluccana_65610_170971285.jpeg
train/frog/canon_hylarana_papua_65617_24492301.jpeg,frog,train,SUSPICIOUS_LABEL,381.03,135.31,47.13,0.0111,ground beetle,0.3227,data/Mid224/train/frog/canon_hylarana_papua_65617_24492301.jpeg
train/frog/canon_hylarana_raniceps_65621_501499.jpeg,frog,train,UNDEREXPOSED,339.76,25.73,40.16,0.0494,vine snake,0.0848,data/Mid224/train/frog/canon_hylarana_raniceps_65621_501499.jpeg
train/frog/canon_hylarana_serendipi_1677659_14056523.jpeg,frog,train,SUSPICIOUS_LABEL,1291.76,128.34,60.91,0.0137,common newt,0.5062,data/Mid224/train/frog/canon_hylarana_serendipi_1677659_14056523.jpeg
train/frog/canon_hylarana_taipehensis_65628_103110512.jpeg,frog,train,SUSPICIOUS_LABEL,327.63,68.72,32.94,0.0024,black stork,0.2738,data/Mid224/train/frog/canon_hylarana_taipehensis_65628_103110512.jpeg
train/frog/canon_hylarana_volkerjane_65632_232847816.jpeg,frog,train,SUSPICIOUS_LABEL,1556.46,121.13,62.22,0.004,hen-of-the-woods,0.2008,data/Mid224/train/frog/canon_hylarana_volkerjane_65632_232847816.jpeg
train/frog/canon_hylodes_caete_555179_188171135.jpeg,frog,train,SUSPICIOUS_LABEL,402.05,95.42,32.89,0.0181,common newt,0.2939,data/Mid224/train/frog/canon_hylodes_caete_555179_188171135.jpeg
train/frog/canon_hylodes_lateristrigatus_23001_108411833.jpeg,frog,train,SUSPICIOUS_LABEL,1137.12,104.72,64.01,0.0001,bulletproof vest,0.2721,data/Mid224/train/frog/canon_hylodes_lateristrigatus_23001_108411833.jpeg
train/frog/canon_hyloscirtus_larinopygion_65655_164689455.jpeg,frog,train,UNDEREXPOSED,361.15,34.58,47.0,0.0015,comic book,0.1102,data/Mid224/train/frog/canon_hyloscirtus_larinopygion_65655_164689455.jpeg
train/frog/canon_hyloscirtus_lindae_65657_448107432.jpeg,frog,train,SUSPICIOUS_LABEL,1164.47,82.25,37.01,0.0088,skunk,0.4483,data/Mid224/train/frog/canon_hyloscirtus_lindae_65657_448107432.jpeg
train/frog/canon_hyloscirtus_tapichalaca_65670_126337968.jpeg,frog,train,SUSPICIOUS_LABEL,473.9,39.71,44.88,0.0011,bulletproof vest,0.4707,data/Mid224/train/frog/canon_hyloscirtus_tapichalaca_65670_126337968.jpeg
train/frog/canon_hyloxalus_yasuni_70668_249288598.jpeg,frog,train,SUSPICIOUS_LABEL,492.29,106.62,33.81,0.0113,banded gecko,0.2089,data/Mid224/train/frog/canon_hyloxalus_yasuni_70668_249288598.jpeg
train/frog/canon_hyperolius_benguellensis_65724_19423576.jpeg,frog,train,SUSPICIOUS_LABEL,148.47,129.4,46.36,0.0097,spaghetti squash,0.2006,data/Mid224/train/frog/canon_hyperolius_benguellensis_65724_19423576.jpeg
train/frog/canon_hyperolius_guttulatus_23363_161950267.jpeg,frog,train,OVEREXPOSED,780.96,221.15,54.0,0.4849,tailed frog,0.4759,data/Mid224/train/frog/canon_hyperolius_guttulatus_23363_161950267.jpeg
train/frog/canon_hyperolius_marmoratus_23331_13229451.jpeg,frog,train,SUSPICIOUS_LABEL,737.26,76.47,42.05,0.0363,isopod,0.2518,data/Mid224/train/frog/canon_hyperolius_marmoratus_23331_13229451.jpeg
train/frog/canon_hyperolius_nasutus_23395_35182.jpeg,frog,train,OVEREXPOSED,100.43,231.92,38.07,0.0041,hair slide,0.1601,data/Mid224/train/frog/canon_hyperolius_nasutus_23395_35182.jpeg
train/frog/canon_hyperolius_nitidulus_23329_415351118.jpeg,frog,train,SUSPICIOUS_LABEL,212.02,75.61,38.49,0.0168,bolo tie,0.3655,data/Mid224/train/frog/canon_hyperolius_nitidulus_23329_415351118.jpeg
train/frog/canon_hyperolius_ocellatus_23367_87900642.jpeg,frog,train,UNDEREXPOSED;SUSPICIOUS_LABEL,190.11,28.62,38.71,0.0153,banded gecko,0.237,data/Mid224/train/frog/canon_hyperolius_ocellatus_23367_87900642.jpeg
train/frog/canon_hyperolius_pardalis_23349_81159036.jpeg,frog,train,SUSPICIOUS_LABEL,533.46,48.38,41.18,0.0099,long-horned beetle,0.3346,data/Mid224/train/frog/canon_hyperolius_pardalis_23349_81159036.jpeg
train/frog/canon_hypopachus_guancasco_1205815_114604082.jpeg,frog,train,SUSPICIOUS_LABEL,395.87,120.07,46.87,0.0043,barn spider,0.2636,data/Mid224/train/frog/canon_hypopachus_guancasco_1205815_114604082.jpeg
train/frog/canon_ikakogi_tayrona_21302_106395.jpeg,frog,train,UNDEREXPOSED,145.47,29.57,43.29,0.0484,speedboat,0.1518,data/Mid224/train/frog/canon_ikakogi_tayrona_21302_106395.jpeg
train/frog/canon_incilius_campbelli_65831_120032356.jpeg,frog,train,SUSPICIOUS_LABEL,538.34,66.81,39.61,0.0108,brambling,0.3298,data/Mid224/train/frog/canon_incilius_campbelli_65831_120032356.jpeg
train/frog/canon_incilius_marmoreus_65846_144746.jpeg,frog,train,SUSPICIOUS_LABEL,664.82,163.06,39.3,0.018,grey whale,0.2957,data/Mid224/train/frog/canon_incilius_marmoreus_65846_144746.jpeg
train/frog/canon_incilius_perplexus_65853_144507191.jpeg,frog,train,SUSPICIOUS_LABEL,632.5,140.3,44.93,0.0024,whiskey jug,0.2145,data/Mid224/train/frog/canon_incilius_perplexus_65853_144507191.jpeg
train/frog/canon_incilius_spiculatus_65857_1594776.jpeg,frog,train,SUSPICIOUS_LABEL,1724.87,111.66,52.64,0.0494,common newt,0.3371,data/Mid224/train/frog/canon_incilius_spiculatus_65857_1594776.jpeg
train/frog/canon_incilius_tutelarius_65859_4666221.jpeg,frog,train,SUSPICIOUS_LABEL,2041.58,86.89,59.46,0.0029,hen-of-the-woods,0.4441,data/Mid224/train/frog/canon_incilius_tutelarius_65859_4666221.jpeg
train/frog/canon_ingerophrynus_philippinicus_65871_42660428.jpeg,frog,train,SUSPICIOUS_LABEL,372.56,59.49,35.76,0.022,platypus,0.443,data/Mid224/train/frog/canon_ingerophrynus_philippinicus_65871_42660428.jpeg
train/frog/canon_ischnocnema_hoehnei_65881_1111570.jpeg,frog,train,SUSPICIOUS_LABEL,758.64,114.99,41.08,0.0344,fiddler crab,0.2679,data/Mid224/train/frog/canon_ischnocnema_hoehnei_65881_1111570.jpeg
train/frog/canon_ischnocnema_juipoca_65884_82981744.jpeg,frog,train,UNDEREXPOSED,420.38,26.91,35.4,0.1331,African chameleon,0.3648,data/Mid224/train/frog/canon_ischnocnema_juipoca_65884_82981744.jpeg
train/frog/canon_ischnocnema_verrucosa_23053_1111585.jpeg,frog,train,SUSPICIOUS_LABEL,1007.13,170.58,63.26,0.0045,isopod,0.2918,data/Mid224/train/frog/canon_ischnocnema_verrucosa_23053_1111585.jpeg
train/frog/canon_isthmohyla_lancasteri_65908_35974188.jpeg,frog,train,UNDEREXPOSED,464.17,23.34,36.47,0.2104,tailed frog,0.1992,data/Mid224/train/frog/canon_isthmohyla_lancasteri_65908_35974188.jpeg
train/frog/canon_kallistobatrachus_beryllinus_1632615_584033721.jpeg,frog,train,UNDEREXPOSED,220.55,30.3,43.95,0.1327,African chameleon,0.6172,data/Mid224/train/frog/canon_kallistobatrachus_beryllinus_1632615_584033721.jpeg
train/frog/canon_kurixalus_bisacculus_134947_456697499.jpeg,frog,train,SUSPICIOUS_LABEL,778.01,73.77,48.16,0.0133,African chameleon,0.3175,data/Mid224/train/frog/canon_kurixalus_bisacculus_134947_456697499.jpeg
train/frog/canon_kurixalus_hainanus_120827_329432046.jpeg,frog,train,SUSPICIOUS_LABEL,767.4,49.31,64.69,0.0187,African chameleon,0.2804,data/Mid224/train/frog/canon_kurixalus_hainanus_120827_329432046.jpeg
train/frog/canon_kurixalus_idiootocus_26651_468601615.jpeg,frog,train,SUSPICIOUS_LABEL,421.05,74.43,64.69,0.0144,three-toed sloth,0.2187,data/Mid224/train/frog/canon_kurixalus_idiootocus_26651_468601615.jpeg
train/frog/canon_kurixalus_naso_65929_163797328.jpeg,frog,train,SUSPICIOUS_LABEL,1120.16,107.44,49.18,0.0291,long-horned beetle,0.225,data/Mid224/train/frog/canon_kurixalus_naso_65929_163797328.jpeg
train/frog/canon_leptobrachella_feii_1099553_521085057.jpeg,frog,train,SUSPICIOUS_LABEL,1737.03,133.72,51.75,0.0319,hognose snake,0.2098,data/Mid224/train/frog/canon_leptobrachella_feii_1099553_521085057.jpeg
train/frog/canon_leptobrachella_laui_717447_64663125.jpeg,frog,train,SUSPICIOUS_LABEL,326.6,83.15,32.24,0.014,banded gecko,0.5143,data/Mid224/train/frog/canon_leptobrachella_laui_717447_64663125.jpeg
train/frog/canon_leptobrachella_mangshanensis_787633_574407435.jpeg,frog,train,SUSPICIOUS_LABEL,514.6,94.33,44.81,0.001,assault rifle,0.2421,data/Mid224/train/frog/canon_leptobrachella_mangshanensis_787633_574407435.jpeg
train/frog/canon_leptobrachella_marmorata_717451_60412614.jpeg,frog,train,SUSPICIOUS_LABEL,912.09,94.05,58.51,0.0126,common newt,0.6026,data/Mid224/train/frog/canon_leptobrachella_marmorata_717451_60412614.jpeg
train/frog/canon_leptobrachella_melanoleuca_717453_12392496.jpeg,frog,train,SUSPICIOUS_LABEL,540.74,54.4,42.26,0.0204,platypus,0.2571,data/Mid224/train/frog/canon_leptobrachella_melanoleuca_717453_12392496.jpeg
train/frog/canon_leptobrachium_banae_24712_375165076.jpeg,frog,train,SUSPICIOUS_LABEL,841.01,117.63,45.88,0.0368,banded gecko,0.54,data/Mid224/train/frog/canon_leptobrachium_banae_24712_375165076.jpeg
train/frog/canon_leptobrachium_gunungense_24711_106414.jpeg,frog,train,SUSPICIOUS_LABEL,692.07,67.6,37.0,0.0157,hen-of-the-woods,0.2829,data/Mid224/train/frog/canon_leptobrachium_gunungense_24711_106414.jpeg
train/frog/canon_leptobrachium_hainanense_24714_189800449.jpeg,frog,train,SUSPICIOUS_LABEL,909.08,108.88,45.65,0.0047,banded gecko,0.2331,data/Mid224/train/frog/canon_leptobrachium_hainanense_24714_189800449.jpeg
train/frog/canon_leptobrachium_ingeri_142661_49659018.jpeg,frog,train,SUSPICIOUS_LABEL,793.44,102.91,39.14,0.0168,rock python,0.3184,data/Mid224/train/frog/canon_leptobrachium_ingeri_142661_49659018.jpeg
train/frog/canon_leptobrachium_liui_65938_590099644.jpeg,frog,train,UNDEREXPOSED;SUSPICIOUS_LABEL,357.39,31.83,29.59,0.0001,black grouse,0.2337,data/Mid224/train/frog/canon_leptobrachium_liui_65938_590099644.jpeg
train/frog/canon_leptobrachium_pullus_24707_384978392.jpeg,frog,train,SUSPICIOUS_LABEL,1072.12,79.9,48.6,0.004,spotted salamander,0.465,data/Mid224/train/frog/canon_leptobrachium_pullus_24707_384978392.jpeg
train/frog/canon_leptodactylus_bufonius_22959_150027.jpeg,frog,train,SUSPICIOUS_LABEL,1262.87,131.88,43.9,0.0189,rock python,0.2121,data/Mid224/train/frog/canon_leptodactylus_bufonius_22959_150027.jpeg
train/frog/canon_leptodactylus_fremitus_1404305_339258988.jpeg,frog,train,SUSPICIOUS_LABEL,505.74,67.83,31.89,0.0034,half track,0.3233,data/Mid224/train/frog/canon_leptodactylus_fremitus_1404305_339258988.jpeg
train/frog/canon_leptodactylus_fuscus_22973_450446216.jpeg,frog,train,SUSPICIOUS_LABEL,630.28,188.9,75.95,0.0085,plane,0.5143,data/Mid224/train/frog/canon_leptodactylus_fuscus_22973_450446216.jpeg
train/frog/canon_leptodactylus_notoaktites_22968_11953704.jpeg,frog,train,SUSPICIOUS_LABEL,984.6,114.99,48.94,0.0002,brambling,0.3739,data/Mid224/train/frog/canon_leptodactylus_notoaktites_22968_11953704.jpeg
train/frog/canon_leptodactylus_paranaru_1176810_353913207.jpeg,frog,train,SUSPICIOUS_LABEL,589.67,71.02,39.39,0.0029,tank,0.4622,data/Mid224/train/frog/canon_leptodactylus_paranaru_1176810_353913207.jpeg
train/frog/canon_leptodactylus_pentadactylus_22957_178045618.jpeg,frog,train,SUSPICIOUS_LABEL,381.43,71.23,31.59,0.0095,banded gecko,0.2536,data/Mid224/train/frog/canon_leptodactylus_pentadactylus_22957_178045618.jpeg
train/frog/canon_leptodactylus_rhodonotus_22980_57345044.jpeg,frog,train,SUSPICIOUS_LABEL,773.88,138.47,54.96,0.0061,banded gecko,0.4494,data/Mid224/train/frog/canon_leptodactylus_rhodonotus_22980_57345044.jpeg
train/frog/canon_leptopelis_aubryioides_135110_150898.jpeg,frog,train,SUSPICIOUS_LABEL,274.97,51.75,52.57,0.0029,stretcher,0.4159,data/Mid224/train/frog/canon_leptopelis_aubryioides_135110_150898.jpeg
train/frog/canon_leptopelis_calcaratus_23424_197961403.jpeg,frog,train,SUSPICIOUS_LABEL,767.52,51.72,60.89,0.0021,parallel bars,0.2295,data/Mid224/train/frog/canon_leptopelis_calcaratus_23424_197961403.jpeg
train/frog/canon_leptopelis_ocellatus_23398_360767665.jpeg,frog,train,SUSPICIOUS_LABEL,477.49,125.5,31.24,0.0224,platypus,0.4199,data/Mid224/train/frog/canon_leptopelis_ocellatus_23398_360767665.jpeg
train/frog/canon_leptophryne_cruentata_21837_7477645.jpeg,frog,train,UNDEREXPOSED,644.61,30.04,26.64,0.057,common newt,0.1156,data/Mid224/train/frog/canon_leptophryne_cruentata_21837_7477645.jpeg
train/frog/canon_limnodynastes_dumerilii_22038_587374942.jpeg,frog,train,SUSPICIOUS_LABEL,600.11,51.6,40.74,0.0027,assault rifle,0.3353,data/Mid224/train/frog/canon_limnodynastes_dumerilii_22038_587374942.jpeg
train/frog/canon_limnonectes_deinodon_476850_6294465.jpeg,frog,train,SUSPICIOUS_LABEL,1362.06,85.04,37.21,0.0043,nematode,0.3179,data/Mid224/train/frog/canon_limnonectes_deinodon_476850_6294465.jpeg
train/frog/canon_limnonectes_ingeri_25929_53342.jpeg,frog,train,SUSPICIOUS_LABEL,424.56,44.84,41.13,0.0343,platypus,0.3496,data/Mid224/train/frog/canon_limnonectes_ingeri_25929_53342.jpeg
train/frog/canon_limnonectes_kinabaluensis_1635741_264400189.jpeg,frog,train,SUSPICIOUS_LABEL,1299.77,109.98,59.58,0.0212,spotted salamander,0.2484,data/Mid224/train/frog/canon_limnonectes_kinabaluensis_1635741_264400189.jpeg
train/frog/canon_limnonectes_leytensis_25933_58347.jpeg,frog,train,SUSPICIOUS_LABEL,570.39,72.45,39.02,0.0372,platypus,0.2579,data/Mid224/train/frog/canon_limnonectes_leytensis_25933_58347.jpeg
train/frog/canon_limnonectes_mocquardi_604210_328222768.jpeg,frog,train,SUSPICIOUS_LABEL,474.08,119.51,37.33,0.0066,bulletproof vest,0.5604,data/Mid224/train/frog/canon_limnonectes_mocquardi_604210_328222768.jpeg
train/frog/canon_limnonectes_poilani_65973_526571094.jpeg,frog,train,SUSPICIOUS_LABEL,730.98,118.91,41.02,0.0305,tench,0.3467,data/Mid224/train/frog/canon_limnonectes_poilani_65973_526571094.jpeg
train/frog/canon_lithobates_areolatus_65974_6340663.jpeg,frog,train,SUSPICIOUS_LABEL,3489.08,117.64,45.8,0.0213,nematode,0.2606,data/Mid224/train/frog/canon_lithobates_areolatus_65974_6340663.jpeg
train/frog/canon_lithobates_capito_65978_244141526.jpeg,frog,train,SUSPICIOUS_LABEL,1782.42,100.94,43.49,0.0264,hair slide,0.4007,data/Mid224/train/frog/canon_lithobates_capito_65978_244141526.jpeg
train/frog/canon_lithobates_kauffeldi_424676_474477462.jpeg,frog,train,SUSPICIOUS_LABEL,1667.01,103.88,55.69,0.0047,coucal,0.2172,data/Mid224/train/frog/canon_lithobates_kauffeldi_424676_474477462.jpeg
train/frog/canon_lithobates_lenca_717619_34957910.jpeg,frog,train,SUSPICIOUS_LABEL,557.01,83.22,28.44,0.0073,rock python,0.2402,data/Mid224/train/frog/canon_lithobates_lenca_717619_34957910.jpeg
train/frog/canon_lithobates_palustris_66002_32616817.jpeg,frog,train,SUSPICIOUS_LABEL,2061.57,83.51,50.05,0.0048,hen-of-the-woods,0.4497,data/Mid224/train/frog/canon_lithobates_palustris_66002_32616817.jpeg
train/frog/canon_lithobates_virgatipes_66018_520812.jpeg,frog,train,SUSPICIOUS_LABEL,545.82,86.6,36.22,0.0178,common newt,0.3112,data/Mid224/train/frog/canon_lithobates_virgatipes_66018_520812.jpeg
train/frog/canon_lithobates_warszewitschii_66019_391326940.jpeg,frog,train,SUSPICIOUS_LABEL,684.9,37.25,44.36,0.0062,quill,0.4304,data/Mid224/train/frog/canon_lithobates_warszewitschii_66019_391326940.jpeg
train/frog/canon_litoria_coplandi_23599_388738847.jpeg,frog,train,SUSPICIOUS_LABEL,362.07,73.09,47.75,0.0147,banded gecko,0.3512,data/Mid224/train/frog/canon_litoria_coplandi_23599_388738847.jpeg
train/frog/canon_litoria_spaldingi_1250534_136221814.jpeg,frog,train,SUSPICIOUS_LABEL,617.51,118.21,41.62,0.0019,assault rifle,0.2247,data/Mid224/train/frog/canon_litoria_spaldingi_1250534_136221814.jpeg
train/frog/canon_mahonabatrachus_microbelos_1632692_1631198.jpeg,frog,train,SUSPICIOUS_LABEL,728.68,75.8,50.02,0.0404,vine snake,0.2101,data/Mid224/train/frog/canon_mahonabatrachus_microbelos_1632692_1631198.jpeg
train/frog/canon_mantella_betsileo_22019_62914440.jpeg,frog,train,SUSPICIOUS_LABEL,298.86,140.94,42.39,0.0042,speedboat,0.5322,data/Mid224/train/frog/canon_mantella_betsileo_22019_62914440.jpeg
train/frog/canon_mantella_expectata_22005_41785931.jpeg,frog,train,SUSPICIOUS_LABEL,679.78,71.44,39.12,0.0278,indri,0.2687,data/Mid224/train/frog/canon_mantella_expectata_22005_41785931.jpeg
train/frog/canon_mantella_viridis_22014_40356576.jpeg,frog,train,SUSPICIOUS_LABEL,229.69,87.96,23.17,0.0074,platypus,0.3126,data/Mid224/train/frog/canon_mantella_viridis_22014_40356576.jpeg
train/frog/canon_mantidactylus_majori_21970_32092744.jpeg,frog,train,SUSPICIOUS_LABEL,1116.07,98.69,61.66,0.0049,skunk,0.2386,data/Mid224/train/frog/canon_mantidactylus_majori_21970_32092744.jpeg
train/frog/canon_melanobatrachus_indicus_25190_169438073.jpeg,frog,train,SUSPICIOUS_LABEL,898.75,39.96,38.46,0.0124,common newt,0.6936,data/Mid224/train/frog/canon_melanobatrachus_indicus_25190_169438073.jpeg
train/frog/canon_melanophryniscus_devincenzii_21770_27418282.jpeg,frog,train,SUSPICIOUS_LABEL,670.18,118.18,52.81,0.0244,knee pad,0.2462,data/Mid224/train/frog/canon_melanophryniscus_devincenzii_21770_27418282.jpeg
train/frog/canon_melanophryniscus_estebani_70744_29564923.jpeg,frog,train,SUSPICIOUS_LABEL,1891.17,140.1,56.73,0.0042,ground beetle,0.5935,data/Mid224/train/frog/canon_melanophryniscus_estebani_70744_29564923.jpeg
train/frog/canon_melanophryniscus_fulvoguttatus_21763_108520638.jpeg,frog,train,SUSPICIOUS_LABEL,516.45,119.01,37.5,0.0167,hair slide,0.4476,data/Mid224/train/frog/canon_melanophryniscus_fulvoguttatus_21763_108520638.jpeg
train/frog/canon_melanophryniscus_paraguayensis_70745_1737126.jpeg,frog,train,SUSPICIOUS_LABEL,1979.4,132.52,43.59,0.0135,barn spider,0.4131,data/Mid224/train/frog/canon_melanophryniscus_paraguayensis_70745_1737126.jpeg
train/frog/canon_melanophryniscus_tumifrons_21771_76619233.jpeg,frog,train,LOW_CONTRAST,169.83,35.71,17.15,0.0563,tailed frog,0.0399,data/Mid224/train/frog/canon_melanophryniscus_tumifrons_21771_76619233.jpeg
train/frog/canon_mertensophryne_uzunguensis_66128_2793985.jpeg,frog,train,SUSPICIOUS_LABEL,570.09,93.11,35.88,0.0078,aircraft carrier,0.2037,data/Mid224/train/frog/canon_mertensophryne_uzunguensis_66128_2793985.jpeg
train/frog/canon_microhyla_achatina_24830_52566490.jpeg,frog,train,SUSPICIOUS_LABEL,613.41,141.74,42.95,0.0073,banded gecko,0.2906,data/Mid224/train/frog/canon_microhyla_achatina_24830_52566490.jpeg
train/frog/canon_microhyla_beilunensis_788151_239639494.jpeg,frog,train,SUSPICIOUS_LABEL,768.9,97.42,39.04,0.0403,spotted salamander,0.4006,data/Mid224/train/frog/canon_microhyla_beilunensis_788151_239639494.jpeg
train/frog/canon_microhyla_irrawaddy_923410_118103555.jpeg,frog,train,SUSPICIOUS_LABEL,173.12,162.47,60.47,0.0233,banded gecko,0.4543,data/Mid224/train/frog/canon_microhyla_irrawaddy_923410_118103555.jpeg
train/frog/canon_microhyla_tetrix_1176781_253521740.jpeg,frog,train,SUSPICIOUS_LABEL,632.94,68.15,33.63,0.0186,assault rifle,0.3019,data/Mid224/train/frog/canon_microhyla_tetrix_1176781_253521740.jpeg
train/frog/canon_micryletta_steinegeri_25180_434671895.jpeg,frog,train,SUSPICIOUS_LABEL,514.09,74.8,40.89,0.0198,rock python,0.2696,data/Mid224/train/frog/canon_micryletta_steinegeri_25180_434671895.jpeg
train/frog/canon_micryletta_thongphaphumensis_1595860_519852546.jpeg,frog,train,SUSPICIOUS_LABEL,943.11,145.68,67.38,0.0199,fiddler crab,0.3339,data/Mid224/train/frog/canon_micryletta_thongphaphumensis_1595860_519852546.jpeg
train/frog/canon_minervarya_andamanensis_717508_53032266.jpeg,frog,train,SUSPICIOUS_LABEL,973.66,106.8,56.2,0.0066,comic book,0.4459,data/Mid224/train/frog/canon_minervarya_andamanensis_717508_53032266.jpeg
train/frog/canon_minervarya_brevipalmata_717517_63462.jpeg,frog,train,SUSPICIOUS_LABEL,514.72,125.95,54.54,0.0002,Airedale,0.2259,data/Mid224/train/frog/canon_minervarya_brevipalmata_717517_63462.jpeg
train/frog/canon_mixophyes_carbinensis_66137_58502852.jpeg,frog,train,SUSPICIOUS_LABEL,692.2,109.95,47.98,0.0176,sidewinder,0.2451,data/Mid224/train/frog/canon_mixophyes_carbinensis_66137_58502852.jpeg
train/frog/canon_nannophrys_marmorata_26180_57332388.jpeg,frog,train,SUSPICIOUS_LABEL,1421.81,68.9,37.82,0.0288,hair slide,0.3397,data/Mid224/train/frog/canon_nannophrys_marmorata_26180_57332388.jpeg
train/frog/canon_nanohyla_annectens_1191092_6294363.jpeg,frog,train,SUSPICIOUS_LABEL,540.41,97.54,39.8,0.0023,barn spider,0.3981,data/Mid224/train/frog/canon_nanohyla_annectens_1191092_6294363.jpeg
train/frog/canon_nanorana_liebigii_66157_217516510.jpeg,frog,train,SUSPICIOUS_LABEL,1290.87,126.8,42.27,0.0033,bluetick,0.2005,data/Mid224/train/frog/canon_nanorana_liebigii_66157_217516510.jpeg
train/frog/canon_nanorana_pleskei_26190_265082788.jpeg,frog,train,SUSPICIOUS_LABEL,971.6,88.79,37.18,0.0059,gyromitra,0.3224,data/Mid224/train/frog/canon_nanorana_pleskei_26190_265082788.jpeg
train/frog/canon_natalobatrachus_bonebergi_25334_98061137.jpeg,frog,train,SUSPICIOUS_LABEL,273.85,39.17,56.12,0.0031,hair slide,0.6917,data/Mid224/train/frog/canon_natalobatrachus_bonebergi_25334_98061137.jpeg
train/frog/canon_niceforonia_nigrovittata_803871_150398.jpeg,frog,train,SUSPICIOUS_LABEL,884.58,98.34,41.76,0.0104,leatherback turtle,0.2179,data/Mid224/train/frog/canon_niceforonia_nigrovittata_803871_150398.jpeg
train/frog/canon_nidirana_occidentalis_1145881_312011121.jpeg,frog,train,SUSPICIOUS_LABEL,1094.95,77.48,36.71,0.0263,rock python,0.3302,data/Mid224/train/frog/canon_nidirana_occidentalis_1145881_312011121.jpeg
train/frog/canon_nidirana_okinavana_717563_422206924.jpeg,frog,train,SUSPICIOUS_LABEL,1710.48,105.53,65.26,0.0358,hen-of-the-woods,0.218,data/Mid224/train/frog/canon_nidirana_okinavana_717563_422206924.jpeg
train/frog/canon_nidirana_pleuraden_717564_159770229.jpeg,frog,train,SUSPICIOUS_LABEL,538.39,89.89,35.91,0.0324,common newt,0.2267,data/Mid224/train/frog/canon_nidirana_pleuraden_717564_159770229.jpeg
train/frog/canon_nyctibates_corrugatus_24540_73247661.jpeg,frog,train,SUSPICIOUS_LABEL,337.24,92.05,30.38,0.0067,Walker hound,0.3301,data/Mid224/train/frog/canon_nyctibates_corrugatus_24540_73247661.jpeg
train/frog/canon_nyctibatrachus_poocha_134758_104796850.jpeg,frog,train,SUSPICIOUS_LABEL,248.75,44.07,41.18,0.0135,spotted salamander,0.2826,data/Mid224/train/frog/canon_nyctibatrachus_poocha_134758_104796850.jpeg
train/frog/canon_nymphargus_anomalus_66192_176100769.jpeg,frog,train,SUSPICIOUS_LABEL,787.57,114.24,34.18,0.0083,harvestman,0.4667,data/Mid224/train/frog/canon_nymphargus_anomalus_66192_176100769.jpeg
train/frog/canon_nymphargus_pijao_1473419_104796346.jpeg,frog,train,UNDEREXPOSED;SUSPICIOUS_LABEL,187.49,33.91,42.12,0.0121,bulletproof vest,0.3657,data/Mid224/train/frog/canon_nymphargus_pijao_1473419_104796346.jpeg
train/frog/canon_occidozyga_sumatrana_25862_231038573.jpeg,frog,train,SUSPICIOUS_LABEL,396.7,98.25,25.95,0.0155,nematode,0.3021,data/Mid224/train/frog/canon_occidozyga_sumatrana_25862_231038573.jpeg
train/frog/canon_odorrana_banaorum_66233_215995152.jpeg,frog,train,UNDEREXPOSED;SUSPICIOUS_LABEL,152.71,29.0,25.93,0.0167,barn spider,0.3815,data/Mid224/train/frog/canon_odorrana_banaorum_66233_215995152.jpeg
train/frog/canon_odorrana_exiliversabilis_66237_473414306.jpeg,frog,train,SUSPICIOUS_LABEL,563.38,78.33,38.14,0.0152,sidewinder,0.2028,data/Mid224/train/frog/canon_odorrana_exiliversabilis_66237_473414306.jpeg
train/frog/canon_odorrana_hosii_66243_363322339.jpeg,frog,train,SUSPICIOUS_LABEL,884.18,99.11,54.68,0.04,African chameleon,0.4673,data/Mid224/train/frog/canon_odorrana_hosii_66243_363322339.jpeg
train/frog/canon_odorrana_narina_66257_546946436.jpeg,frog,train,UNDEREXPOSED,318.9,29.29,29.8,0.105,isopod,0.325,data/Mid224/train/frog/canon_odorrana_narina_66257_546946436.jpeg
train/frog/canon_odorrana_swinhoana_66264_87478225.jpeg,frog,train,SUSPICIOUS_LABEL,1042.58,103.56,39.73,0.0297,banded gecko,0.3194,data/Mid224/train/frog/canon_odorrana_swinhoana_66264_87478225.jpeg
train/frog/canon_ololygon_argyreornata_1530439_116835702.jpeg,frog,train,SUSPICIOUS_LABEL,586.73,40.65,38.28,0.0077,nematode,0.5018,data/Mid224/train/frog/canon_ololygon_argyreornata_1530439_116835702.jpeg
train/frog/canon_ololygon_catharinae_1530430_349174904.jpeg,frog,train,UNDEREXPOSED,573.08,32.92,51.65,0.0321,African chameleon,0.3581,data/Mid224/train/frog/canon_ololygon_catharinae_1530430_349174904.jpeg
train/frog/canon_ololygon_hiemalis_1530421_147386249.jpeg,frog,train,SUSPICIOUS_LABEL,570.44,105.99,39.93,0.0221,whiptail,0.5165,data/Mid224/train/frog/canon_ololygon_hiemalis_1530421_147386249.jpeg
train/frog/canon_ololygon_trapicheiroi_1530398_462743330.jpeg,frog,train,UNDEREXPOSED,168.32,28.51,30.55,0.0558,platypus,0.5191,data/Mid224/train/frog/canon_ololygon_trapicheiroi_1530398_462743330.jpeg
train/frog/canon_oophaga_anchicayensis_1176935_181476554.jpeg,frog,train,SUSPICIOUS_LABEL,722.06,64.45,60.97,0.0005,rock beauty,0.6826,data/Mid224/train/frog/canon_oophaga_anchicayensis_1176935_181476554.jpeg
train/frog/canon_oophaga_histrionica_66275_56344.jpeg,frog,train,SUSPICIOUS_LABEL,274.01,70.19,34.55,0.0211,EntleBucher,0.3052,data/Mid224/train/frog/canon_oophaga_histrionica_66275_56344.jpeg
train/frog/canon_oophaga_lehmanni_66276_93022693.jpeg,frog,train,SUSPICIOUS_LABEL,699.56,37.54,47.49,0.0087,goldfish,0.2472,data/Mid224/train/frog/canon_oophaga_lehmanni_66276_93022693.jpeg
train/frog/canon_oophaga_solanensis_1176933_356935145.jpeg,frog,train,SUSPICIOUS_LABEL,779.72,191.26,76.4,0.0193,stretcher,0.2646,data/Mid224/train/frog/canon_oophaga_solanensis_1176933_356935145.jpeg
train/frog/canon_oophaga_sylvatica_66280_188438821.jpeg,frog,train,SUSPICIOUS_LABEL,341.19,48.89,39.54,0.0003,snowmobile,0.3438,data/Mid224/train/frog/canon_oophaga_sylvatica_66280_188438821.jpeg
train/frog/canon_ophryophryne_synoria_1250453_170581773.jpeg,frog,train,SUSPICIOUS_LABEL,901.55,94.62,64.31,0.0031,oxygen mask,0.5892,data/Mid224/train/frog/canon_ophryophryne_synoria_1250453_170581773.jpeg
train/frog/canon_osornophryne_guacamayo_21808_868120.jpeg,frog,train,SUSPICIOUS_LABEL,948.09,169.79,94.59,0.0033,muzzle,0.2369,data/Mid224/train/frog/canon_osornophryne_guacamayo_21808_868120.jpeg
train/frog/canon_osteocephalus_castaneicola_70793_220916024.jpeg,frog,train,UNDEREXPOSED;SUSPICIOUS_LABEL,171.33,34.44,39.61,0.0005,pedestal,0.4139,data/Mid224/train/frog/canon_osteocephalus_castaneicola_70793_220916024.jpeg
train/frog/canon_osteocephalus_oophagus_24182_40846.jpeg,frog,train,SUSPICIOUS_LABEL,952.66,52.11,78.3,0.0186,rock python,0.234,data/Mid224/train/frog/canon_osteocephalus_oophagus_24182_40846.jpeg
train/frog/canon_paradoxophyla_palmata_24790_57317.jpeg,frog,train,SUSPICIOUS_LABEL,513.67,78.11,24.56,0.0333,sidewinder,0.2131,data/Mid224/train/frog/canon_paradoxophyla_palmata_24790_57317.jpeg
train/frog/canon_pedostibes_tuberculosus_21843_104637269.jpeg,frog,train,UNDEREXPOSED,583.88,33.64,39.43,0.1252,hen-of-the-woods,0.1251,data/Mid224/train/frog/canon_pedostibes_tuberculosus_21843_104637269.jpeg
train/frog/canon_pelophryne_misera_21730_106458.jpeg,frog,train,SUSPICIOUS_LABEL,559.52,90.43,32.86,0.0193,brambling,0.3587,data/Mid224/train/frog/canon_pelophryne_misera_21730_106458.jpeg
train/frog/canon_phasmahyla_cruzi_70807_62921895.jpeg,frog,train,UNDEREXPOSED,182.18,34.36,27.66,0.1789,banded gecko,0.2091,data/Mid224/train/frog/canon_phasmahyla_cruzi_70807_62921895.jpeg
train/frog/canon_philautus_everetti_135124_38614.jpeg,frog,train,SUSPICIOUS_LABEL,492.75,73.71,53.17,0.0131,African chameleon,0.5378,data/Mid224/train/frog/canon_philautus_everetti_135124_38614.jpeg
train/frog/canon_philautus_leitensis_26336_410633725.jpeg,frog,train,SUSPICIOUS_LABEL,397.26,125.81,39.71,0.0132,platypus,0.3111,data/Mid224/train/frog/canon_philautus_leitensis_26336_410633725.jpeg
train/frog/canon_philautus_mjobergi_26378_71315550.jpeg,frog,train,UNDEREXPOSED;SUSPICIOUS_LABEL,372.0,27.62,32.71,0.0029,coucal,0.2462,data/Mid224/train/frog/canon_philautus_mjobergi_26378_71315550.jpeg
train/frog/canon_phrynobatrachus_auritus_25358_34384477.jpeg,frog,train,SUSPICIOUS_LABEL,863.88,90.07,50.55,0.0289,banded gecko,0.4763,data/Mid224/train/frog/canon_phrynobatrachus_auritus_25358_34384477.jpeg
train/frog/canon_phrynobatrachus_latifrons_134958_464968504.jpeg,frog,train,SUSPICIOUS_LABEL,431.2,97.67,34.16,0.0135,common newt,0.324,data/Mid224/train/frog/canon_phrynobatrachus_latifrons_134958_464968504.jpeg
train/frog/canon_phrynobatrachus_plicatus_25398_59292780.jpeg,frog,train,SUSPICIOUS_LABEL,561.73,126.76,38.95,0.0059,black grouse,0.2724,data/Mid224/train/frog/canon_phrynobatrachus_plicatus_25398_59292780.jpeg
train/frog/canon_phrynobatrachus_scheffleri_66424_15715352.jpeg,frog,train,SUSPICIOUS_LABEL,137.8,153.42,48.08,0.0089,hair slide,0.2542,data/Mid224/train/frog/canon_phrynobatrachus_scheffleri_66424_15715352.jpeg
train/frog/canon_phrynoderma_karaavali_1595919_297633411.jpeg,frog,train,SUSPICIOUS_LABEL,551.14,136.83,31.09,0.0025,stretcher,0.2604,data/Mid224/train/frog/canon_phrynoderma_karaavali_1595919_297633411.jpeg
train/frog/canon_phrynomantis_microps_24901_131637.jpeg,frog,train,SUSPICIOUS_LABEL,549.89,144.75,59.31,0.0465,banded gecko,0.2365,data/Mid224/train/frog/canon_phrynomantis_microps_24901_131637.jpeg
train/frog/canon_phyllomedusa_sauvagii_23724_153483722.jpeg,frog,train,UNDEREXPOSED,276.32,35.0,41.85,0.0191,African chameleon,0.8558,data/Mid224/train/frog/canon_phyllomedusa_sauvagii_23724_153483722.jpeg
train/frog/canon_phyllomedusa_venusta_23742_40102571.jpeg,frog,train,UNDEREXPOSED,354.34,34.73,49.5,0.9825,tree frog,0.8357,data/Mid224/train/frog/canon_phyllomedusa_venusta_23742_40102571.jpeg
train/frog/canon_physalaemus_albifrons_23154_242989143.jpeg,frog,train,SUSPICIOUS_LABEL,646.82,155.82,34.18,0.0121,gyromitra,0.2515,data/Mid224/train/frog/canon_physalaemus_albifrons_23154_242989143.jpeg
train/frog/canon_physalaemus_carrizorum_717574_102232220.jpeg,frog,train,SUSPICIOUS_LABEL,405.93,121.29,47.95,0.0269,hartebeest,0.2304,data/Mid224/train/frog/canon_physalaemus_carrizorum_717574_102232220.jpeg
train/frog/canon_physalaemus_cuvieri_23144_355921736.jpeg,frog,train,SUSPICIOUS_LABEL,337.25,195.62,72.19,0.0266,patas,0.3852,data/Mid224/train/frog/canon_physalaemus_cuvieri_23144_355921736.jpeg
train/frog/canon_physalaemus_olfersii_23132_92849.jpeg,frog,train,SUSPICIOUS_LABEL,489.14,165.22,46.44,0.0244,platypus,0.5835,data/Mid224/train/frog/canon_physalaemus_olfersii_23132_92849.jpeg
train/frog/canon_physalaemus_spiniger_23133_6646437.jpeg,frog,train,SUSPICIOUS_LABEL,436.82,80.47,31.57,0.0192,banded gecko,0.2112,data/Mid224/train/frog/canon_physalaemus_spiniger_23133_6646437.jpeg
train/frog/canon_pipa_parva_25464_32753.jpeg,frog,train,BLURRY,60.57,103.97,21.36,0.0006,kite,0.0499,data/Mid224/train/frog/canon_pipa_parva_25464_32753.jpeg
train/frog/canon_pithecopus_azureus_517063_57513654.jpeg,frog,train,UNDEREXPOSED;SUSPICIOUS_LABEL,280.35,29.48,44.54,0.0398,African chameleon,0.3684,data/Mid224/train/frog/canon_pithecopus_azureus_517063_57513654.jpeg
train/frog/canon_pithecopus_oreades_517203_32409506.jpeg,frog,train,SUSPICIOUS_LABEL,427.14,133.67,65.07,0.01,African chameleon,0.2644,data/Mid224/train/frog/canon_pithecopus_oreades_517203_32409506.jpeg
train/frog/canon_pithecopus_rohdei_517204_19852650.jpeg,frog,train,UNDEREXPOSED,455.1,34.18,39.57,0.0232,stretcher,0.0869,data/Mid224/train/frog/canon_pithecopus_rohdei_517204_19852650.jpeg
train/frog/canon_platymantis_dorsalis_25988_945645.jpeg,frog,train,SUSPICIOUS_LABEL,961.56,128.23,52.57,0.0076,gyromitra,0.2032,data/Mid224/train/frog/canon_platymantis_dorsalis_25988_945645.jpeg
train/frog/canon_plectrohyla_dasypus_24112_541297013.jpeg,frog,train,SUSPICIOUS_LABEL,319.79,58.54,47.83,0.007,harvestman,0.7164,data/Mid224/train/frog/canon_plectrohyla_dasypus_24112_541297013.jpeg
train/frog/canon_plectrohyla_hartwegi_24125_10603330.jpeg,frog,train,SUSPICIOUS_LABEL,1062.78,155.72,43.11,0.0081,sidewinder,0.3398,data/Mid224/train/frog/canon_plectrohyla_hartwegi_24125_10603330.jpeg
train/frog/canon_plectrohyla_ixil_24119_442799398.jpeg,frog,train,UNDEREXPOSED,274.25,27.59,34.43,0.0221,chain saw,0.1985,data/Mid224/train/frog/canon_plectrohyla_ixil_24119_442799398.jpeg
train/frog/canon_plethodontohyla_inguinalis_24803_41948393.jpeg,frog,train,SUSPICIOUS_LABEL,414.02,39.73,34.28,0.0028,bulletproof vest,0.2366,data/Mid224/train/frog/canon_plethodontohyla_inguinalis_24803_41948393.jpeg
train/frog/canon_pleurodema_tucumanum_66515_49090192.jpeg,frog,train,SUSPICIOUS_LABEL,1137.38,101.71,65.98,0.0245,hen-of-the-woods,0.2569,data/Mid224/train/frog/canon_pleurodema_tucumanum_66515_49090192.jpeg
train/frog/canon_polypedates_cruciger_26588_35006113.jpeg,frog,train,SUSPICIOUS_LABEL,514.51,91.83,40.11,0.006,cauliflower,0.4617,data/Mid224/train/frog/canon_polypedates_cruciger_26588_35006113.jpeg
train/frog/canon_polypedates_mutus_26580_225699109.jpeg,frog,train,SUSPICIOUS_LABEL,361.43,51.04,64.57,0.0022,power drill,0.5068,data/Mid224/train/frog/canon_polypedates_mutus_26580_225699109.jpeg
train/frog/canon_polypedates_pseudocruciger_26586_182196747.jpeg,frog,train,UNDEREXPOSED,251.81,34.73,39.24,0.0005,stretcher,0.1006,data/Mid224/train/frog/canon_polypedates_pseudocruciger_26586_182196747.jpeg
train/frog/canon_poyntonophrynus_fenoulheti_66521_12169343.jpeg,frog,train,SUSPICIOUS_LABEL,964.3,74.94,32.93,0.0438,sidewinder,0.2549,data/Mid224/train/frog/canon_poyntonophrynus_fenoulheti_66521_12169343.jpeg
train/frog/canon_poyntonophrynus_vertebralis_66527_14130434.jpeg,frog,train,SUSPICIOUS_LABEL,767.64,102.71,32.34,0.0209,rock python,0.2994,data/Mid224/train/frog/canon_poyntonophrynus_vertebralis_66527_14130434.jpeg
train/frog/canon_pristimantis_actites_66534_56249959.jpeg,frog,train,SUSPICIOUS_LABEL,821.38,153.37,81.57,0.0215,thresher,0.4441,data/Mid224/train/frog/canon_pristimantis_actites_66534_56249959.jpeg
train/frog/canon_pristimantis_anolirex_66550_109099040.jpeg,frog,train,SUSPICIOUS_LABEL,140.66,171.24,48.33,0.0149,banded gecko,0.3589,data/Mid224/train/frog/canon_pristimantis_anolirex_66550_109099040.jpeg
train/frog/canon_pristimantis_crenunguis_66623_60504196.jpeg,frog,train,SUSPICIOUS_LABEL,382.7,163.04,71.09,0.0086,banded gecko,0.3486,data/Mid224/train/frog/canon_pristimantis_crenunguis_66623_60504196.jpeg
train/frog/canon_pristimantis_croceoinguinis_66626_155860.jpeg,frog,train,SUSPICIOUS_LABEL,505.25,192.14,75.54,0.002,Sussex spaniel,0.2287,data/Mid224/train/frog/canon_pristimantis_croceoinguinis_66626_155860.jpeg
train/frog/canon_pristimantis_delius_66640_8933015.jpeg,frog,train,UNDEREXPOSED,276.81,27.63,30.98,0.6721,tailed frog,0.4834,data/Mid224/train/frog/canon_pristimantis_delius_66640_8933015.jpeg
train/frog/canon_pristimantis_esmeraldas_66658_57925609.jpeg,frog,train,SUSPICIOUS_LABEL,378.95,108.14,40.22,0.0206,wire-haired fox terrier,0.3149,data/Mid224/train/frog/canon_pristimantis_esmeraldas_66658_57925609.jpeg
train/frog/canon_pristimantis_espedeus_476744_359548399.jpeg,frog,train,SUSPICIOUS_LABEL,432.57,37.17,48.3,0.0001,Irish water spaniel,0.3439,data/Mid224/train/frog/canon_pristimantis_espedeus_476744_359548399.jpeg
train/frog/canon_pristimantis_festae_66666_187516751.jpeg,frog,train,SUSPICIOUS_LABEL,501.82,138.71,71.38,0.0019,spotted salamander,0.2068,data/Mid224/train/frog/canon_pristimantis_festae_66666_187516751.jpeg
train/frog/canon_pristimantis_guianensis_1439603_266638082.jpeg,frog,train,UNDEREXPOSED,278.14,30.7,38.22,0.0004,bow,0.1796,data/Mid224/train/frog/canon_pristimantis_guianensis_1439603_266638082.jpeg
train/frog/canon_pristimantis_inguinalis_66697_668247861.jpeg,frog,train,UNDEREXPOSED,751.46,31.4,37.23,0.015,hen-of-the-woods,0.1255,data/Mid224/train/frog/canon_pristimantis_inguinalis_66697_668247861.jpeg
train/frog/canon_pristimantis_jaguensis_476696_26402897.jpeg,frog,train,SUSPICIOUS_LABEL,123.5,154.92,24.39,0.0021,whistle,0.2525,data/Mid224/train/frog/canon_pristimantis_jaguensis_476696_26402897.jpeg
train/frog/canon_pristimantis_labiosus_66713_21167679.jpeg,frog,train,SUSPICIOUS_LABEL,690.76,84.63,44.4,0.0062,Sussex spaniel,0.6155,data/Mid224/train/frog/canon_pristimantis_labiosus_66713_21167679.jpeg
train/frog/canon_pristimantis_mallii_923325_57307297.jpeg,frog,train,SUSPICIOUS_LABEL,762.92,200.45,53.29,0.0185,hen-of-the-woods,0.2274,data/Mid224/train/frog/canon_pristimantis_mallii_923325_57307297.jpeg
train/frog/canon_pristimantis_miyatai_66756_33860790.jpeg,frog,train,SUSPICIOUS_LABEL,650.53,80.7,33.04,0.0106,platypus,0.2569,data/Mid224/train/frog/canon_pristimantis_miyatai_66756_33860790.jpeg
train/frog/canon_pristimantis_ornatissimus_66779_22296633.jpeg,frog,train,SUSPICIOUS_LABEL,238.17,65.24,45.44,0.0275,custard apple,0.3776,data/Mid224/train/frog/canon_pristimantis_ornatissimus_66779_22296633.jpeg
train/frog/canon_pristimantis_ramagii_199782_60636779.jpeg,frog,train,SUSPICIOUS_LABEL,157.36,78.81,20.57,0.002,platypus,0.2671,data/Mid224/train/frog/canon_pristimantis_ramagii_199782_60636779.jpeg
train/frog/canon_pristimantis_savagei_66861_116207444.jpeg,frog,train,SUSPICIOUS_LABEL,728.21,167.38,79.11,0.0223,cradle,0.3745,data/Mid224/train/frog/canon_pristimantis_savagei_66861_116207444.jpeg
train/frog/canon_pristimantis_subsigillatus_66886_66869741.jpeg,frog,train,SUSPICIOUS_LABEL,123.92,190.31,43.4,0.0281,banded gecko,0.3913,data/Mid224/train/frog/canon_pristimantis_subsigillatus_66886_66869741.jpeg
train/frog/canon_pristimantis_thectopternus_66901_337160265.jpeg,frog,train,SUSPICIOUS_LABEL,1009.52,84.38,49.28,0.0148,folding chair,0.2241,data/Mid224/train/frog/canon_pristimantis_thectopternus_66901_337160265.jpeg
train/frog/canon_pristimantis_verecundus_66922_6362035.jpeg,frog,train,SUSPICIOUS_LABEL,575.09,197.83,64.2,0.0058,hair slide,0.3889,data/Mid224/train/frog/canon_pristimantis_verecundus_66922_6362035.jpeg
train/frog/canon_pristimantis_vinhai_199784_37782.jpeg,frog,train,SUSPICIOUS_LABEL,418.35,141.75,44.24,0.001,revolver,0.2233,data/Mid224/train/frog/canon_pristimantis_vinhai_199784_37782.jpeg
train/frog/canon_pristimantis_walkeri_66933_60504103.jpeg,frog,train,SUSPICIOUS_LABEL,660.74,133.08,76.93,0.0002,muzzle,0.2751,data/Mid224/train/frog/canon_pristimantis_walkeri_66933_60504103.jpeg
train/frog/canon_proceratophrys_avelinoi_22864_240878724.jpeg,frog,train,SUSPICIOUS_LABEL,414.5,108.94,43.31,0.0034,mousetrap,0.7119,data/Mid224/train/frog/canon_proceratophrys_avelinoi_22864_240878724.jpeg
train/frog/canon_proceratophrys_cristiceps_22866_61640025.jpeg,frog,train,SUSPICIOUS_LABEL,316.82,54.48,27.66,0.0133,platypus,0.7724,data/Mid224/train/frog/canon_proceratophrys_cristiceps_22866_61640025.jpeg
train/frog/canon_proceratophrys_goyana_22872_32411677.jpeg,frog,train,SUSPICIOUS_LABEL,559.25,186.53,61.51,0.0149,thresher,0.2352,data/Mid224/train/frog/canon_proceratophrys_goyana_22872_32411677.jpeg
train/frog/canon_proceratophrys_itamari_476650_62889640.jpeg,frog,train,UNDEREXPOSED,443.3,34.07,42.36,0.0185,banded gecko,0.1833,data/Mid224/train/frog/canon_proceratophrys_itamari_476650_62889640.jpeg
train/frog/canon_proceratophrys_renalis_70874_43785282.jpeg,frog,train,SUSPICIOUS_LABEL,1798.54,92.3,38.02,0.0024,mongoose,0.2275,data/Mid224/train/frog/canon_proceratophrys_renalis_70874_43785282.jpeg
train/frog/canon_pseudacris_ocularis_24262_4591085.jpeg,frog,train,SUSPICIOUS_LABEL,794.33,119.81,52.3,0.0075,whiptail,0.391,data/Mid224/train/frog/canon_pseudacris_ocularis_24262_4591085.jpeg
train/frog/canon_pseudis_boliviana_1595927_12291455.jpeg,frog,train,SUSPICIOUS_LABEL,429.25,132.3,37.66,0.0163,African chameleon,0.4344,data/Mid224/train/frog/canon_pseudis_boliviana_1595927_12291455.jpeg
train/frog/canon_pseudis_laevis_1595928_580240362.jpeg,frog,train,SUSPICIOUS_LABEL,407.25,88.23,34.32,0.0118,African chameleon,0.3869,data/Mid224/train/frog/canon_pseudis_laevis_1595928_580240362.jpeg
train/frog/canon_pseudopaludicola_restinga_717583_20057560.jpeg,frog,train,SUSPICIOUS_LABEL,1253.28,122.04,50.48,0.0115,banded gecko,0.5033,data/Mid224/train/frog/canon_pseudopaludicola_restinga_717583_20057560.jpeg
train/frog/canon_pseudophilautus_alto_66357_150882.jpeg,frog,train,SUSPICIOUS_LABEL,999.37,112.87,64.23,0.0284,agama,0.2078,data/Mid224/train/frog/canon_pseudophilautus_alto_66357_150882.jpeg
train/frog/canon_pseudophilautus_mooreorum_66384_27491694.jpeg,frog,train,UNDEREXPOSED,198.62,34.02,40.3,0.0452,bulletproof vest,0.42,data/Mid224/train/frog/canon_pseudophilautus_mooreorum_66384_27491694.jpeg
train/frog/canon_pseudophilautus_regius_66397_429406957.jpeg,frog,train,UNDEREXPOSED,190.12,25.92,35.23,0.1059,platypus,0.4132,data/Mid224/train/frog/canon_pseudophilautus_regius_66397_429406957.jpeg
train/frog/canon_pseudophilautus_wynaadensis_26433_291700835.jpeg,frog,train,SUSPICIOUS_LABEL,179.25,35.12,48.26,0.0023,hair slide,0.214,data/Mid224/train/frog/canon_pseudophilautus_wynaadensis_26433_291700835.jpeg
train/frog/canon_ptychadena_anchietae_25778_30550026.jpeg,frog,train,SUSPICIOUS_LABEL,638.42,68.41,29.39,0.025,banded gecko,0.3871,data/Mid224/train/frog/canon_ptychadena_anchietae_25778_30550026.jpeg
train/frog/canon_ptychadena_guibei_25767_115640200.jpeg,frog,train,SUSPICIOUS_LABEL,2521.73,111.87,51.96,0.0011,rock python,0.3331,data/Mid224/train/frog/canon_ptychadena_guibei_25767_115640200.jpeg
train/frog/canon_ptychadena_porosissima_25783_15814493.jpeg,frog,train,SUSPICIOUS_LABEL,1343.81,94.95,50.95,0.0011,nematode,0.3571,data/Mid224/train/frog/canon_ptychadena_porosissima_25783_15814493.jpeg
train/frog/canon_pyxicephalus_beytelli_1545224_64594608.jpeg,frog,train,SUSPICIOUS_LABEL,2446.42,87.93,44.84,0.0157,chain mail,0.3649,data/Mid224/train/frog/canon_pyxicephalus_beytelli_1545224_64594608.jpeg
train/frog/canon_quasipaa_verrucospinosa_67013_160051891.jpeg,frog,train,SUSPICIOUS_LABEL,1116.37,103.45,55.48,0.0004,bluetick,0.3603,data/Mid224/train/frog/canon_quasipaa_verrucospinosa_67013_160051891.jpeg
train/frog/canon_rana_dybowskii_25676_28995645.jpeg,frog,train,SUSPICIOUS_LABEL,454.39,88.66,55.15,0.0188,African chameleon,0.2622,data/Mid224/train/frog/canon_rana_dybowskii_25676_28995645.jpeg
train/frog/canon_rana_macrocnemis_134985_108754722.jpeg,frog,train,SUSPICIOUS_LABEL,633.95,140.33,46.34,0.0226,rock python,0.3468,data/Mid224/train/frog/canon_rana_macrocnemis_134985_108754722.jpeg
train/frog/canon_rana_pirica_25520_49584643.jpeg,frog,train,SUSPICIOUS_LABEL,615.6,54.43,56.85,0.0156,weasel,0.2259,data/Mid224/train/frog/canon_rana_pirica_25520_49584643.jpeg
train/frog/canon_rana_pretiosa_25542_29679535.jpeg,frog,train,SUSPICIOUS_LABEL,2142.28,103.71,56.99,0.0056,common newt,0.5545,data/Mid224/train/frog/canon_rana_pretiosa_25542_29679535.jpeg
train/frog/canon_rana_sakuraii_25521_173079720.jpeg,frog,train,SUSPICIOUS_LABEL,391.38,128.42,85.5,0.0172,isopod,0.3348,data/Mid224/train/frog/canon_rana_sakuraii_25521_173079720.jpeg
train/frog/canon_rana_sauteri_134967_662997505.jpeg,frog,train,SUSPICIOUS_LABEL,466.66,57.79,47.92,0.0055,platypus,0.3665,data/Mid224/train/frog/canon_rana_sauteri_134967_662997505.jpeg
train/frog/canon_rana_sierrae_67022_53560.jpeg,frog,train,SUSPICIOUS_LABEL,1033.79,130.15,53.14,0.0004,seashore,0.3317,data/Mid224/train/frog/canon_rana_sierrae_67022_53560.jpeg
train/frog/canon_ranitomeya_fantastica_67033_367694453.jpeg,frog,train,SUSPICIOUS_LABEL,751.04,98.5,52.29,0.0074,platypus,0.242,data/Mid224/train/frog/canon_ranitomeya_fantastica_67033_367694453.jpeg
train/frog/canon_ranitomeya_sirensis_134970_59935.jpeg,frog,train,SUSPICIOUS_LABEL,932.71,152.07,53.5,0.002,tiger beetle,0.4936,data/Mid224/train/frog/canon_ranitomeya_sirensis_134970_59935.jpeg
train/frog/canon_raorchestes_akroparallagi_70908_132556841.jpeg,frog,train,UNDEREXPOSED,193.84,27.85,41.73,0.8388,tree frog,0.5814,data/Mid224/train/frog/canon_raorchestes_akroparallagi_70908_132556841.jpeg
train/frog/canon_raorchestes_anili_66358_23750806.jpeg,frog,train,SUSPICIOUS_LABEL,442.27,112.47,30.25,0.0134,bluetick,0.3637,data/Mid224/train/frog/canon_raorchestes_anili_66358_23750806.jpeg
train/frog/canon_raorchestes_charius_26284_95333923.jpeg,frog,train,SUSPICIOUS_LABEL,605.95,120.45,35.37,0.02,banded gecko,0.2388,data/Mid224/train/frog/canon_raorchestes_charius_26284_95333923.jpeg
train/frog/canon_raorchestes_griet_26305_104796927.jpeg,frog,train,SUSPICIOUS_LABEL,310.1,56.91,52.01,0.0139,banded gecko,0.727,data/Mid224/train/frog/canon_raorchestes_griet_26305_104796927.jpeg
train/frog/canon_raorchestes_kadalarensis_134810_258030522.jpeg,frog,train,SUSPICIOUS_LABEL,386.52,50.72,55.76,0.0009,barn spider,0.3743,data/Mid224/train/frog/canon_raorchestes_kadalarensis_134810_258030522.jpeg
train/frog/canon_raorchestes_keirasabinae_1250500_303743557.jpeg,frog,train,UNDEREXPOSED,541.07,31.81,33.94,0.0259,hen-of-the-woods,0.0482,data/Mid224/train/frog/canon_raorchestes_keirasabinae_1250500_303743557.jpeg
train/frog/canon_raorchestes_tuberohumerus_26310_283568221.jpeg,frog,train,SUSPICIOUS_LABEL,424.78,54.53,52.72,0.026,electric ray,0.3133,data/Mid224/train/frog/canon_raorchestes_tuberohumerus_26310_283568221.jpeg
train/frog/canon_rhacophorus_annamensis_134973_6697862.jpeg,frog,train,SUSPICIOUS_LABEL,668.51,60.22,60.41,0.0114,African chameleon,0.2516,data/Mid224/train/frog/canon_rhacophorus_annamensis_134973_6697862.jpeg
train/frog/canon_rhacophorus_calcaneus_26465_434380183.jpeg,frog,train,OVEREXPOSED,243.38,225.9,48.67,0.949,tailed frog,0.6298,data/Mid224/train/frog/canon_rhacophorus_calcaneus_26465_434380183.jpeg
train/frog/canon_rhacophorus_edentulus_26538_24851083.jpeg,frog,train,UNDEREXPOSED;SUSPICIOUS_LABEL,345.38,32.93,44.38,0.0,quill,0.4122,data/Mid224/train/frog/canon_rhacophorus_edentulus_26538_24851083.jpeg
train/frog/canon_rhacophorus_lateralis_26494_25388024.jpeg,frog,train,UNDEREXPOSED,296.72,27.35,40.93,0.3717,African chameleon,0.3548,data/Mid224/train/frog/canon_rhacophorus_lateralis_26494_25388024.jpeg
train/frog/canon_rhacophorus_norhayatiae_1250468_363331924.jpeg,frog,train,SUSPICIOUS_LABEL,452.07,63.75,52.94,0.0285,bulletproof vest,0.219,data/Mid224/train/frog/canon_rhacophorus_norhayatiae_1250468_363331924.jpeg
train/frog/canon_rhinella_acutirostris_67088_10559744.jpeg,frog,train,SUSPICIOUS_LABEL,142.01,52.36,22.39,0.014,banded gecko,0.2491,data/Mid224/train/frog/canon_rhinella_acutirostris_67088_10559744.jpeg
train/frog/canon_rhinella_arunco_67094_253240182.jpeg,frog,train,SUSPICIOUS_LABEL,533.46,60.88,52.48,0.0354,fox squirrel,0.2162,data/Mid224/train/frog/canon_rhinella_arunco_67094_253240182.jpeg
train/frog/canon_rhinella_atacamensis_67095_38270000.jpeg,frog,train,SUSPICIOUS_LABEL,253.9,143.9,39.46,0.0031,promontory,0.2946,data/Mid224/train/frog/canon_rhinella_atacamensis_67095_38270000.jpeg
train/frog/canon_rhinella_casconi_476606_115443327.jpeg,frog,train,SUSPICIOUS_LABEL,1253.27,116.28,53.29,0.0351,frilled lizard,0.492,data/Mid224/train/frog/canon_rhinella_casconi_476606_115443327.jpeg
train/frog/canon_rhinella_henseli_67115_37504309.jpeg,frog,train,SUSPICIOUS_LABEL,1673.95,132.97,49.6,0.0077,nematode,0.2393,data/Mid224/train/frog/canon_rhinella_henseli_67115_37504309.jpeg
train/frog/canon_rhinella_proboscidea_67138_67244996.jpeg,frog,train,SUSPICIOUS_LABEL,476.93,163.81,73.92,0.0449,common newt,0.2545,data/Mid224/train/frog/canon_rhinella_proboscidea_67138_67244996.jpeg
train/frog/canon_rhinella_ruizi_67145_93270718.jpeg,frog,train,SUSPICIOUS_LABEL,861.16,73.4,43.04,0.0018,curly-coated retriever,0.3484,data/Mid224/train/frog/canon_rhinella_ruizi_67145_93270718.jpeg
train/frog/canon_rhinella_tenrec_67155_116469901.jpeg,frog,train,SUSPICIOUS_LABEL,258.95,64.01,26.01,0.0161,platypus,0.3642,data/Mid224/train/frog/canon_rhinella_tenrec_67155_116469901.jpeg
train/frog/canon_sachatamia_punctulata_21235_65575.jpeg,frog,train,SUSPICIOUS_LABEL,531.34,40.94,53.46,0.0001,slide rule,0.3723,data/Mid224/train/frog/canon_sachatamia_punctulata_21235_65575.jpeg
train/frog/canon_sandyrana_tenuigranulata_1633198_78752725.jpeg,frog,train,SUSPICIOUS_LABEL,628.57,88.36,39.62,0.0315,African chameleon,0.3724,data/Mid224/train/frog/canon_sandyrana_tenuigranulata_1633198_78752725.jpeg
train/frog/canon_scaphiophryne_gottlebei_25120_189839976.jpeg,frog,train,SUSPICIOUS_LABEL,909.91,121.09,43.99,0.0102,black grouse,0.2377,data/Mid224/train/frog/canon_scaphiophryne_gottlebei_25120_189839976.jpeg
train/frog/canon_scinax_acuminatus_24321_145763.jpeg,frog,train,SUSPICIOUS_LABEL,702.07,67.16,66.4,0.0009,half track,0.2194,data/Mid224/train/frog/canon_scinax_acuminatus_24321_145763.jpeg
train/frog/canon_scinax_alter_24293_128119285.jpeg,frog,train,SUSPICIOUS_LABEL,822.99,56.49,80.04,0.0002,gazelle,0.2522,data/Mid224/train/frog/canon_scinax_alter_24293_128119285.jpeg
train/frog/canon_scinax_ictericus_24339_43044479.jpeg,frog,train,SUSPICIOUS_LABEL,718.34,92.86,76.57,0.0022,milk can,0.5008,data/Mid224/train/frog/canon_scinax_ictericus_24339_43044479.jpeg
train/frog/canon_scinax_staufferi_24323_383984.jpeg,frog,train,SUSPICIOUS_LABEL,410.6,114.89,25.14,0.0233,platypus,0.684,data/Mid224/train/frog/canon_scinax_staufferi_24323_383984.jpeg
train/frog/canon_scinax_tymbamirim_199795_183408499.jpeg,frog,train,UNDEREXPOSED,196.97,30.34,35.9,0.0154,platypus,0.941,data/Mid224/train/frog/canon_scinax_tymbamirim_199795_183408499.jpeg
train/frog/canon_sclerophrys_brauni_517454_30232792.jpeg,frog,train,SUSPICIOUS_LABEL,799.87,130.58,39.19,0.0321,rock python,0.254,data/Mid224/train/frog/canon_sclerophrys_brauni_517454_30232792.jpeg
train/frog/canon_sclerophrys_pentoni_517122_186390850.jpeg,frog,train,SUSPICIOUS_LABEL,444.93,72.66,71.07,0.0382,banded gecko,0.2361,data/Mid224/train/frog/canon_sclerophrys_pentoni_517122_186390850.jpeg
train/frog/canon_sclerophrys_poweri_517056_100371.jpeg,frog,train,SUSPICIOUS_LABEL,832.82,129.86,50.34,0.0025,sidewinder,0.3781,data/Mid224/train/frog/canon_sclerophrys_poweri_517056_100371.jpeg
train/frog/canon_semnodactylus_wealii_23528_15843202.jpeg,frog,train,SUSPICIOUS_LABEL,1431.26,123.97,54.44,0.0067,rock python,0.3831,data/Mid224/train/frog/canon_semnodactylus_wealii_23528_15843202.jpeg
train/frog/canon_serranobatrachus_ruthveni_1423554_212755373.jpeg,frog,train,SUSPICIOUS_LABEL,1659.19,91.24,67.61,0.0039,coral reef,0.2034,data/Mid224/train/frog/canon_serranobatrachus_ruthveni_1423554_212755373.jpeg
train/frog/canon_smilisca_puma_24273_1738358.jpeg,frog,train,UNDEREXPOSED,280.6,29.89,48.96,0.1475,reel,0.4581,data/Mid224/train/frog/canon_smilisca_puma_24273_1738358.jpeg
train/frog/canon_spea_hammondii_26702_12739833.jpeg,frog,train,SUSPICIOUS_LABEL,707.54,77.74,28.11,0.015,nematode,0.5203,data/Mid224/train/frog/canon_spea_hammondii_26702_12739833.jpeg
train/frog/canon_spicicalyx_eucnemis_1633203_344749873.jpeg,frog,train,SUSPICIOUS_LABEL,475.42,71.55,62.15,0.0134,African chameleon,0.524,data/Mid224/train/frog/canon_spicicalyx_eucnemis_1633203_344749873.jpeg
train/frog/canon_spinomantis_aglavei_67193_2286731.jpeg,frog,train,SUSPICIOUS_LABEL,2097.26,95.78,54.29,0.0255,common newt,0.2845,data/Mid224/train/frog/canon_spinomantis_aglavei_67193_2286731.jpeg
train/frog/canon_strabomantis_ruizi_67218_335991255.jpeg,frog,train,SUSPICIOUS_LABEL,308.09,116.74,57.29,0.0074,tank,0.4194,data/Mid224/train/frog/canon_strabomantis_ruizi_67218_335991255.jpeg
train/frog/canon_strongylopus_bonaespei_26212_203553151.jpeg,frog,train,SUSPICIOUS_LABEL,1259.57,187.74,82.77,0.0073,hair slide,0.2888,data/Mid224/train/frog/canon_strongylopus_bonaespei_26212_203553151.jpeg
train/frog/canon_stumpffia_achillei_923361_57752894.jpeg,frog,train,SUSPICIOUS_LABEL,684.26,110.34,47.43,0.0045,bulletproof vest,0.2266,data/Mid224/train/frog/canon_stumpffia_achillei_923361_57752894.jpeg
train/frog/canon_taruga_fastigo_135142_32338455.jpeg,frog,train,SUSPICIOUS_LABEL,819.57,78.59,41.09,0.037,platypus,0.3363,data/Mid224/train/frog/canon_taruga_fastigo_135142_32338455.jpeg
train/frog/canon_taruga_longinasus_135143_352159687.jpeg,frog,train,UNDEREXPOSED,260.02,26.87,36.61,0.0025,quill,0.177,data/Mid224/train/frog/canon_taruga_longinasus_135143_352159687.jpeg
train/frog/canon_theloderma_asperum_134981_344100668.jpeg,frog,train,SUSPICIOUS_LABEL,397.57,55.34,36.86,0.001,English foxhound,0.2157,data/Mid224/train/frog/canon_theloderma_asperum_134981_344100668.jpeg
train/frog/canon_theloderma_gordoni_26647_169359884.jpeg,frog,train,SUSPICIOUS_LABEL,671.34,43.78,49.97,0.0036,curly-coated retriever,0.3082,data/Mid224/train/frog/canon_theloderma_gordoni_26647_169359884.jpeg
train/frog/canon_theloderma_horridum_26648_41389987.jpeg,frog,train,SUSPICIOUS_LABEL,1341.36,76.78,53.88,0.0367,banded gecko,0.2456,data/Mid224/train/frog/canon_theloderma_horridum_26648_41389987.jpeg
train/frog/canon_theloderma_lateriticum_70969_59690172.jpeg,frog,train,SUSPICIOUS_LABEL,1328.93,122.8,63.43,0.0013,ibex,0.3202,data/Mid224/train/frog/canon_theloderma_lateriticum_70969_59690172.jpeg
train/frog/canon_tomopterna_ahli_992003_257769033.jpeg,frog,train,LOW_CONTRAST,190.35,117.91,16.3,0.0051,sidewinder,0.1535,data/Mid224/train/frog/canon_tomopterna_ahli_992003_257769033.jpeg
train/frog/canon_tomopterna_tuberculosa_25804_17454639.jpeg,frog,train,SUSPICIOUS_LABEL,957.02,86.57,39.87,0.0015,banded gecko,0.4833,data/Mid224/train/frog/canon_tomopterna_tuberculosa_25804_17454639.jpeg
train/frog/canon_trachycephalus_cunauaru_476589_251810762.jpeg,frog,train,SUSPICIOUS_LABEL,460.59,38.05,44.62,0.0014,platypus,0.3894,data/Mid224/train/frog/canon_trachycephalus_cunauaru_476589_251810762.jpeg
train/frog/canon_triprion_spinosus_717480_271414171.jpeg,frog,train,SUSPICIOUS_LABEL,390.16,75.0,38.34,0.0013,bluetick,0.529,data/Mid224/train/frog/canon_triprion_spinosus_717480_271414171.jpeg
train/frog/canon_uperodon_triangularis_476326_5417861.jpeg,frog,train,SUSPICIOUS_LABEL,719.13,127.02,48.1,0.0275,spotted salamander,0.2016,data/Mid224/train/frog/canon_uperodon_triangularis_476326_5417861.jpeg
train/frog/canon_vitreorana_eurygnatha_21344_71956.jpeg,frog,train,SUSPICIOUS_LABEL,1103.9,94.51,59.8,0.0332,head cabbage,0.4715,data/Mid224/train/frog/canon_vitreorana_eurygnatha_21344_71956.jpeg
train/frog/canon_walkerana_leptodactyla_604149_456271.jpeg,frog,train,SUSPICIOUS_LABEL,674.66,68.32,35.44,0.0106,banded gecko,0.2093,data/Mid224/train/frog/canon_walkerana_leptodactyla_604149_456271.jpeg
train/frog/canon_xenophrys_major_1250417_312837748.jpeg,frog,train,SUSPICIOUS_LABEL,1191.51,88.03,43.11,0.0139,banded gecko,0.2289,data/Mid224/train/frog/canon_xenophrys_major_1250417_312837748.jpeg
train/frog/canon_xenophrys_mangshanensis_1250418_290434041.jpeg,frog,train,SUSPICIOUS_LABEL,790.24,47.83,43.66,0.0014,weasel,0.4111,data/Mid224/train/frog/canon_xenophrys_mangshanensis_1250418_290434041.jpeg
train/frog/canon_xenophrys_maosonensis_1250419_212276899.jpeg,frog,train,SUSPICIOUS_LABEL,957.18,60.65,38.82,0.0134,platypus,0.2582,data/Mid224/train/frog/canon_xenophrys_maosonensis_1250419_212276899.jpeg
train/frog/canon_xenophrys_medogensis_1250420_336133061.jpeg,frog,train,SUSPICIOUS_LABEL,647.27,124.48,56.15,0.0235,bloodhound,0.4371,data/Mid224/train/frog/canon_xenophrys_medogensis_1250420_336133061.jpeg
train/frog/canon_xenopus_muelleri_25459_48259688.jpeg,frog,train,SUSPICIOUS_LABEL,456.3,178.58,77.04,0.0067,scorpion,0.2777,data/Mid224/train/frog/canon_xenopus_muelleri_25459_48259688.jpeg
train/frog/canon_xenopus_petersii_25448_428523.jpeg,frog,train,SUSPICIOUS_LABEL,258.21,172.76,82.57,0.0,Irish water spaniel,0.2685,data/Mid224/train/frog/canon_xenopus_petersii_25448_428523.jpeg
train/frog/canon_xenopus_victorianus_67273_113497302.jpeg,frog,train,SUSPICIOUS_LABEL,154.38,93.82,20.9,0.012,banded gecko,0.3494,data/Mid224/train/frog/canon_xenopus_victorianus_67273_113497302.jpeg
train/frog/canon_zhangixalus_chenfui_923282_500844787.jpeg,frog,train,SUSPICIOUS_LABEL,392.7,49.13,36.64,0.0495,African chameleon,0.3531,data/Mid224/train/frog/canon_zhangixalus_chenfui_923282_500844787.jpeg
train/frog/canon_zhangixalus_feae_923287_494690370.jpeg,frog,train,UNDEREXPOSED,286.66,27.02,32.56,0.0276,African chameleon,0.4325,data/Mid224/train/frog/canon_zhangixalus_feae_923287_494690370.jpeg
train/frog/field_acris_blanchardi_70421_obs_120852907_204447253.jpeg,frog,train,LOW_CONTRAST,149.37,112.29,17.13,0.0055,nematode,0.0779,data/Mid224/train/frog/field_acris_blanchardi_70421_obs_120852907_204447253.jpeg
train/frog/field_acris_blanchardi_70421_obs_121358221_205351907.jpeg,frog,train,LOW_CONTRAST,110.29,83.77,17.4,0.0004,nematode,0.0541,data/Mid224/train/frog/field_acris_blanchardi_70421_obs_121358221_205351907.jpeg
train/frog/field_acris_blanchardi_70421_obs_144340494_247713074.jpeg,frog,train,SUSPICIOUS_LABEL,1205.82,110.31,54.41,0.0451,spotted salamander,0.2044,data/Mid224/train/frog/field_acris_blanchardi_70421_obs_144340494_247713074.jpeg
train/frog/field_acris_blanchardi_70421_obs_17570688_26745225.jpeg,frog,train,SUSPICIOUS_LABEL,1565.89,110.75,48.14,0.0024,garter snake,0.4748,data/Mid224/train/frog/field_acris_blanchardi_70421_obs_17570688_26745225.jpeg
train/frog/field_acris_blanchardi_70421_obs_25853614_40090020.jpeg,frog,train,BLURRY,70.91,42.34,41.55,0.0009,bulletproof vest,0.0684,data/Mid224/train/frog/field_acris_blanchardi_70421_obs_25853614_40090020.jpeg
train/frog/field_acris_blanchardi_70421_obs_267579139_480877018.jpeg,frog,train,SUSPICIOUS_LABEL,2707.28,92.55,61.11,0.0018,fox squirrel,0.2744,data/Mid224/train/frog/field_acris_blanchardi_70421_obs_267579139_480877018.jpeg
train/frog/field_acris_blanchardi_70421_obs_302826545_545773041.jpeg,frog,train,SUSPICIOUS_LABEL,224.16,142.89,47.57,0.002,barn spider,0.3065,data/Mid224/train/frog/field_acris_blanchardi_70421_obs_302826545_545773041.jpeg
train/frog/field_acris_blanchardi_70421_obs_319646685_577830208.jpeg,frog,train,SUSPICIOUS_LABEL,1270.6,82.07,62.54,0.0199,barn spider,0.2453,data/Mid224/train/frog/field_acris_blanchardi_70421_obs_319646685_577830208.jpeg
train/frog/field_acris_blanchardi_70421_obs_321442086_581335173.jpeg,frog,train,SUSPICIOUS_LABEL,6352.08,108.47,64.37,0.0001,cliff,0.3184,data/Mid224/train/frog/field_acris_blanchardi_70421_obs_321442086_581335173.jpeg
train/frog/field_acris_blanchardi_70421_obs_328117784_594510228.jpeg,frog,train,SUSPICIOUS_LABEL,1854.03,125.58,57.23,0.0114,tiger,0.2095,data/Mid224/train/frog/field_acris_blanchardi_70421_obs_328117784_594510228.jpeg
train/frog/field_acris_blanchardi_70421_obs_3394918_3927162.jpeg,frog,train,SUSPICIOUS_LABEL,1780.11,108.56,57.19,0.0035,hen-of-the-woods,0.5365,data/Mid224/train/frog/field_acris_blanchardi_70421_obs_3394918_3927162.jpeg
train/frog/field_acris_blanchardi_70421_obs_47191804_74841894.jpeg,frog,train,SUSPICIOUS_LABEL,1852.2,168.01,60.51,0.007,proboscis monkey,0.2085,data/Mid224/train/frog/field_acris_blanchardi_70421_obs_47191804_74841894.jpeg
train/frog/field_acris_blanchardi_70421_obs_61693306_98746721.jpeg,frog,train,SUSPICIOUS_LABEL,1441.29,134.88,31.46,0.0059,barn spider,0.4287,data/Mid224/train/frog/field_acris_blanchardi_70421_obs_61693306_98746721.jpeg
train/frog/field_acris_blanchardi_70421_obs_72230577_117729045.jpeg,frog,train,SUSPICIOUS_LABEL,716.93,107.74,52.76,0.0163,platypus,0.3592,data/Mid224/train/frog/field_acris_blanchardi_70421_obs_72230577_117729045.jpeg
train/frog/field_acris_blanchardi_70421_obs_92702926_153532875.jpeg,frog,train,SUSPICIOUS_LABEL,2169.72,112.16,66.3,0.0001,proboscis monkey,0.6306,data/Mid224/train/frog/field_acris_blanchardi_70421_obs_92702926_153532875.jpeg
train/frog/field_acris_crepitans_24230_obs_102049855_170516858.jpeg,frog,train,SUSPICIOUS_LABEL,228.31,70.56,30.4,0.0062,airship,0.2121,data/Mid224/train/frog/field_acris_crepitans_24230_obs_102049855_170516858.jpeg
train/frog/field_acris_crepitans_24230_obs_134266542_228834113.jpeg,frog,train,SUSPICIOUS_LABEL,510.73,130.43,39.48,0.0086,red-breasted merganser,0.2174,data/Mid224/train/frog/field_acris_crepitans_24230_obs_134266542_228834113.jpeg
train/frog/field_acris_crepitans_24230_obs_152253935_262809314.jpeg,frog,train,SUSPICIOUS_LABEL,2155.96,118.45,63.12,0.0029,gyromitra,0.494,data/Mid224/train/frog/field_acris_crepitans_24230_obs_152253935_262809314.jpeg
train/frog/field_acris_crepitans_24230_obs_188526643_329991823.jpeg,frog,train,SUSPICIOUS_LABEL,1198.22,117.69,62.0,0.0004,bulletproof vest,0.666,data/Mid224/train/frog/field_acris_crepitans_24230_obs_188526643_329991823.jpeg
train/frog/field_acris_crepitans_24230_obs_215895431_381759575.jpeg,frog,train,SUSPICIOUS_LABEL,1212.89,111.35,50.98,0.0225,gyromitra,0.3545,data/Mid224/train/frog/field_acris_crepitans_24230_obs_215895431_381759575.jpeg
train/frog/field_acris_crepitans_24230_obs_222148174_393477121.jpeg,frog,train,UNDEREXPOSED,492.3,34.59,23.21,0.0519,platypus,0.1616,data/Mid224/train/frog/field_acris_crepitans_24230_obs_222148174_393477121.jpeg
train/frog/field_acris_crepitans_24230_obs_23809837_36840561.jpeg,frog,train,SUSPICIOUS_LABEL,154.53,100.51,31.94,0.0002,electric ray,0.3428,data/Mid224/train/frog/field_acris_crepitans_24230_obs_23809837_36840561.jpeg
train/frog/field_acris_crepitans_24230_obs_241917420_431216036.jpeg,frog,train,SUSPICIOUS_LABEL,376.32,157.6,36.34,0.0208,African chameleon,0.3113,data/Mid224/train/frog/field_acris_crepitans_24230_obs_241917420_431216036.jpeg
train/frog/field_acris_crepitans_24230_obs_36453337_57623729.jpeg,frog,train,SUSPICIOUS_LABEL,1827.4,104.01,57.16,0.0019,whiptail,0.2311,data/Mid224/train/frog/field_acris_crepitans_24230_obs_36453337_57623729.jpeg
train/frog/field_acris_crepitans_24230_obs_37677498_59780128.jpeg,frog,train,LOW_CONTRAST,158.32,39.94,16.99,0.0003,jersey,0.1219,data/Mid224/train/frog/field_acris_crepitans_24230_obs_37677498_59780128.jpeg
train/frog/field_acris_crepitans_24230_obs_40895644_64835823.jpeg,frog,train,SUSPICIOUS_LABEL,2381.72,128.34,58.84,0.0011,brambling,0.5737,data/Mid224/train/frog/field_acris_crepitans_24230_obs_40895644_64835823.jpeg
train/frog/field_acris_crepitans_24230_obs_41779063_66288778.jpeg,frog,train,SUSPICIOUS_LABEL,2308.74,115.96,57.75,0.0001,Kerry blue terrier,0.8397,data/Mid224/train/frog/field_acris_crepitans_24230_obs_41779063_66288778.jpeg
train/frog/field_acris_crepitans_24230_obs_98928884_164818560.jpeg,frog,train,SUSPICIOUS_LABEL,2587.71,88.68,56.21,0.0021,Kerry blue terrier,0.2019,data/Mid224/train/frog/field_acris_crepitans_24230_obs_98928884_164818560.jpeg
train/frog/field_anaxyrus_americanus_64968_obs_110807787_186984499.jpeg,frog,train,SUSPICIOUS_LABEL,936.51,97.61,38.5,0.0001,jigsaw puzzle,0.246,data/Mid224/train/frog/field_anaxyrus_americanus_64968_obs_110807787_186984499.jpeg
train/frog/field_anaxyrus_americanus_64968_obs_122818366_207990009.jpeg,frog,train,SUSPICIOUS_LABEL,388.06,126.58,51.27,0.0001,bulletproof vest,0.4134,data/Mid224/train/frog/field_anaxyrus_americanus_64968_obs_122818366_207990009.jpeg
train/frog/field_anaxyrus_americanus_64968_obs_127792998_216992987.jpeg,frog,train,SUSPICIOUS_LABEL,263.31,89.01,36.16,0.0002,projectile,0.3118,data/Mid224/train/frog/field_anaxyrus_americanus_64968_obs_127792998_216992987.jpeg
train/frog/field_anaxyrus_americanus_64968_obs_127792998_216993009.jpeg,frog,train,SUSPICIOUS_LABEL,208.96,86.26,34.36,0.0016,dugong,0.4667,data/Mid224/train/frog/field_anaxyrus_americanus_64968_obs_127792998_216993009.jpeg
train/frog/field_anaxyrus_americanus_64968_obs_139181976_238008641.jpeg,frog,train,UNDEREXPOSED,111.21,32.75,37.74,0.0288,electric ray,0.076,data/Mid224/train/frog/field_anaxyrus_americanus_64968_obs_139181976_238008641.jpeg
train/frog/field_anaxyrus_americanus_64968_obs_183786436_320688118.jpeg,frog,train,SUSPICIOUS_LABEL,6175.44,82.44,59.85,0.0055,gyromitra,0.5147,data/Mid224/train/frog/field_anaxyrus_americanus_64968_obs_183786436_320688118.jpeg
train/frog/field_anaxyrus_americanus_64968_obs_187082898_327095470.jpeg,frog,train,SUSPICIOUS_LABEL,707.86,81.05,38.89,0.023,platypus,0.3195,data/Mid224/train/frog/field_anaxyrus_americanus_64968_obs_187082898_327095470.jpeg
train/frog/field_anaxyrus_americanus_64968_obs_212219787_375044688.jpeg,frog,train,SUSPICIOUS_LABEL,750.11,103.23,82.12,0.0015,bulletproof vest,0.2045,data/Mid224/train/frog/field_anaxyrus_americanus_64968_obs_212219787_375044688.jpeg
train/frog/field_anaxyrus_americanus_64968_obs_241732359_430861027.jpeg,frog,train,UNDEREXPOSED,107.79,12.25,25.94,0.0003,spotlight,0.109,data/Mid224/train/frog/field_anaxyrus_americanus_64968_obs_241732359_430861027.jpeg
train/frog/field_anaxyrus_americanus_64968_obs_258545380_463902007.jpeg,frog,train,SUSPICIOUS_LABEL,563.05,143.0,65.51,0.002,tank,0.2629,data/Mid224/train/frog/field_anaxyrus_americanus_64968_obs_258545380_463902007.jpeg
train/frog/field_anaxyrus_americanus_64968_obs_26843017_41706268.jpeg,frog,train,SUSPICIOUS_LABEL,750.06,113.72,46.31,0.0242,black grouse,0.3451,data/Mid224/train/frog/field_anaxyrus_americanus_64968_obs_26843017_41706268.jpeg
train/frog/field_anaxyrus_americanus_64968_obs_32027562_50190852.jpeg,frog,train,SUSPICIOUS_LABEL,1009.16,77.67,41.13,0.0009,fox squirrel,0.2935,data/Mid224/train/frog/field_anaxyrus_americanus_64968_obs_32027562_50190852.jpeg
train/frog/field_anaxyrus_americanus_64968_obs_327646133_593623350.jpeg,frog,train,UNDEREXPOSED,220.3,28.3,34.69,0.0029,oxygen mask,0.1885,data/Mid224/train/frog/field_anaxyrus_americanus_64968_obs_327646133_593623350.jpeg
train/frog/field_anaxyrus_americanus_64968_obs_343014350_624741849.jpeg,frog,train,SUSPICIOUS_LABEL,508.39,174.45,60.58,0.0124,terrapin,0.2073,data/Mid224/train/frog/field_anaxyrus_americanus_64968_obs_343014350_624741849.jpeg
train/frog/field_anaxyrus_americanus_64968_obs_53618584_85286888.jpeg,frog,train,SUSPICIOUS_LABEL,660.42,108.84,43.88,0.0004,pot,0.2213,data/Mid224/train/frog/field_anaxyrus_americanus_64968_obs_53618584_85286888.jpeg
train/frog/field_anaxyrus_americanus_64968_obs_59732390_95460782.jpeg,frog,train,SUSPICIOUS_LABEL,1567.34,116.71,62.32,0.0023,gyromitra,0.2872,data/Mid224/train/frog/field_anaxyrus_americanus_64968_obs_59732390_95460782.jpeg
train/frog/field_anaxyrus_americanus_64968_obs_8379018_11143097.jpeg,frog,train,SUSPICIOUS_LABEL,1726.25,118.19,54.06,0.0187,hen-of-the-woods,0.4219,data/Mid224/train/frog/field_anaxyrus_americanus_64968_obs_8379018_11143097.jpeg
train/frog/field_anaxyrus_boreas_64970_obs_102765339_171854655.jpeg,frog,train,SUSPICIOUS_LABEL,205.03,109.66,42.64,0.0023,Band Aid,0.5426,data/Mid224/train/frog/field_anaxyrus_boreas_64970_obs_102765339_171854655.jpeg
train/frog/field_anaxyrus_boreas_64970_obs_13777443_20315563.jpeg,frog,train,SUSPICIOUS_LABEL,7103.59,114.73,65.99,0.0216,spotted salamander,0.2115,data/Mid224/train/frog/field_anaxyrus_boreas_64970_obs_13777443_20315563.jpeg
train/frog/field_anaxyrus_boreas_64970_obs_223437586_395904125.jpeg,frog,train,SUSPICIOUS_LABEL,297.16,114.65,31.28,0.002,barn spider,0.8358,data/Mid224/train/frog/field_anaxyrus_boreas_64970_obs_223437586_395904125.jpeg
train/frog/field_anaxyrus_boreas_64970_obs_22806944_35348250.jpeg,frog,train,SUSPICIOUS_LABEL,602.67,95.01,46.74,0.001,tank,0.445,data/Mid224/train/frog/field_anaxyrus_boreas_64970_obs_22806944_35348250.jpeg
train/frog/field_anaxyrus_boreas_64970_obs_24090817_37253414.jpeg,frog,train,SUSPICIOUS_LABEL,758.47,89.74,32.16,0.0046,barn spider,0.6646,data/Mid224/train/frog/field_anaxyrus_boreas_64970_obs_24090817_37253414.jpeg
train/frog/field_anaxyrus_boreas_64970_obs_297628102_536025748.jpeg,frog,train,SUSPICIOUS_LABEL,736.9,136.83,44.86,0.0059,stone wall,0.2173,data/Mid224/train/frog/field_anaxyrus_boreas_64970_obs_297628102_536025748.jpeg
train/frog/field_anaxyrus_boreas_64970_obs_374513717_684552957.jpeg,frog,train,SUSPICIOUS_LABEL,700.35,149.25,28.26,0.0058,barn spider,0.349,data/Mid224/train/frog/field_anaxyrus_boreas_64970_obs_374513717_684552957.jpeg
train/frog/field_anaxyrus_boreas_64970_obs_377300555_689941170.jpeg,frog,train,SUSPICIOUS_LABEL,1478.54,126.36,65.43,0.0264,head cabbage,0.2898,data/Mid224/train/frog/field_anaxyrus_boreas_64970_obs_377300555_689941170.jpeg
train/frog/field_anaxyrus_boreas_64970_obs_85817022_141260758.jpeg,frog,train,SUSPICIOUS_LABEL,880.15,122.74,33.26,0.0129,barn spider,0.2585,data/Mid224/train/frog/field_anaxyrus_boreas_64970_obs_85817022_141260758.jpeg
train/frog/field_anaxyrus_boreas_64970_obs_86956125_143341299.jpeg,frog,train,SUSPICIOUS_LABEL,642.12,108.55,33.85,0.0144,banded gecko,0.6851,data/Mid224/train/frog/field_anaxyrus_boreas_64970_obs_86956125_143341299.jpeg
train/frog/field_anaxyrus_boreas_64970_obs_92255594_152725424.jpeg,frog,train,SUSPICIOUS_LABEL,438.67,103.65,74.58,0.0,nipple,0.2015,data/Mid224/train/frog/field_anaxyrus_boreas_64970_obs_92255594_152725424.jpeg
train/frog/field_anaxyrus_fowleri_64977_obs_120357472_203554946.jpeg,frog,train,SUSPICIOUS_LABEL,403.5,140.55,22.05,0.0028,wall clock,0.3093,data/Mid224/train/frog/field_anaxyrus_fowleri_64977_obs_120357472_203554946.jpeg
train/frog/field_anaxyrus_fowleri_64977_obs_155394434_268607888.jpeg,frog,train,SUSPICIOUS_LABEL,1215.72,96.69,40.98,0.0088,dugong,0.3766,data/Mid224/train/frog/field_anaxyrus_fowleri_64977_obs_155394434_268607888.jpeg
train/frog/field_anaxyrus_fowleri_64977_obs_175757183_305477838.jpeg,frog,train,SUSPICIOUS_LABEL,2918.67,138.94,46.31,0.0012,magnetic compass,0.2826,data/Mid224/train/frog/field_anaxyrus_fowleri_64977_obs_175757183_305477838.jpeg
train/frog/field_anaxyrus_fowleri_64977_obs_221099501_391523638.jpeg,frog,train,SUSPICIOUS_LABEL,2414.18,130.29,51.98,0.0013,earthstar,0.3283,data/Mid224/train/frog/field_anaxyrus_fowleri_64977_obs_221099501_391523638.jpeg
train/frog/field_anaxyrus_fowleri_64977_obs_251053318_449129516.jpeg,frog,train,SUSPICIOUS_LABEL,967.53,168.72,39.04,0.0021,tick,0.3621,data/Mid224/train/frog/field_anaxyrus_fowleri_64977_obs_251053318_449129516.jpeg
train/frog/field_anaxyrus_fowleri_64977_obs_293778852_528733100.jpeg,frog,train,SUSPICIOUS_LABEL,709.7,158.51,57.29,0.0045,earthstar,0.3132,data/Mid224/train/frog/field_anaxyrus_fowleri_64977_obs_293778852_528733100.jpeg
train/frog/field_anaxyrus_fowleri_64977_obs_31161192_48744465.jpeg,frog,train,SUSPICIOUS_LABEL,1425.04,104.52,49.63,0.0008,bulletproof vest,0.5724,data/Mid224/train/frog/field_anaxyrus_fowleri_64977_obs_31161192_48744465.jpeg
train/frog/field_anaxyrus_fowleri_64977_obs_3129429_3620810.jpeg,frog,train,LOW_CONTRAST,215.61,148.49,17.01,0.0021,nematode,0.0861,data/Mid224/train/frog/field_anaxyrus_fowleri_64977_obs_3129429_3620810.jpeg
train/frog/field_anaxyrus_fowleri_64977_obs_48829119_77494630.jpeg,frog,train,SUSPICIOUS_LABEL,3891.87,120.87,62.34,0.0013,pot,0.3044,data/Mid224/train/frog/field_anaxyrus_fowleri_64977_obs_48829119_77494630.jpeg
train/frog/field_anaxyrus_fowleri_64977_obs_51492480_81816150.jpeg,frog,train,SUSPICIOUS_LABEL,708.61,170.26,40.48,0.0001,hair slide,0.3756,data/Mid224/train/frog/field_anaxyrus_fowleri_64977_obs_51492480_81816150.jpeg
train/frog/field_anaxyrus_fowleri_64977_obs_57535577_91844299.jpeg,frog,train,SUSPICIOUS_LABEL,151.62,122.27,52.2,0.026,tick,0.2658,data/Mid224/train/frog/field_anaxyrus_fowleri_64977_obs_57535577_91844299.jpeg
train/frog/field_anaxyrus_fowleri_64977_obs_60456566_96672276.jpeg,frog,train,SUSPICIOUS_LABEL,977.13,134.93,46.38,0.0169,head cabbage,0.2207,data/Mid224/train/frog/field_anaxyrus_fowleri_64977_obs_60456566_96672276.jpeg
train/frog/field_anaxyrus_fowleri_64977_obs_86276142_142103458.jpeg,frog,train,SUSPICIOUS_LABEL,1043.59,57.01,39.23,0.0011,hen-of-the-woods,0.2236,data/Mid224/train/frog/field_anaxyrus_fowleri_64977_obs_86276142_142103458.jpeg
train/frog/field_anaxyrus_punctatus_64984_obs_111492098_188220701.jpeg,frog,train,SUSPICIOUS_LABEL,2022.37,118.35,60.58,0.0054,hen-of-the-woods,0.4129,data/Mid224/train/frog/field_anaxyrus_punctatus_64984_obs_111492098_188220701.jpeg
train/frog/field_anaxyrus_punctatus_64984_obs_132484734_225607700.jpeg,frog,train,SUSPICIOUS_LABEL,3203.49,135.84,49.37,0.0067,Kerry blue terrier,0.3167,data/Mid224/train/frog/field_anaxyrus_punctatus_64984_obs_132484734_225607700.jpeg
train/frog/field_anaxyrus_punctatus_64984_obs_156609183_270824888.jpeg,frog,train,SUSPICIOUS_LABEL,1057.22,153.31,44.02,0.0006,Kerry blue terrier,0.5571,data/Mid224/train/frog/field_anaxyrus_punctatus_64984_obs_156609183_270824888.jpeg
train/frog/field_anaxyrus_punctatus_64984_obs_206539538_365292064.jpeg,frog,train,SUSPICIOUS_LABEL,1051.94,100.57,76.86,0.0175,tank,0.2101,data/Mid224/train/frog/field_anaxyrus_punctatus_64984_obs_206539538_365292064.jpeg
train/frog/field_anaxyrus_punctatus_64984_obs_235847711_419500288.jpeg,frog,train,SUSPICIOUS_LABEL,2303.51,160.74,43.11,0.0003,Kerry blue terrier,0.2015,data/Mid224/train/frog/field_anaxyrus_punctatus_64984_obs_235847711_419500288.jpeg
train/frog/field_anaxyrus_punctatus_64984_obs_241387869_430201800.jpeg,frog,train,SUSPICIOUS_LABEL,197.89,83.02,79.87,0.0066,airship,0.222,data/Mid224/train/frog/field_anaxyrus_punctatus_64984_obs_241387869_430201800.jpeg
train/frog/field_anaxyrus_punctatus_64984_obs_254315871_455500301.jpeg,frog,train,SUSPICIOUS_LABEL,2563.57,118.31,59.85,0.0001,gong,0.4751,data/Mid224/train/frog/field_anaxyrus_punctatus_64984_obs_254315871_455500301.jpeg
train/frog/field_anaxyrus_punctatus_64984_obs_263461048_473307038.jpeg,frog,train,SUSPICIOUS_LABEL,3478.83,123.88,44.91,0.0036,armadillo,0.2108,data/Mid224/train/frog/field_anaxyrus_punctatus_64984_obs_263461048_473307038.jpeg
train/frog/field_anaxyrus_punctatus_64984_obs_382481694_699957833.jpeg,frog,train,SUSPICIOUS_LABEL,911.2,161.61,49.25,0.0013,nematode,0.4316,data/Mid224/train/frog/field_anaxyrus_punctatus_64984_obs_382481694_699957833.jpeg
train/frog/field_anaxyrus_punctatus_64984_obs_54761877_87155442.jpeg,frog,train,SUSPICIOUS_LABEL,618.84,137.24,56.73,0.0024,bolo tie,0.2719,data/Mid224/train/frog/field_anaxyrus_punctatus_64984_obs_54761877_87155442.jpeg
train/frog/field_anaxyrus_punctatus_64984_obs_8744007_11737088.jpeg,frog,train,SUSPICIOUS_LABEL,1242.1,108.22,46.63,0.0014,golf ball,0.4123,data/Mid224/train/frog/field_anaxyrus_punctatus_64984_obs_8744007_11737088.jpeg
train/frog/field_anaxyrus_terrestris_64988_obs_104147924_174480156.jpeg,frog,train,SUSPICIOUS_LABEL,820.75,125.67,49.43,0.0078,hair slide,0.3624,data/Mid224/train/frog/field_anaxyrus_terrestris_64988_obs_104147924_174480156.jpeg
train/frog/field_anaxyrus_terrestris_64988_obs_112219059_189538040.jpeg,frog,train,SUSPICIOUS_LABEL,2061.2,115.52,48.18,0.0004,pot,0.2983,data/Mid224/train/frog/field_anaxyrus_terrestris_64988_obs_112219059_189538040.jpeg
train/frog/field_anaxyrus_terrestris_64988_obs_112219059_189538089.jpeg,frog,train,SUSPICIOUS_LABEL,2120.06,115.1,50.2,0.0055,hen-of-the-woods,0.3947,data/Mid224/train/frog/field_anaxyrus_terrestris_64988_obs_112219059_189538089.jpeg
train/frog/field_anaxyrus_terrestris_64988_obs_136157221_232337130.jpeg,frog,train,UNDEREXPOSED,1898.33,28.89,37.75,0.0001,rule,0.0595,data/Mid224/train/frog/field_anaxyrus_terrestris_64988_obs_136157221_232337130.jpeg
train/frog/field_anaxyrus_terrestris_64988_obs_13908358_20544866.jpeg,frog,train,SUSPICIOUS_LABEL,2425.72,82.15,63.52,0.0028,comic book,0.473,data/Mid224/train/frog/field_anaxyrus_terrestris_64988_obs_13908358_20544866.jpeg
train/frog/field_anaxyrus_terrestris_64988_obs_150179669_258899753.jpeg,frog,train,SUSPICIOUS_LABEL,743.22,97.8,46.73,0.0142,sidewinder,0.2169,data/Mid224/train/frog/field_anaxyrus_terrestris_64988_obs_150179669_258899753.jpeg
train/frog/field_anaxyrus_terrestris_64988_obs_197738452_348344610.jpeg,frog,train,SUSPICIOUS_LABEL,1026.76,160.56,42.45,0.0009,reel,0.2606,data/Mid224/train/frog/field_anaxyrus_terrestris_64988_obs_197738452_348344610.jpeg
train/frog/field_anaxyrus_terrestris_64988_obs_201828393_356340885.jpeg,frog,train,OVEREXPOSED,455.3,221.47,45.01,0.4138,tailed frog,0.2546,data/Mid224/train/frog/field_anaxyrus_terrestris_64988_obs_201828393_356340885.jpeg
train/frog/field_anaxyrus_terrestris_64988_obs_241992673_431362419.jpeg,frog,train,SUSPICIOUS_LABEL,558.25,81.5,62.73,0.0026,balance beam,0.3016,data/Mid224/train/frog/field_anaxyrus_terrestris_64988_obs_241992673_431362419.jpeg
train/frog/field_anaxyrus_terrestris_64988_obs_244916017_436954734.jpeg,frog,train,SUSPICIOUS_LABEL,5597.55,117.54,72.39,0.0057,stinkhorn,0.2605,data/Mid224/train/frog/field_anaxyrus_terrestris_64988_obs_244916017_436954734.jpeg
train/frog/field_anaxyrus_terrestris_64988_obs_249397043_445809808.jpeg,frog,train,SUSPICIOUS_LABEL,1823.62,109.51,51.48,0.0,isopod,0.7637,data/Mid224/train/frog/field_anaxyrus_terrestris_64988_obs_249397043_445809808.jpeg
train/frog/field_anaxyrus_terrestris_64988_obs_330726469_599795525.jpeg,frog,train,SUSPICIOUS_LABEL,4094.93,100.92,61.51,0.0009,fox squirrel,0.2538,data/Mid224/train/frog/field_anaxyrus_terrestris_64988_obs_330726469_599795525.jpeg
train/frog/field_anaxyrus_terrestris_64988_obs_331270961_600917225.jpeg,frog,train,SUSPICIOUS_LABEL,407.67,103.06,50.89,0.0018,snowplow,0.288,data/Mid224/train/frog/field_anaxyrus_terrestris_64988_obs_331270961_600917225.jpeg
train/frog/field_anaxyrus_terrestris_64988_obs_46807557_74234981.jpeg,frog,train,SUSPICIOUS_LABEL,455.88,111.52,54.61,0.0185,isopod,0.2062,data/Mid224/train/frog/field_anaxyrus_terrestris_64988_obs_46807557_74234981.jpeg
train/frog/field_anaxyrus_woodhousii_64989_obs_136065461_232166742.jpeg,frog,train,SUSPICIOUS_LABEL,2923.51,126.56,48.97,0.0088,isopod,0.5427,data/Mid224/train/frog/field_anaxyrus_woodhousii_64989_obs_136065461_232166742.jpeg
train/frog/field_anaxyrus_woodhousii_64989_obs_184600770_322257444.jpeg,frog,train,SUSPICIOUS_LABEL,551.05,150.1,53.74,0.0,ski,0.2904,data/Mid224/train/frog/field_anaxyrus_woodhousii_64989_obs_184600770_322257444.jpeg
train/frog/field_anaxyrus_woodhousii_64989_obs_184600770_322257466.jpeg,frog,train,SUSPICIOUS_LABEL,1584.55,103.9,34.23,0.0021,nematode,0.3742,data/Mid224/train/frog/field_anaxyrus_woodhousii_64989_obs_184600770_322257466.jpeg
train/frog/field_anaxyrus_woodhousii_64989_obs_226883932_402843918.jpeg,frog,train,SUSPICIOUS_LABEL,1211.1,75.35,66.74,0.0044,platypus,0.2239,data/Mid224/train/frog/field_anaxyrus_woodhousii_64989_obs_226883932_402843918.jpeg
train/frog/field_anaxyrus_woodhousii_64989_obs_23100645_35814022.jpeg,frog,train,LOW_CONTRAST,85.75,59.65,12.4,0.001,kite,0.0526,data/Mid224/train/frog/field_anaxyrus_woodhousii_64989_obs_23100645_35814022.jpeg
train/frog/field_anaxyrus_woodhousii_64989_obs_291947598_525323697.jpeg,frog,train,SUSPICIOUS_LABEL,205.06,123.92,44.91,0.0,guillotine,0.4397,data/Mid224/train/frog/field_anaxyrus_woodhousii_64989_obs_291947598_525323697.jpeg
train/frog/field_anaxyrus_woodhousii_64989_obs_295004477_531264896.jpeg,frog,train,SUSPICIOUS_LABEL,2563.95,122.39,48.03,0.0021,proboscis monkey,0.4001,data/Mid224/train/frog/field_anaxyrus_woodhousii_64989_obs_295004477_531264896.jpeg
train/frog/field_anaxyrus_woodhousii_64989_obs_51732769_82209472.jpeg,frog,train,SUSPICIOUS_LABEL,944.7,123.68,53.81,0.0,frying pan,0.2069,data/Mid224/train/frog/field_anaxyrus_woodhousii_64989_obs_51732769_82209472.jpeg
train/frog/field_anaxyrus_woodhousii_64989_obs_55757752_88806288.jpeg,frog,train,SUSPICIOUS_LABEL,1474.71,142.25,36.58,0.0001,prayer rug,0.2222,data/Mid224/train/frog/field_anaxyrus_woodhousii_64989_obs_55757752_88806288.jpeg
train/frog/field_anaxyrus_woodhousii_64989_obs_6961583_8902989.jpeg,frog,train,SUSPICIOUS_LABEL,856.53,163.88,30.16,0.0029,nematode,0.3319,data/Mid224/train/frog/field_anaxyrus_woodhousii_64989_obs_6961583_8902989.jpeg
train/frog/field_anaxyrus_woodhousii_64989_obs_83961602_137945442.jpeg,frog,train,SUSPICIOUS_LABEL,242.74,147.41,61.7,0.0016,amphibian,0.2416,data/Mid224/train/frog/field_anaxyrus_woodhousii_64989_obs_83961602_137945442.jpeg
train/frog/field_bombina_variegata_556621_obs_154863281_267625187.jpeg,frog,train,BLURRY,44.41,133.23,28.41,0.0008,nematode,0.0202,data/Mid224/train/frog/field_bombina_variegata_556621_obs_154863281_267625187.jpeg
train/frog/field_bombina_variegata_556621_obs_178514967_310649245.jpeg,frog,train,SUSPICIOUS_LABEL,804.21,123.15,37.68,0.0004,aircraft carrier,0.5281,data/Mid224/train/frog/field_bombina_variegata_556621_obs_178514967_310649245.jpeg
train/frog/field_bombina_variegata_556621_obs_226399791_401519866.jpeg,frog,train,SUSPICIOUS_LABEL,130.44,123.84,19.78,0.0051,platypus,0.2075,data/Mid224/train/frog/field_bombina_variegata_556621_obs_226399791_401519866.jpeg
train/frog/field_bombina_variegata_556621_obs_233761814_415473829.jpeg,frog,train,SUSPICIOUS_LABEL,813.47,161.04,58.1,0.0041,ground beetle,0.2313,data/Mid224/train/frog/field_bombina_variegata_556621_obs_233761814_415473829.jpeg
train/frog/field_bombina_variegata_556621_obs_279963351_502779994.jpeg,frog,train,BLURRY;LOW_CONTRAST,36.22,116.49,11.36,0.0007,nematode,0.086,data/Mid224/train/frog/field_bombina_variegata_556621_obs_279963351_502779994.jpeg
train/frog/field_bombina_variegata_556621_obs_285931647_513976240.jpeg,frog,train,SUSPICIOUS_LABEL,469.89,142.78,30.44,0.0109,platypus,0.3155,data/Mid224/train/frog/field_bombina_variegata_556621_obs_285931647_513976240.jpeg
train/frog/field_bombina_variegata_556621_obs_295432894_531847427.jpeg,frog,train,SUSPICIOUS_LABEL,529.65,126.45,43.93,0.0387,ground beetle,0.2427,data/Mid224/train/frog/field_bombina_variegata_556621_obs_295432894_531847427.jpeg
train/frog/field_bombina_variegata_556621_obs_296607479_534092311.jpeg,frog,train,BLURRY,64.54,133.46,21.77,0.0004,analog clock,0.1281,data/Mid224/train/frog/field_bombina_variegata_556621_obs_296607479_534092311.jpeg
train/frog/field_bombina_variegata_556621_obs_305822876_551446172.jpeg,frog,train,SUSPICIOUS_LABEL,418.97,104.23,27.78,0.0077,banded gecko,0.5602,data/Mid224/train/frog/field_bombina_variegata_556621_obs_305822876_551446172.jpeg
train/frog/field_bombina_variegata_556621_obs_311333735_562004664.jpeg,frog,train,LOW_CONTRAST,95.07,128.13,15.3,0.0172,whistle,0.0625,data/Mid224/train/frog/field_bombina_variegata_556621_obs_311333735_562004664.jpeg
train/frog/field_bombina_variegata_556621_obs_321822838_582064493.jpeg,frog,train,SUSPICIOUS_LABEL,205.76,101.5,26.32,0.0123,nematode,0.2019,data/Mid224/train/frog/field_bombina_variegata_556621_obs_321822838_582064493.jpeg
train/frog/field_bombina_variegata_556621_obs_333784796_606005780.jpeg,frog,train,BLURRY;LOW_CONTRAST,51.61,103.28,13.43,0.0015,nematode,0.1115,data/Mid224/train/frog/field_bombina_variegata_556621_obs_333784796_606005780.jpeg
train/frog/field_bombina_variegata_556621_obs_368746024_673519788.jpeg,frog,train,LOW_CONTRAST,238.07,152.72,16.86,0.0087,nematode,0.0548,data/Mid224/train/frog/field_bombina_variegata_556621_obs_368746024_673519788.jpeg
train/frog/field_bombina_variegata_556621_obs_52810621_83972071.jpeg,frog,train,BLURRY,73.47,174.2,30.89,0.0006,can opener,0.0887,data/Mid224/train/frog/field_bombina_variegata_556621_obs_52810621_83972071.jpeg
train/frog/field_bombina_variegata_556621_obs_82307928_135070276.jpeg,frog,train,BLURRY;LOW_CONTRAST,69.73,136.55,13.04,0.0006,analog clock,0.0576,data/Mid224/train/frog/field_bombina_variegata_556621_obs_82307928_135070276.jpeg
train/frog/field_bufo_bufo_326296_obs_104526097_175161684.jpeg,frog,train,SUSPICIOUS_LABEL,4773.92,130.22,49.7,0.0001,black grouse,0.3078,data/Mid224/train/frog/field_bufo_bufo_326296_obs_104526097_175161684.jpeg
train/frog/field_bufo_bufo_326296_obs_105237477_176527687.jpeg,frog,train,SUSPICIOUS_LABEL,374.33,140.36,47.38,0.0002,bulletproof vest,0.7393,data/Mid224/train/frog/field_bufo_bufo_326296_obs_105237477_176527687.jpeg
train/frog/field_bufo_bufo_326296_obs_108497388_182685044.jpeg,frog,train,UNDEREXPOSED,133.66,25.72,30.07,0.0009,assault rifle,0.1423,data/Mid224/train/frog/field_bufo_bufo_326296_obs_108497388_182685044.jpeg
train/frog/field_bufo_bufo_326296_obs_110985982_187309223.jpeg,frog,train,SUSPICIOUS_LABEL,328.81,93.67,30.91,0.0105,barn spider,0.2549,data/Mid224/train/frog/field_bufo_bufo_326296_obs_110985982_187309223.jpeg
train/frog/field_bufo_bufo_326296_obs_12261540_17631260.jpeg,frog,train,SUSPICIOUS_LABEL,1015.58,112.41,43.1,0.0018,bow,0.2606,data/Mid224/train/frog/field_bufo_bufo_326296_obs_12261540_17631260.jpeg
train/frog/field_bufo_bufo_326296_obs_12261566_17631288.jpeg,frog,train,SUSPICIOUS_LABEL,976.68,147.23,46.42,0.0006,assault rifle,0.2698,data/Mid224/train/frog/field_bufo_bufo_326296_obs_12261566_17631288.jpeg
train/frog/field_bufo_bufo_326296_obs_139330325_238287108.jpeg,frog,train,SUSPICIOUS_LABEL,2470.88,103.43,58.71,0.0,hen-of-the-woods,0.2491,data/Mid224/train/frog/field_bufo_bufo_326296_obs_139330325_238287108.jpeg
train/frog/field_bufo_bufo_326296_obs_152017505_262382121.jpeg,frog,train,SUSPICIOUS_LABEL,324.06,163.29,19.7,0.0015,barn spider,0.244,data/Mid224/train/frog/field_bufo_bufo_326296_obs_152017505_262382121.jpeg
train/frog/field_bufo_bufo_326296_obs_172364711_299213285.jpeg,frog,train,SUSPICIOUS_LABEL,2852.23,133.8,65.58,0.0062,gyromitra,0.3728,data/Mid224/train/frog/field_bufo_bufo_326296_obs_172364711_299213285.jpeg
train/frog/field_bufo_bufo_326296_obs_193120224_339193463.jpeg,frog,train,SUSPICIOUS_LABEL,1322.84,119.06,49.1,0.0056,banded gecko,0.2074,data/Mid224/train/frog/field_bufo_bufo_326296_obs_193120224_339193463.jpeg
train/frog/field_bufo_bufo_326296_obs_20501678_31642873.jpeg,frog,train,SUSPICIOUS_LABEL,1350.56,111.94,36.62,0.0399,German short-haired pointer,0.223,data/Mid224/train/frog/field_bufo_bufo_326296_obs_20501678_31642873.jpeg
train/frog/field_bufo_bufo_326296_obs_241834316_431059963.jpeg,frog,train,SUSPICIOUS_LABEL,379.91,117.0,25.99,0.0031,barn spider,0.2743,data/Mid224/train/frog/field_bufo_bufo_326296_obs_241834316_431059963.jpeg
train/frog/field_bufo_bufo_326296_obs_261368289_469546451.jpeg,frog,train,SUSPICIOUS_LABEL,706.85,157.07,32.93,0.0007,honeycomb,0.4451,data/Mid224/train/frog/field_bufo_bufo_326296_obs_261368289_469546451.jpeg
train/frog/field_bufo_bufo_326296_obs_301493854_543293505.jpeg,frog,train,SUSPICIOUS_LABEL,404.92,198.46,37.98,0.0044,airship,0.2045,data/Mid224/train/frog/field_bufo_bufo_326296_obs_301493854_543293505.jpeg
train/frog/field_bufo_bufo_326296_obs_329959759_598220146.jpeg,frog,train,BLURRY;LOW_CONTRAST,63.01,131.7,11.18,0.0003,wall clock,0.0997,data/Mid224/train/frog/field_bufo_bufo_326296_obs_329959759_598220146.jpeg
train/frog/field_bufo_bufo_326296_obs_84760503_139345341.jpeg,frog,train,SUSPICIOUS_LABEL,2048.8,128.41,38.66,0.0043,gyromitra,0.5341,data/Mid224/train/frog/field_bufo_bufo_326296_obs_84760503_139345341.jpeg
train/frog/field_bufo_bufo_326296_obs_99610445_166088748.jpeg,frog,train,SUSPICIOUS_LABEL,2848.08,119.64,60.02,0.002,green mamba,0.3074,data/Mid224/train/frog/field_bufo_bufo_326296_obs_99610445_166088748.jpeg
train/frog/field_bufo_spinosus_134693_obs_104050917_174295419.jpeg,frog,train,SUSPICIOUS_LABEL,1720.95,127.31,47.52,0.0003,indri,0.5416,data/Mid224/train/frog/field_bufo_spinosus_134693_obs_104050917_174295419.jpeg
train/frog/field_bufo_spinosus_134693_obs_104050917_174295443.jpeg,frog,train,SUSPICIOUS_LABEL,1850.21,120.64,44.17,0.0029,indri,0.2431,data/Mid224/train/frog/field_bufo_spinosus_134693_obs_104050917_174295443.jpeg
train/frog/field_bufo_spinosus_134693_obs_105522203_177070234.jpeg,frog,train,SUSPICIOUS_LABEL,2777.58,123.13,33.9,0.0009,nematode,0.2745,data/Mid224/train/frog/field_bufo_spinosus_134693_obs_105522203_177070234.jpeg
train/frog/field_bufo_spinosus_134693_obs_151775068_261925597.jpeg,frog,train,SUSPICIOUS_LABEL,430.03,108.15,48.57,0.0001,bulletproof vest,0.2707,data/Mid224/train/frog/field_bufo_spinosus_134693_obs_151775068_261925597.jpeg
train/frog/field_bufo_spinosus_134693_obs_152621699_263492104.jpeg,frog,train,SUSPICIOUS_LABEL,487.78,155.28,36.61,0.0017,jigsaw puzzle,0.5358,data/Mid224/train/frog/field_bufo_spinosus_134693_obs_152621699_263492104.jpeg
train/frog/field_bufo_spinosus_134693_obs_212341576_374441548.jpeg,frog,train,SUSPICIOUS_LABEL,1736.81,149.75,35.91,0.0016,banded gecko,0.7749,data/Mid224/train/frog/field_bufo_spinosus_134693_obs_212341576_374441548.jpeg
train/frog/field_bufo_spinosus_134693_obs_221918261_393042597.jpeg,frog,train,SUSPICIOUS_LABEL,814.39,87.56,67.84,0.003,earthstar,0.6139,data/Mid224/train/frog/field_bufo_spinosus_134693_obs_221918261_393042597.jpeg
train/frog/field_bufo_spinosus_134693_obs_264396610_474827772.jpeg,frog,train,SUSPICIOUS_LABEL,1564.31,110.41,76.75,0.0017,curly-coated retriever,0.2613,data/Mid224/train/frog/field_bufo_spinosus_134693_obs_264396610_474827772.jpeg
train/frog/field_bufo_spinosus_134693_obs_269965860_485458619.jpeg,frog,train,SUSPICIOUS_LABEL,188.8,166.72,32.6,0.0032,barn spider,0.2318,data/Mid224/train/frog/field_bufo_spinosus_134693_obs_269965860_485458619.jpeg
train/frog/field_bufo_spinosus_134693_obs_272017435_489350961.jpeg,frog,train,LOW_CONTRAST,213.52,113.87,17.26,0.0016,airship,0.0678,data/Mid224/train/frog/field_bufo_spinosus_134693_obs_272017435_489350961.jpeg
train/frog/field_bufo_spinosus_134693_obs_339815222_618250912.jpeg,frog,train,SUSPICIOUS_LABEL,426.71,90.99,62.46,0.0234,barn spider,0.3036,data/Mid224/train/frog/field_bufo_spinosus_134693_obs_339815222_618250912.jpeg
train/frog/field_bufo_spinosus_134693_obs_376123428_687673752.jpeg,frog,train,SUSPICIOUS_LABEL,950.24,130.97,54.85,0.0002,Brabancon griffon,0.2211,data/Mid224/train/frog/field_bufo_spinosus_134693_obs_376123428_687673752.jpeg
train/frog/field_bufo_spinosus_134693_obs_60751238_97161782.jpeg,frog,train,SUSPICIOUS_LABEL,898.79,126.85,68.98,0.0095,Egyptian cat,0.2204,data/Mid224/train/frog/field_bufo_spinosus_134693_obs_60751238_97161782.jpeg
train/frog/field_bufotes_viridis_1453013_obs_102598051_171543215.jpeg,frog,train,SUSPICIOUS_LABEL,265.07,82.83,33.19,0.003,barn spider,0.5632,data/Mid224/train/frog/field_bufotes_viridis_1453013_obs_102598051_171543215.jpeg
train/frog/field_bufotes_viridis_1453013_obs_179651346_312803552.jpeg,frog,train,SUSPICIOUS_LABEL,588.19,98.36,63.78,0.0009,abaya,0.2434,data/Mid224/train/frog/field_bufotes_viridis_1453013_obs_179651346_312803552.jpeg
train/frog/field_bufotes_viridis_1453013_obs_193787798_340466618.jpeg,frog,train,SUSPICIOUS_LABEL,1475.69,94.44,58.31,0.0004,Kerry blue terrier,0.2426,data/Mid224/train/frog/field_bufotes_viridis_1453013_obs_193787798_340466618.jpeg
train/frog/field_bufotes_viridis_1453013_obs_234476969_416849977.jpeg,frog,train,SUSPICIOUS_LABEL,422.67,77.52,46.39,0.0,Petri dish,0.2445,data/Mid224/train/frog/field_bufotes_viridis_1453013_obs_234476969_416849977.jpeg
train/frog/field_bufotes_viridis_1453013_obs_26681033_41443326.jpeg,frog,train,SUSPICIOUS_LABEL,274.75,121.61,43.85,0.0127,loggerhead,0.317,data/Mid224/train/frog/field_bufotes_viridis_1453013_obs_26681033_41443326.jpeg
train/frog/field_bufotes_viridis_1453013_obs_386334938_707346491.jpeg,frog,train,UNDEREXPOSED,462.97,32.22,42.67,0.8876,tailed frog,0.7186,data/Mid224/train/frog/field_bufotes_viridis_1453013_obs_386334938_707346491.jpeg
train/frog/field_bufotes_viridis_1453013_obs_48422705_76834340.jpeg,frog,train,SUSPICIOUS_LABEL,638.74,180.43,49.52,0.0001,nematode,0.8247,data/Mid224/train/frog/field_bufotes_viridis_1453013_obs_48422705_76834340.jpeg
train/frog/field_bufotes_viridis_1453013_obs_55181921_87848119.jpeg,frog,train,SUSPICIOUS_LABEL,383.16,119.48,31.36,0.0072,electric ray,0.39,data/Mid224/train/frog/field_bufotes_viridis_1453013_obs_55181921_87848119.jpeg
train/frog/field_bufotes_viridis_1453013_obs_63201669_101392941.jpeg,frog,train,SUSPICIOUS_LABEL,1338.32,111.63,42.44,0.0355,green mamba,0.2406,data/Mid224/train/frog/field_bufotes_viridis_1453013_obs_63201669_101392941.jpeg
train/frog/field_bufotes_viridis_1453013_obs_64240028_103245069.jpeg,frog,train,SUSPICIOUS_LABEL,2589.81,123.0,49.63,0.0002,daisy,0.3439,data/Mid224/train/frog/field_bufotes_viridis_1453013_obs_64240028_103245069.jpeg
train/frog/field_bufotes_viridis_1453013_obs_81833890_134251438.jpeg,frog,train,SUSPICIOUS_LABEL,232.9,92.37,27.81,0.0098,tick,0.276,data/Mid224/train/frog/field_bufotes_viridis_1453013_obs_81833890_134251438.jpeg
train/frog/field_bufotes_viridis_1453013_obs_90122176_148907376.jpeg,frog,train,SUSPICIOUS_LABEL,216.72,126.83,38.71,0.0019,Granny Smith,0.2422,data/Mid224/train/frog/field_bufotes_viridis_1453013_obs_90122176_148907376.jpeg
train/frog/field_dryophytes_chrysoscelis_1668922_obs_12872409_18689160.jpeg,frog,train,SUSPICIOUS_LABEL,633.69,106.42,35.8,0.0021,bolo tie,0.2015,data/Mid224/train/frog/field_dryophytes_chrysoscelis_1668922_obs_12872409_18689160.jpeg
train/frog/field_dryophytes_chrysoscelis_1668922_obs_136116218_232259821.jpeg,frog,train,UNDEREXPOSED;SUSPICIOUS_LABEL,254.02,24.78,46.27,0.0001,spatula,0.325,data/Mid224/train/frog/field_dryophytes_chrysoscelis_1668922_obs_136116218_232259821.jpeg
train/frog/field_dryophytes_chrysoscelis_1668922_obs_155609375_269001057.jpeg,frog,train,BLURRY;LOW_CONTRAST,40.52,128.03,16.36,0.0062,dugong,0.0634,data/Mid224/train/frog/field_dryophytes_chrysoscelis_1668922_obs_155609375_269001057.jpeg
train/frog/field_dryophytes_chrysoscelis_1668922_obs_15631964_23360837.jpeg,frog,train,SUSPICIOUS_LABEL,147.22,128.4,44.29,0.0052,green mamba,0.2227,data/Mid224/train/frog/field_dryophytes_chrysoscelis_1668922_obs_15631964_23360837.jpeg
train/frog/field_dryophytes_chrysoscelis_1668922_obs_180325937_314087254.jpeg,frog,train,SUSPICIOUS_LABEL,380.09,143.81,45.61,0.0002,folding chair,0.3182,data/Mid224/train/frog/field_dryophytes_chrysoscelis_1668922_obs_180325937_314087254.jpeg
train/frog/field_dryophytes_chrysoscelis_1668922_obs_181885484_317024886.jpeg,frog,train,SUSPICIOUS_LABEL,180.09,148.71,54.99,0.0002,airship,0.2919,data/Mid224/train/frog/field_dryophytes_chrysoscelis_1668922_obs_181885484_317024886.jpeg
train/frog/field_dryophytes_chrysoscelis_1668922_obs_194727038_342367326.jpeg,frog,train,SUSPICIOUS_LABEL,510.68,117.29,49.27,0.0078,bulletproof vest,0.5429,data/Mid224/train/frog/field_dryophytes_chrysoscelis_1668922_obs_194727038_342367326.jpeg
train/frog/field_dryophytes_chrysoscelis_1668922_obs_206328900_364921091.jpeg,frog,train,SUSPICIOUS_LABEL,470.55,128.66,48.51,0.0163,barn spider,0.3364,data/Mid224/train/frog/field_dryophytes_chrysoscelis_1668922_obs_206328900_364921091.jpeg
train/frog/field_dryophytes_chrysoscelis_1668922_obs_216010134_381975964.jpeg,frog,train,SUSPICIOUS_LABEL,10485.25,128.65,46.52,0.015,cauliflower,0.2466,data/Mid224/train/frog/field_dryophytes_chrysoscelis_1668922_obs_216010134_381975964.jpeg
train/frog/field_dryophytes_chrysoscelis_1668922_obs_246028390_439132504.jpeg,frog,train,SUSPICIOUS_LABEL,604.64,145.17,44.11,0.0044,rifle,0.2542,data/Mid224/train/frog/field_dryophytes_chrysoscelis_1668922_obs_246028390_439132504.jpeg
train/frog/field_dryophytes_chrysoscelis_1668922_obs_37922718_60193546.jpeg,frog,train,SUSPICIOUS_LABEL,608.66,127.82,58.72,0.0013,bulletproof vest,0.2979,data/Mid224/train/frog/field_dryophytes_chrysoscelis_1668922_obs_37922718_60193546.jpeg
train/frog/field_dryophytes_chrysoscelis_1668922_obs_385108800_705014785.jpeg,frog,train,SUSPICIOUS_LABEL,556.17,128.38,47.93,0.0028,electric ray,0.3701,data/Mid224/train/frog/field_dryophytes_chrysoscelis_1668922_obs_385108800_705014785.jpeg
train/frog/field_dryophytes_chrysoscelis_1668922_obs_386716512_708071969.jpeg,frog,train,SUSPICIOUS_LABEL,183.63,134.42,35.85,0.0318,platypus,0.3161,data/Mid224/train/frog/field_dryophytes_chrysoscelis_1668922_obs_386716512_708071969.jpeg
train/frog/field_dryophytes_chrysoscelis_1668922_obs_392271275_718866660.jpeg,frog,train,SUSPICIOUS_LABEL,191.57,140.65,31.92,0.005,barn spider,0.3817,data/Mid224/train/frog/field_dryophytes_chrysoscelis_1668922_obs_392271275_718866660.jpeg
train/frog/field_dryophytes_chrysoscelis_1668922_obs_4060628_4811046.jpeg,frog,train,SUSPICIOUS_LABEL,502.78,64.26,65.79,0.005,isopod,0.7807,data/Mid224/train/frog/field_dryophytes_chrysoscelis_1668922_obs_4060628_4811046.jpeg
train/frog/field_dryophytes_chrysoscelis_1668922_obs_41668860_66106243.jpeg,frog,train,SUSPICIOUS_LABEL,1175.9,145.26,40.26,0.0242,African chameleon,0.2392,data/Mid224/train/frog/field_dryophytes_chrysoscelis_1668922_obs_41668860_66106243.jpeg
train/frog/field_dryophytes_chrysoscelis_1668922_obs_47655939_75589776.jpeg,frog,train,SUSPICIOUS_LABEL,1273.18,109.63,70.11,0.0001,hen-of-the-woods,0.2747,data/Mid224/train/frog/field_dryophytes_chrysoscelis_1668922_obs_47655939_75589776.jpeg
train/frog/field_dryophytes_chrysoscelis_1668922_obs_48660478_77233163.jpeg,frog,train,SUSPICIOUS_LABEL,2700.05,146.23,44.32,0.019,gyromitra,0.4385,data/Mid224/train/frog/field_dryophytes_chrysoscelis_1668922_obs_48660478_77233163.jpeg
train/frog/field_dryophytes_chrysoscelis_1668922_obs_74481505_121734775.jpeg,frog,train,SUSPICIOUS_LABEL,2137.28,146.29,50.89,0.0021,brambling,0.3655,data/Mid224/train/frog/field_dryophytes_chrysoscelis_1668922_obs_74481505_121734775.jpeg
train/frog/field_dryophytes_chrysoscelis_1668922_obs_74759391_122226247.jpeg,frog,train,SUSPICIOUS_LABEL,339.76,138.51,50.44,0.0016,golf ball,0.2003,data/Mid224/train/frog/field_dryophytes_chrysoscelis_1668922_obs_74759391_122226247.jpeg
train/frog/field_dryophytes_chrysoscelis_1668922_obs_76063772_124455215.jpeg,frog,train,SUSPICIOUS_LABEL,209.66,177.8,43.77,0.0012,snowmobile,0.2865,data/Mid224/train/frog/field_dryophytes_chrysoscelis_1668922_obs_76063772_124455215.jpeg
train/frog/field_dryophytes_chrysoscelis_1668922_obs_80042342_131151490.jpeg,frog,train,SUSPICIOUS_LABEL,661.81,97.39,51.39,0.0078,snowmobile,0.5904,data/Mid224/train/frog/field_dryophytes_chrysoscelis_1668922_obs_80042342_131151490.jpeg
train/frog/field_dryophytes_chrysoscelis_1668922_obs_8591828_11483928.jpeg,frog,train,SUSPICIOUS_LABEL,331.44,100.46,49.78,0.0,bulletproof vest,0.2223,data/Mid224/train/frog/field_dryophytes_chrysoscelis_1668922_obs_8591828_11483928.jpeg
train/frog/field_dryophytes_chrysoscelis_1668922_obs_90329990_149278014.jpeg,frog,train,SUSPICIOUS_LABEL,670.62,141.62,36.78,0.0023,flatworm,0.5284,data/Mid224/train/frog/field_dryophytes_chrysoscelis_1668922_obs_90329990_149278014.jpeg
train/frog/field_dryophytes_cinereus_1668858_obs_120423614_203675414.jpeg,frog,train,SUSPICIOUS_LABEL,673.77,104.35,86.94,0.019,three-toed sloth,0.4415,data/Mid224/train/frog/field_dryophytes_cinereus_1668858_obs_120423614_203675414.jpeg
train/frog/field_dryophytes_cinereus_1668858_obs_122589597_207574970.jpeg,frog,train,SUSPICIOUS_LABEL,239.74,77.72,44.41,0.0118,platypus,0.6984,data/Mid224/train/frog/field_dryophytes_cinereus_1668858_obs_122589597_207574970.jpeg
train/frog/field_dryophytes_cinereus_1668858_obs_129225679_219579354.jpeg,frog,train,SUSPICIOUS_LABEL,735.63,101.72,80.23,0.0017,hourglass,0.2626,data/Mid224/train/frog/field_dryophytes_cinereus_1668858_obs_129225679_219579354.jpeg
train/frog/field_dryophytes_cinereus_1668858_obs_131727204_224213690.jpeg,frog,train,SUSPICIOUS_LABEL,1348.83,123.6,56.95,0.0009,cardoon,0.326,data/Mid224/train/frog/field_dryophytes_cinereus_1668858_obs_131727204_224213690.jpeg
train/frog/field_dryophytes_cinereus_1668858_obs_17427197_26485537.jpeg,frog,train,SUSPICIOUS_LABEL,898.25,113.48,59.07,0.0,wall clock,0.2067,data/Mid224/train/frog/field_dryophytes_cinereus_1668858_obs_17427197_26485537.jpeg
train/frog/field_dryophytes_cinereus_1668858_obs_239327580_426228703.jpeg,frog,train,SUSPICIOUS_LABEL,2082.55,128.95,67.93,0.0007,pedestal,0.3153,data/Mid224/train/frog/field_dryophytes_cinereus_1668858_obs_239327580_426228703.jpeg
train/frog/field_dryophytes_cinereus_1668858_obs_249101648_445226312.jpeg,frog,train,SUSPICIOUS_LABEL,390.05,134.45,48.0,0.0001,mobile home,0.212,data/Mid224/train/frog/field_dryophytes_cinereus_1668858_obs_249101648_445226312.jpeg
train/frog/field_dryophytes_cinereus_1668858_obs_249653758_446319912.jpeg,frog,train,SUSPICIOUS_LABEL,3138.14,136.55,63.55,0.0003,hourglass,0.2243,data/Mid224/train/frog/field_dryophytes_cinereus_1668858_obs_249653758_446319912.jpeg
train/frog/field_dryophytes_cinereus_1668858_obs_271813527_488963145.jpeg,frog,train,SUSPICIOUS_LABEL,373.68,99.49,44.91,0.0088,banded gecko,0.3827,data/Mid224/train/frog/field_dryophytes_cinereus_1668858_obs_271813527_488963145.jpeg
train/frog/field_dryophytes_cinereus_1668858_obs_281609867_505890431.jpeg,frog,train,SUSPICIOUS_LABEL,802.14,141.0,50.93,0.0001,revolver,0.7497,data/Mid224/train/frog/field_dryophytes_cinereus_1668858_obs_281609867_505890431.jpeg
train/frog/field_dryophytes_cinereus_1668858_obs_303761586_547531118.jpeg,frog,train,SUSPICIOUS_LABEL,252.65,168.21,55.05,0.0014,consomme,0.3344,data/Mid224/train/frog/field_dryophytes_cinereus_1668858_obs_303761586_547531118.jpeg
train/frog/field_dryophytes_cinereus_1668858_obs_307748218_555135553.jpeg,frog,train,SUSPICIOUS_LABEL,362.07,50.34,44.66,0.0043,mousetrap,0.217,data/Mid224/train/frog/field_dryophytes_cinereus_1668858_obs_307748218_555135553.jpeg
train/frog/field_dryophytes_cinereus_1668858_obs_312823521_564847997.jpeg,frog,train,SUSPICIOUS_LABEL,636.82,102.8,36.77,0.0003,barn spider,0.2456,data/Mid224/train/frog/field_dryophytes_cinereus_1668858_obs_312823521_564847997.jpeg
train/frog/field_dryophytes_cinereus_1668858_obs_37495211_59450003.jpeg,frog,train,SUSPICIOUS_LABEL,1992.55,91.15,67.21,0.0044,three-toed sloth,0.2312,data/Mid224/train/frog/field_dryophytes_cinereus_1668858_obs_37495211_59450003.jpeg
train/frog/field_dryophytes_cinereus_1668858_obs_390834163_716074382.jpeg,frog,train,SUSPICIOUS_LABEL,339.5,137.1,35.31,0.0442,vine snake,0.2241,data/Mid224/train/frog/field_dryophytes_cinereus_1668858_obs_390834163_716074382.jpeg
train/frog/field_dryophytes_cinereus_1668858_obs_43008358_68288867.jpeg,frog,train,SUSPICIOUS_LABEL,1988.73,119.17,54.72,0.0024,cardoon,0.2541,data/Mid224/train/frog/field_dryophytes_cinereus_1668858_obs_43008358_68288867.jpeg
train/frog/field_dryophytes_cinereus_1668858_obs_55978420_89169913.jpeg,frog,train,SUSPICIOUS_LABEL,1414.44,104.66,57.72,0.0001,hen-of-the-woods,0.5018,data/Mid224/train/frog/field_dryophytes_cinereus_1668858_obs_55978420_89169913.jpeg
train/frog/field_dryophytes_cinereus_1668858_obs_64017914_102845378.jpeg,frog,train,SUSPICIOUS_LABEL,170.87,70.25,27.86,0.0012,lacewing,0.2791,data/Mid224/train/frog/field_dryophytes_cinereus_1668858_obs_64017914_102845378.jpeg
train/frog/field_dryophytes_cinereus_1668858_obs_73138185_119367675.jpeg,frog,train,SUSPICIOUS_LABEL,590.63,168.99,54.95,0.0188,African chameleon,0.29,data/Mid224/train/frog/field_dryophytes_cinereus_1668858_obs_73138185_119367675.jpeg
train/frog/field_dryophytes_cinereus_1668858_obs_78608332_128666682.jpeg,frog,train,SUSPICIOUS_LABEL,514.9,131.63,32.44,0.0036,barn spider,0.657,data/Mid224/train/frog/field_dryophytes_cinereus_1668858_obs_78608332_128666682.jpeg
train/frog/field_dryophytes_cinereus_1668858_obs_9107689_12304380.jpeg,frog,train,SUSPICIOUS_LABEL,216.14,104.39,34.85,0.0002,nematode,0.7366,data/Mid224/train/frog/field_dryophytes_cinereus_1668858_obs_9107689_12304380.jpeg
train/frog/field_dryophytes_cinereus_1668858_obs_94405988_156602309.jpeg,frog,train,SUSPICIOUS_LABEL,332.3,98.13,44.39,0.0087,African chameleon,0.3015,data/Mid224/train/frog/field_dryophytes_cinereus_1668858_obs_94405988_156602309.jpeg
train/frog/field_dryophytes_cinereus_1668858_obs_94659356_157050774.jpeg,frog,train,SUSPICIOUS_LABEL,343.32,96.72,37.99,0.0012,yellow lady's slipper,0.2265,data/Mid224/train/frog/field_dryophytes_cinereus_1668858_obs_94659356_157050774.jpeg
train/frog/field_dryophytes_cinereus_1668858_obs_95920325_159297799.jpeg,frog,train,SUSPICIOUS_LABEL,289.05,101.1,46.76,0.0048,cabbage butterfly,0.3205,data/Mid224/train/frog/field_dryophytes_cinereus_1668858_obs_95920325_159297799.jpeg
train/frog/field_dryophytes_cinereus_1668858_obs_97108410_161430563.jpeg,frog,train,SUSPICIOUS_LABEL,201.95,113.97,33.87,0.0253,artichoke,0.2131,data/Mid224/train/frog/field_dryophytes_cinereus_1668858_obs_97108410_161430563.jpeg
train/frog/field_dryophytes_squirellus_1668859_obs_106273036_178498311.jpeg,frog,train,SUSPICIOUS_LABEL,959.86,89.7,49.77,0.0,carpenter's kit,0.6305,data/Mid224/train/frog/field_dryophytes_squirellus_1668859_obs_106273036_178498311.jpeg
train/frog/field_dryophytes_squirellus_1668859_obs_10918217_15353323.jpeg,frog,train,SUSPICIOUS_LABEL,302.07,83.95,58.81,0.0,goblet,0.2795,data/Mid224/train/frog/field_dryophytes_squirellus_1668859_obs_10918217_15353323.jpeg
train/frog/field_dryophytes_squirellus_1668859_obs_139959497_239492034.jpeg,frog,train,SUSPICIOUS_LABEL,670.82,138.0,41.21,0.0081,barn spider,0.223,data/Mid224/train/frog/field_dryophytes_squirellus_1668859_obs_139959497_239492034.jpeg
train/frog/field_dryophytes_squirellus_1668859_obs_154403896_266790088.jpeg,frog,train,UNDEREXPOSED,120.18,33.5,26.02,0.0116,yawl,0.0375,data/Mid224/train/frog/field_dryophytes_squirellus_1668859_obs_154403896_266790088.jpeg
train/frog/field_dryophytes_squirellus_1668859_obs_16177600_24260404.jpeg,frog,train,SUSPICIOUS_LABEL,393.19,107.08,51.15,0.0025,barracouta,0.3451,data/Mid224/train/frog/field_dryophytes_squirellus_1668859_obs_16177600_24260404.jpeg
train/frog/field_dryophytes_squirellus_1668859_obs_17217362_26104289.jpeg,frog,train,SUSPICIOUS_LABEL,151.23,69.26,84.28,0.0025,bulletproof vest,0.3135,data/Mid224/train/frog/field_dryophytes_squirellus_1668859_obs_17217362_26104289.jpeg
train/frog/field_dryophytes_squirellus_1668859_obs_232681051_413413869.jpeg,frog,train,SUSPICIOUS_LABEL,353.79,90.32,63.28,0.0148,airship,0.3399,data/Mid224/train/frog/field_dryophytes_squirellus_1668859_obs_232681051_413413869.jpeg
train/frog/field_dryophytes_squirellus_1668859_obs_234866468_417607733.jpeg,frog,train,SUSPICIOUS_LABEL,189.37,179.85,21.77,0.0001,tick,0.4566,data/Mid224/train/frog/field_dryophytes_squirellus_1668859_obs_234866468_417607733.jpeg
train/frog/field_dryophytes_squirellus_1668859_obs_2506804_2815618.jpeg,frog,train,SUSPICIOUS_LABEL,170.13,84.55,35.88,0.0009,platypus,0.2556,data/Mid224/train/frog/field_dryophytes_squirellus_1668859_obs_2506804_2815618.jpeg
train/frog/field_dryophytes_squirellus_1668859_obs_2564921_2858403.jpeg,frog,train,SUSPICIOUS_LABEL,527.71,140.78,32.59,0.0026,solar dish,0.211,data/Mid224/train/frog/field_dryophytes_squirellus_1668859_obs_2564921_2858403.jpeg
train/frog/field_dryophytes_squirellus_1668859_obs_313226938_565619369.jpeg,frog,train,SUSPICIOUS_LABEL,256.06,125.11,41.2,0.0381,African chameleon,0.2065,data/Mid224/train/frog/field_dryophytes_squirellus_1668859_obs_313226938_565619369.jpeg
train/frog/field_dryophytes_squirellus_1668859_obs_60319244_96439865.jpeg,frog,train,SUSPICIOUS_LABEL,110.92,185.26,31.01,0.0023,tick,0.561,data/Mid224/train/frog/field_dryophytes_squirellus_1668859_obs_60319244_96439865.jpeg
train/frog/field_dryophytes_squirellus_1668859_obs_6454533_8157745.jpeg,frog,train,SUSPICIOUS_LABEL,557.52,174.55,56.42,0.0019,warplane,0.2205,data/Mid224/train/frog/field_dryophytes_squirellus_1668859_obs_6454533_8157745.jpeg
train/frog/field_dryophytes_squirellus_1668859_obs_78276988_128205828.jpeg,frog,train,SUSPICIOUS_LABEL,110.21,79.46,43.42,0.0035,nematode,0.206,data/Mid224/train/frog/field_dryophytes_squirellus_1668859_obs_78276988_128205828.jpeg
train/frog/field_dryophytes_squirellus_1668859_obs_79347704_129960631.jpeg,frog,train,SUSPICIOUS_LABEL,298.51,118.66,30.43,0.0034,worm fence,0.2109,data/Mid224/train/frog/field_dryophytes_squirellus_1668859_obs_79347704_129960631.jpeg
train/frog/field_dryophytes_squirellus_1668859_obs_85716110_141080488.jpeg,frog,train,SUSPICIOUS_LABEL,108.68,146.32,23.52,0.0015,electric ray,0.29,data/Mid224/train/frog/field_dryophytes_squirellus_1668859_obs_85716110_141080488.jpeg
train/frog/field_dryophytes_squirellus_1668859_obs_87929748_145021897.jpeg,frog,train,UNDEREXPOSED,1063.65,23.98,30.75,0.0034,safety pin,0.0878,data/Mid224/train/frog/field_dryophytes_squirellus_1668859_obs_87929748_145021897.jpeg
train/frog/field_dryophytes_versicolor_1668923_obs_111525737_188279683.jpeg,frog,train,SUSPICIOUS_LABEL,584.13,147.06,45.89,0.0027,rock python,0.4334,data/Mid224/train/frog/field_dryophytes_versicolor_1668923_obs_111525737_188279683.jpeg
train/frog/field_dryophytes_versicolor_1668923_obs_115583987_195072558.jpeg,frog,train,SUSPICIOUS_LABEL,477.79,118.84,44.48,0.0,airliner,0.5927,data/Mid224/train/frog/field_dryophytes_versicolor_1668923_obs_115583987_195072558.jpeg
train/frog/field_dryophytes_versicolor_1668923_obs_118741163_200655991.jpeg,frog,train,SUSPICIOUS_LABEL,5343.59,108.65,57.89,0.0041,spotted salamander,0.2024,data/Mid224/train/frog/field_dryophytes_versicolor_1668923_obs_118741163_200655991.jpeg
train/frog/field_dryophytes_versicolor_1668923_obs_14483416_21559750.jpeg,frog,train,SUSPICIOUS_LABEL,2142.94,145.97,49.27,0.0002,grey whale,0.2512,data/Mid224/train/frog/field_dryophytes_versicolor_1668923_obs_14483416_21559750.jpeg
train/frog/field_dryophytes_versicolor_1668923_obs_14483416_21559760.jpeg,frog,train,SUSPICIOUS_LABEL,695.73,119.56,50.44,0.0001,hoopskirt,0.4711,data/Mid224/train/frog/field_dryophytes_versicolor_1668923_obs_14483416_21559760.jpeg
train/frog/field_dryophytes_versicolor_1668923_obs_151854260_262077048.jpeg,frog,train,SUSPICIOUS_LABEL,438.81,142.0,35.26,0.0023,barn spider,0.4218,data/Mid224/train/frog/field_dryophytes_versicolor_1668923_obs_151854260_262077048.jpeg
train/frog/field_dryophytes_versicolor_1668923_obs_1533857_1900235.jpeg,frog,train,SUSPICIOUS_LABEL,675.03,177.86,76.58,0.0004,triceratops,0.3846,data/Mid224/train/frog/field_dryophytes_versicolor_1668923_obs_1533857_1900235.jpeg
train/frog/field_dryophytes_versicolor_1668923_obs_171483550_297571545.jpeg,frog,train,SUSPICIOUS_LABEL,650.11,111.79,59.48,0.0126,electric ray,0.2035,data/Mid224/train/frog/field_dryophytes_versicolor_1668923_obs_171483550_297571545.jpeg
train/frog/field_dryophytes_versicolor_1668923_obs_182698545_318591577.jpeg,frog,train,SUSPICIOUS_LABEL,495.12,150.15,53.13,0.0,chime,0.2199,data/Mid224/train/frog/field_dryophytes_versicolor_1668923_obs_182698545_318591577.jpeg
train/frog/field_dryophytes_versicolor_1668923_obs_196474789_345919502.jpeg,frog,train,SUSPICIOUS_LABEL,325.02,130.75,28.8,0.0085,barn spider,0.2816,data/Mid224/train/frog/field_dryophytes_versicolor_1668923_obs_196474789_345919502.jpeg
train/frog/field_dryophytes_versicolor_1668923_obs_20261647_31274835.jpeg,frog,train,SUSPICIOUS_LABEL,716.71,88.79,46.09,0.0,bolo tie,0.2296,data/Mid224/train/frog/field_dryophytes_versicolor_1668923_obs_20261647_31274835.jpeg
train/frog/field_dryophytes_versicolor_1668923_obs_22603714_35022010.jpeg,frog,train,SUSPICIOUS_LABEL,308.98,124.85,59.01,0.0,radiator,0.7195,data/Mid224/train/frog/field_dryophytes_versicolor_1668923_obs_22603714_35022010.jpeg
train/frog/field_dryophytes_versicolor_1668923_obs_26495092_41146727.jpeg,frog,train,SUSPICIOUS_LABEL,197.76,105.61,35.9,0.0203,African chameleon,0.3767,data/Mid224/train/frog/field_dryophytes_versicolor_1668923_obs_26495092_41146727.jpeg
train/frog/field_dryophytes_versicolor_1668923_obs_272881513_490939316.jpeg,frog,train,SUSPICIOUS_LABEL,2286.35,127.14,57.74,0.0036,stinkhorn,0.2317,data/Mid224/train/frog/field_dryophytes_versicolor_1668923_obs_272881513_490939316.jpeg
train/frog/field_dryophytes_versicolor_1668923_obs_27453274_42714899.jpeg,frog,train,SUSPICIOUS_LABEL,3343.11,134.58,44.18,0.0248,fox squirrel,0.3346,data/Mid224/train/frog/field_dryophytes_versicolor_1668923_obs_27453274_42714899.jpeg
train/frog/field_dryophytes_versicolor_1668923_obs_367724170_671567836.jpeg,frog,train,SUSPICIOUS_LABEL,306.1,106.23,62.0,0.0006,crash helmet,0.2208,data/Mid224/train/frog/field_dryophytes_versicolor_1668923_obs_367724170_671567836.jpeg
train/frog/field_dryophytes_versicolor_1668923_obs_367779933_671669662.jpeg,frog,train,SUSPICIOUS_LABEL,497.78,104.61,33.67,0.0208,platypus,0.2492,data/Mid224/train/frog/field_dryophytes_versicolor_1668923_obs_367779933_671669662.jpeg
train/frog/field_dryophytes_versicolor_1668923_obs_375967428_687363309.jpeg,frog,train,SUSPICIOUS_LABEL,515.09,110.88,47.66,0.0176,hen-of-the-woods,0.2655,data/Mid224/train/frog/field_dryophytes_versicolor_1668923_obs_375967428_687363309.jpeg
train/frog/field_dryophytes_versicolor_1668923_obs_386327232_707334941.jpeg,frog,train,UNDEREXPOSED;SUSPICIOUS_LABEL,308.36,21.47,32.29,0.0,bolo tie,0.2876,data/Mid224/train/frog/field_dryophytes_versicolor_1668923_obs_386327232_707334941.jpeg
train/frog/field_dryophytes_versicolor_1668923_obs_61633624_98644065.jpeg,frog,train,SUSPICIOUS_LABEL,1069.35,94.89,39.4,0.0004,barn spider,0.2729,data/Mid224/train/frog/field_dryophytes_versicolor_1668923_obs_61633624_98644065.jpeg
train/frog/field_dryophytes_versicolor_1668923_obs_68280580_110521163.jpeg,frog,train,SUSPICIOUS_LABEL,466.38,162.83,49.72,0.0009,digital watch,0.2054,data/Mid224/train/frog/field_dryophytes_versicolor_1668923_obs_68280580_110521163.jpeg
train/frog/field_dryophytes_versicolor_1668923_obs_82622968_135618012.jpeg,frog,train,SUSPICIOUS_LABEL,933.87,91.69,65.33,0.0077,barn spider,0.4488,data/Mid224/train/frog/field_dryophytes_versicolor_1668923_obs_82622968_135618012.jpeg
train/frog/field_duttaphrynus_melanostictus_62345_obs_111070975_187457318.jpeg,frog,train,BLURRY;LOW_CONTRAST,60.96,109.15,12.25,0.0021,pick,0.0416,data/Mid224/train/frog/field_duttaphrynus_melanostictus_62345_obs_111070975_187457318.jpeg
train/frog/field_duttaphrynus_melanostictus_62345_obs_126794721_215178484.jpeg,frog,train,SUSPICIOUS_LABEL,868.8,111.16,37.28,0.0334,yellow lady's slipper,0.2458,data/Mid224/train/frog/field_duttaphrynus_melanostictus_62345_obs_126794721_215178484.jpeg
train/frog/field_duttaphrynus_melanostictus_62345_obs_135535667_231178737.jpeg,frog,train,SUSPICIOUS_LABEL,617.81,74.41,36.47,0.0197,green mamba,0.3528,data/Mid224/train/frog/field_duttaphrynus_melanostictus_62345_obs_135535667_231178737.jpeg
train/frog/field_duttaphrynus_melanostictus_62345_obs_146211124_251323642.jpeg,frog,train,SUSPICIOUS_LABEL,2268.46,104.04,63.55,0.0141,gyromitra,0.2961,data/Mid224/train/frog/field_duttaphrynus_melanostictus_62345_obs_146211124_251323642.jpeg
train/frog/field_duttaphrynus_melanostictus_62345_obs_160878675_278037528.jpeg,frog,train,UNDEREXPOSED,429.77,29.89,36.92,0.0005,bloodhound,0.0834,data/Mid224/train/frog/field_duttaphrynus_melanostictus_62345_obs_160878675_278037528.jpeg
train/frog/field_duttaphrynus_melanostictus_62345_obs_161547995_279245109.jpeg,frog,train,SUSPICIOUS_LABEL,387.02,56.37,48.6,0.0233,African chameleon,0.2856,data/Mid224/train/frog/field_duttaphrynus_melanostictus_62345_obs_161547995_279245109.jpeg
train/frog/field_duttaphrynus_melanostictus_62345_obs_165923118_287271450.jpeg,frog,train,SUSPICIOUS_LABEL,655.18,123.81,29.49,0.0008,tile roof,0.4504,data/Mid224/train/frog/field_duttaphrynus_melanostictus_62345_obs_165923118_287271450.jpeg
train/frog/field_duttaphrynus_melanostictus_62345_obs_169585435_294029753.jpeg,frog,train,SUSPICIOUS_LABEL,2449.99,131.93,48.31,0.0085,fox squirrel,0.2714,data/Mid224/train/frog/field_duttaphrynus_melanostictus_62345_obs_169585435_294029753.jpeg
train/frog/field_duttaphrynus_melanostictus_62345_obs_187740744_328395475.jpeg,frog,train,SUSPICIOUS_LABEL,2787.73,137.34,56.68,0.0447,head cabbage,0.3526,data/Mid224/train/frog/field_duttaphrynus_melanostictus_62345_obs_187740744_328395475.jpeg
train/frog/field_duttaphrynus_melanostictus_62345_obs_19011961_29155785.jpeg,frog,train,SUSPICIOUS_LABEL,1499.29,125.21,61.27,0.0,acoustic guitar,0.6606,data/Mid224/train/frog/field_duttaphrynus_melanostictus_62345_obs_19011961_29155785.jpeg
train/frog/field_duttaphrynus_melanostictus_62345_obs_213045004_376562231.jpeg,frog,train,SUSPICIOUS_LABEL,1781.01,128.96,59.15,0.0,bulletproof vest,0.4382,data/Mid224/train/frog/field_duttaphrynus_melanostictus_62345_obs_213045004_376562231.jpeg
train/frog/field_duttaphrynus_melanostictus_62345_obs_216068372_382088789.jpeg,frog,train,SUSPICIOUS_LABEL,1891.58,126.88,63.11,0.0,mousetrap,0.7574,data/Mid224/train/frog/field_duttaphrynus_melanostictus_62345_obs_216068372_382088789.jpeg
train/frog/field_duttaphrynus_melanostictus_62345_obs_227373736_403344338.jpeg,frog,train,BLURRY;UNDEREXPOSED;LOW_CONTRAST,71.55,22.33,15.74,0.0005,bulletproof vest,0.0445,data/Mid224/train/frog/field_duttaphrynus_melanostictus_62345_obs_227373736_403344338.jpeg
train/frog/field_duttaphrynus_melanostictus_62345_obs_257212928_461362983.jpeg,frog,train,SUSPICIOUS_LABEL,1063.02,88.51,65.01,0.0007,vestment,0.2362,data/Mid224/train/frog/field_duttaphrynus_melanostictus_62345_obs_257212928_461362983.jpeg
train/frog/field_duttaphrynus_melanostictus_62345_obs_291187956_523890520.jpeg,frog,train,SUSPICIOUS_LABEL,765.54,95.31,46.76,0.0069,amphibian,0.2416,data/Mid224/train/frog/field_duttaphrynus_melanostictus_62345_obs_291187956_523890520.jpeg
train/frog/field_duttaphrynus_melanostictus_62345_obs_419643_528828.jpeg,frog,train,SUSPICIOUS_LABEL,1927.12,135.88,57.41,0.0432,whiptail,0.2384,data/Mid224/train/frog/field_duttaphrynus_melanostictus_62345_obs_419643_528828.jpeg
train/frog/field_duttaphrynus_melanostictus_62345_obs_79228793_129752916.jpeg,frog,train,SUSPICIOUS_LABEL,426.92,88.2,54.0,0.0029,brambling,0.7125,data/Mid224/train/frog/field_duttaphrynus_melanostictus_62345_obs_79228793_129752916.jpeg
train/frog/field_duttaphrynus_melanostictus_62345_obs_82026878_134590993.jpeg,frog,train,SUSPICIOUS_LABEL,1206.83,95.95,76.04,0.0001,giant panda,0.4705,data/Mid224/train/frog/field_duttaphrynus_melanostictus_62345_obs_82026878_134590993.jpeg
train/frog/field_duttaphrynus_melanostictus_62345_obs_82661309_135716414.jpeg,frog,train,SUSPICIOUS_LABEL,553.07,118.2,53.13,0.04,weasel,0.2927,data/Mid224/train/frog/field_duttaphrynus_melanostictus_62345_obs_82661309_135716414.jpeg
train/frog/field_eleutherodactylus_planirostris_22631_obs_104566852_175241234.jpeg,frog,train,SUSPICIOUS_LABEL,540.02,155.56,63.74,0.0001,ground beetle,0.2663,data/Mid224/train/frog/field_eleutherodactylus_planirostris_22631_obs_104566852_175241234.jpeg
train/frog/field_eleutherodactylus_planirostris_22631_obs_135332304_230806860.jpeg,frog,train,SUSPICIOUS_LABEL,1364.22,124.2,50.25,0.0187,rock python,0.2654,data/Mid224/train/frog/field_eleutherodactylus_planirostris_22631_obs_135332304_230806860.jpeg
train/frog/field_eleutherodactylus_planirostris_22631_obs_137463658_234779141.jpeg,frog,train,SUSPICIOUS_LABEL,2678.68,138.85,58.6,0.0,gyromitra,0.3697,data/Mid224/train/frog/field_eleutherodactylus_planirostris_22631_obs_137463658_234779141.jpeg
train/frog/field_eleutherodactylus_planirostris_22631_obs_15350533_22996910.jpeg,frog,train,SUSPICIOUS_LABEL,1375.01,123.17,55.92,0.0065,head cabbage,0.434,data/Mid224/train/frog/field_eleutherodactylus_planirostris_22631_obs_15350533_22996910.jpeg
train/frog/field_eleutherodactylus_planirostris_22631_obs_161931259_279943933.jpeg,frog,train,SUSPICIOUS_LABEL,317.73,75.4,61.62,0.0,loupe,0.4945,data/Mid224/train/frog/field_eleutherodactylus_planirostris_22631_obs_161931259_279943933.jpeg
train/frog/field_eleutherodactylus_planirostris_22631_obs_192279892_337510479.jpeg,frog,train,SUSPICIOUS_LABEL,497.92,133.63,32.87,0.0008,tick,0.2997,data/Mid224/train/frog/field_eleutherodactylus_planirostris_22631_obs_192279892_337510479.jpeg
train/frog/field_eleutherodactylus_planirostris_22631_obs_254643128_456156182.jpeg,frog,train,SUSPICIOUS_LABEL,1097.36,134.31,48.88,0.0,barometer,0.2066,data/Mid224/train/frog/field_eleutherodactylus_planirostris_22631_obs_254643128_456156182.jpeg
train/frog/field_eleutherodactylus_planirostris_22631_obs_264056006_474474972.jpeg,frog,train,SUSPICIOUS_LABEL,1355.19,101.07,43.97,0.0035,gyromitra,0.3118,data/Mid224/train/frog/field_eleutherodactylus_planirostris_22631_obs_264056006_474474972.jpeg
train/frog/field_eleutherodactylus_planirostris_22631_obs_380455798_696038661.jpeg,frog,train,SUSPICIOUS_LABEL,478.98,143.63,35.58,0.0127,head cabbage,0.2358,data/Mid224/train/frog/field_eleutherodactylus_planirostris_22631_obs_380455798_696038661.jpeg
train/frog/field_eleutherodactylus_planirostris_22631_obs_46726559_74108391.jpeg,frog,train,SUSPICIOUS_LABEL,2584.01,144.75,59.89,0.0019,coucal,0.5489,data/Mid224/train/frog/field_eleutherodactylus_planirostris_22631_obs_46726559_74108391.jpeg
train/frog/field_eleutherodactylus_planirostris_22631_obs_63045373_101117023.jpeg,frog,train,SUSPICIOUS_LABEL,952.4,89.4,37.0,0.0086,hen-of-the-woods,0.514,data/Mid224/train/frog/field_eleutherodactylus_planirostris_22631_obs_63045373_101117023.jpeg
train/frog/field_eleutherodactylus_planirostris_22631_obs_63137252_101280095.jpeg,frog,train,BLURRY,72.49,133.8,39.3,0.0008,studio couch,0.0285,data/Mid224/train/frog/field_eleutherodactylus_planirostris_22631_obs_63137252_101280095.jpeg
train/frog/field_eleutherodactylus_planirostris_22631_obs_89367529_147568609.jpeg,frog,train,SUSPICIOUS_LABEL,2952.53,112.19,56.85,0.0035,gyromitra,0.6486,data/Mid224/train/frog/field_eleutherodactylus_planirostris_22631_obs_89367529_147568609.jpeg
train/frog/field_eleutherodactylus_planirostris_22631_obs_91282869_151069537.jpeg,frog,train,SUSPICIOUS_LABEL,222.03,121.23,55.02,0.0003,airship,0.5739,data/Mid224/train/frog/field_eleutherodactylus_planirostris_22631_obs_91282869_151069537.jpeg
train/frog/field_eleutherodactylus_planirostris_22631_obs_96396305_160139216.jpeg,frog,train,SUSPICIOUS_LABEL,1761.24,152.53,54.45,0.0037,proboscis monkey,0.2701,data/Mid224/train/frog/field_eleutherodactylus_planirostris_22631_obs_96396305_160139216.jpeg
train/frog/field_eleutherodactylus_planirostris_22631_obs_9768417_13379727.jpeg,frog,train,SUSPICIOUS_LABEL,2118.78,128.65,66.18,0.0034,gyromitra,0.3068,data/Mid224/train/frog/field_eleutherodactylus_planirostris_22631_obs_9768417_13379727.jpeg
train/frog/field_epidalea_calamita_65450_obs_108580455_182842224.jpeg,frog,train,SUSPICIOUS_LABEL,349.12,124.29,48.02,0.0,croquet ball,0.2472,data/Mid224/train/frog/field_epidalea_calamita_65450_obs_108580455_182842224.jpeg
train/frog/field_epidalea_calamita_65450_obs_116594713_196826845.jpeg,frog,train,SUSPICIOUS_LABEL,288.35,113.54,51.05,0.0031,gyromitra,0.6831,data/Mid224/train/frog/field_epidalea_calamita_65450_obs_116594713_196826845.jpeg
train/frog/field_epidalea_calamita_65450_obs_146143308_251190672.jpeg,frog,train,SUSPICIOUS_LABEL,278.15,59.77,34.8,0.0017,milk can,0.2783,data/Mid224/train/frog/field_epidalea_calamita_65450_obs_146143308_251190672.jpeg
train/frog/field_epidalea_calamita_65450_obs_16362984_24600252.jpeg,frog,train,SUSPICIOUS_LABEL,1983.07,163.06,54.54,0.0064,hair slide,0.6491,data/Mid224/train/frog/field_epidalea_calamita_65450_obs_16362984_24600252.jpeg
train/frog/field_epidalea_calamita_65450_obs_169737696_294304282.jpeg,frog,train,SUSPICIOUS_LABEL,247.62,144.6,48.01,0.028,tick,0.2388,data/Mid224/train/frog/field_epidalea_calamita_65450_obs_169737696_294304282.jpeg
train/frog/field_epidalea_calamita_65450_obs_225298181_399426239.jpeg,frog,train,SUSPICIOUS_LABEL,260.1,198.42,45.07,0.0004,ski,0.4243,data/Mid224/train/frog/field_epidalea_calamita_65450_obs_225298181_399426239.jpeg
train/frog/field_epidalea_calamita_65450_obs_228273635_405057246.jpeg,frog,train,SUSPICIOUS_LABEL,1226.7,120.64,58.83,0.0071,gyromitra,0.2599,data/Mid224/train/frog/field_epidalea_calamita_65450_obs_228273635_405057246.jpeg
train/frog/field_epidalea_calamita_65450_obs_26545773_41229100.jpeg,frog,train,LOW_CONTRAST,89.83,130.91,15.26,0.0015,jigsaw puzzle,0.1461,data/Mid224/train/frog/field_epidalea_calamita_65450_obs_26545773_41229100.jpeg
train/frog/field_epidalea_calamita_65450_obs_296749531_534368438.jpeg,frog,train,SUSPICIOUS_LABEL,1296.32,127.0,51.12,0.0,bulletproof vest,0.297,data/Mid224/train/frog/field_epidalea_calamita_65450_obs_296749531_534368438.jpeg
train/frog/field_epidalea_calamita_65450_obs_311772484_562831423.jpeg,frog,train,SUSPICIOUS_LABEL,439.94,52.76,35.79,0.0001,hair slide,0.3303,data/Mid224/train/frog/field_epidalea_calamita_65450_obs_311772484_562831423.jpeg
train/frog/field_epidalea_calamita_65450_obs_337608962_613771670.jpeg,frog,train,SUSPICIOUS_LABEL,828.48,65.68,47.0,0.0016,bolo tie,0.2355,data/Mid224/train/frog/field_epidalea_calamita_65450_obs_337608962_613771670.jpeg
train/frog/field_epidalea_calamita_65450_obs_382197986_699414069.jpeg,frog,train,SUSPICIOUS_LABEL,749.42,181.57,57.89,0.005,custard apple,0.3118,data/Mid224/train/frog/field_epidalea_calamita_65450_obs_382197986_699414069.jpeg
train/frog/field_epidalea_calamita_65450_obs_3938906_4638824.jpeg,frog,train,SUSPICIOUS_LABEL,293.99,82.41,58.73,0.0,drilling platform,0.2113,data/Mid224/train/frog/field_epidalea_calamita_65450_obs_3938906_4638824.jpeg
train/frog/field_epidalea_calamita_65450_obs_69884568_113502820.jpeg,frog,train,SUSPICIOUS_LABEL,1543.57,128.07,40.87,0.0182,hen-of-the-woods,0.2434,data/Mid224/train/frog/field_epidalea_calamita_65450_obs_69884568_113502820.jpeg
train/frog/field_epidalea_calamita_65450_obs_76339817_124865550.jpeg,frog,train,SUSPICIOUS_LABEL,877.57,185.6,48.39,0.0228,banded gecko,0.3135,data/Mid224/train/frog/field_epidalea_calamita_65450_obs_76339817_124865550.jpeg
train/frog/field_epidalea_calamita_65450_obs_78670869_128779339.jpeg,frog,train,UNDEREXPOSED,105.08,21.5,28.11,0.3293,tree frog,0.1689,data/Mid224/train/frog/field_epidalea_calamita_65450_obs_78670869_128779339.jpeg
train/frog/field_fejervarya_limnocharis_26053_obs_107522610_180856790.jpeg,frog,train,SUSPICIOUS_LABEL,112.09,130.83,18.08,0.0,nematode,0.2466,data/Mid224/train/frog/field_fejervarya_limnocharis_26053_obs_107522610_180856790.jpeg
train/frog/field_fejervarya_limnocharis_26053_obs_248062522_443158491.jpeg,frog,train,SUSPICIOUS_LABEL,774.95,120.55,51.16,0.0052,banded gecko,0.4008,data/Mid224/train/frog/field_fejervarya_limnocharis_26053_obs_248062522_443158491.jpeg
train/frog/field_fejervarya_limnocharis_26053_obs_277697557_498611989.jpeg,frog,train,SUSPICIOUS_LABEL,820.92,91.76,48.61,0.0,mailbag,0.676,data/Mid224/train/frog/field_fejervarya_limnocharis_26053_obs_277697557_498611989.jpeg
train/frog/field_fejervarya_limnocharis_26053_obs_310700524_560786670.jpeg,frog,train,SUSPICIOUS_LABEL,1832.43,122.42,60.63,0.0019,cardoon,0.3408,data/Mid224/train/frog/field_fejervarya_limnocharis_26053_obs_310700524_560786670.jpeg
train/frog/field_fejervarya_limnocharis_26053_obs_313634803_566375214.jpeg,frog,train,LOW_CONTRAST,263.5,163.69,17.2,0.0036,horned viper,0.105,data/Mid224/train/frog/field_fejervarya_limnocharis_26053_obs_313634803_566375214.jpeg
train/frog/field_fejervarya_limnocharis_26053_obs_318404346_575455132.jpeg,frog,train,SUSPICIOUS_LABEL,685.02,134.73,36.86,0.0017,nematode,0.5873,data/Mid224/train/frog/field_fejervarya_limnocharis_26053_obs_318404346_575455132.jpeg
train/frog/field_fejervarya_limnocharis_26053_obs_318817632_576247749.jpeg,frog,train,SUSPICIOUS_LABEL,337.1,68.77,31.66,0.0156,beaver,0.3117,data/Mid224/train/frog/field_fejervarya_limnocharis_26053_obs_318817632_576247749.jpeg
train/frog/field_fejervarya_limnocharis_26053_obs_338066329_614710475.jpeg,frog,train,SUSPICIOUS_LABEL,3500.79,118.45,69.67,0.0005,tank,0.4768,data/Mid224/train/frog/field_fejervarya_limnocharis_26053_obs_338066329_614710475.jpeg
train/frog/field_fejervarya_limnocharis_26053_obs_359183486_658799638.jpeg,frog,train,SUSPICIOUS_LABEL,1242.54,156.12,43.94,0.0002,chain mail,0.3142,data/Mid224/train/frog/field_fejervarya_limnocharis_26053_obs_359183486_658799638.jpeg
train/frog/field_fejervarya_limnocharis_26053_obs_58917498_94096997.jpeg,frog,train,LOW_CONTRAST,182.42,148.26,14.69,0.0017,tick,0.1861,data/Mid224/train/frog/field_fejervarya_limnocharis_26053_obs_58917498_94096997.jpeg
train/frog/field_fejervarya_limnocharis_26053_obs_99115684_165159869.jpeg,frog,train,UNDEREXPOSED;LOW_CONTRAST,241.01,34.97,17.57,0.0082,howler monkey,0.0402,data/Mid224/train/frog/field_fejervarya_limnocharis_26053_obs_99115684_165159869.jpeg
train/frog/field_incilius_nebulifer_65849_obs_103271237_172798986.jpeg,frog,train,SUSPICIOUS_LABEL,1586.1,136.1,60.97,0.0191,gyromitra,0.2352,data/Mid224/train/frog/field_incilius_nebulifer_65849_obs_103271237_172798986.jpeg
train/frog/field_incilius_nebulifer_65849_obs_119179019_201441796.jpeg,frog,train,SUSPICIOUS_LABEL,508.98,102.83,52.81,0.0023,grey fox,0.2815,data/Mid224/train/frog/field_incilius_nebulifer_65849_obs_119179019_201441796.jpeg
train/frog/field_incilius_nebulifer_65849_obs_128430873_218150379.jpeg,frog,train,SUSPICIOUS_LABEL,1127.74,103.26,44.81,0.0029,Petri dish,0.4241,data/Mid224/train/frog/field_incilius_nebulifer_65849_obs_128430873_218150379.jpeg
train/frog/field_incilius_nebulifer_65849_obs_138498912_236738423.jpeg,frog,train,SUSPICIOUS_LABEL,3656.95,106.59,61.28,0.0001,earthstar,0.2495,data/Mid224/train/frog/field_incilius_nebulifer_65849_obs_138498912_236738423.jpeg
train/frog/field_incilius_nebulifer_65849_obs_182146120_317531260.jpeg,frog,train,SUSPICIOUS_LABEL,1236.33,100.66,68.92,0.0093,platypus,0.2645,data/Mid224/train/frog/field_incilius_nebulifer_65849_obs_182146120_317531260.jpeg
train/frog/field_incilius_nebulifer_65849_obs_22276605_34540484.jpeg,frog,train,SUSPICIOUS_LABEL,1086.08,82.43,52.12,0.0055,fox squirrel,0.3604,data/Mid224/train/frog/field_incilius_nebulifer_65849_obs_22276605_34540484.jpeg
train/frog/field_incilius_nebulifer_65849_obs_23057010_35778080.jpeg,frog,train,SUSPICIOUS_LABEL,2664.6,140.15,36.92,0.0003,manhole cover,0.3699,data/Mid224/train/frog/field_incilius_nebulifer_65849_obs_23057010_35778080.jpeg
train/frog/field_incilius_nebulifer_65849_obs_282226731_507034755.jpeg,frog,train,SUSPICIOUS_LABEL,1569.94,152.6,52.59,0.0015,barn spider,0.2348,data/Mid224/train/frog/field_incilius_nebulifer_65849_obs_282226731_507034755.jpeg
train/frog/field_incilius_nebulifer_65849_obs_29048930_45319073.jpeg,frog,train,SUSPICIOUS_LABEL,563.92,137.41,56.67,0.0007,overskirt,0.3604,data/Mid224/train/frog/field_incilius_nebulifer_65849_obs_29048930_45319073.jpeg
train/frog/field_incilius_nebulifer_65849_obs_303555360_547137064.jpeg,frog,train,LOW_CONTRAST,160.58,154.3,15.67,0.0003,platypus,0.1595,data/Mid224/train/frog/field_incilius_nebulifer_65849_obs_303555360_547137064.jpeg
train/frog/field_incilius_nebulifer_65849_obs_319938464_578395935.jpeg,frog,train,SUSPICIOUS_LABEL,2571.67,105.81,37.34,0.005,skunk,0.2376,data/Mid224/train/frog/field_incilius_nebulifer_65849_obs_319938464_578395935.jpeg
train/frog/field_incilius_nebulifer_65849_obs_386762738_708165576.jpeg,frog,train,SUSPICIOUS_LABEL,1117.95,144.96,45.2,0.0021,nematode,0.3452,data/Mid224/train/frog/field_incilius_nebulifer_65849_obs_386762738_708165576.jpeg
train/frog/field_incilius_nebulifer_65849_obs_392684105_719670955.jpeg,frog,train,SUSPICIOUS_LABEL,1182.65,99.76,70.26,0.0001,milk can,0.6028,data/Mid224/train/frog/field_incilius_nebulifer_65849_obs_392684105_719670955.jpeg
train/frog/field_incilius_nebulifer_65849_obs_54289183_86448724.jpeg,frog,train,SUSPICIOUS_LABEL,1971.5,118.86,65.35,0.0025,hen-of-the-woods,0.4357,data/Mid224/train/frog/field_incilius_nebulifer_65849_obs_54289183_86448724.jpeg
train/frog/field_incilius_nebulifer_65849_obs_5667486_7016713.jpeg,frog,train,SUSPICIOUS_LABEL,645.47,105.58,38.79,0.0006,pick,0.2441,data/Mid224/train/frog/field_incilius_nebulifer_65849_obs_5667486_7016713.jpeg
train/frog/field_incilius_nebulifer_65849_obs_83599981_137322504.jpeg,frog,train,BLURRY;LOW_CONTRAST;SUSPICIOUS_LABEL,43.58,90.25,14.71,0.0001,wall clock,0.2276,data/Mid224/train/frog/field_incilius_nebulifer_65849_obs_83599981_137322504.jpeg
train/frog/field_incilius_nebulifer_65849_obs_8372043_11131772.jpeg,frog,train,SUSPICIOUS_LABEL,1158.29,138.62,50.66,0.0056,gyromitra,0.5492,data/Mid224/train/frog/field_incilius_nebulifer_65849_obs_8372043_11131772.jpeg
train/frog/field_incilius_nebulifer_65849_obs_84386876_138691890.jpeg,frog,train,SUSPICIOUS_LABEL,109.86,187.29,38.76,0.0013,whiskey jug,0.2205,data/Mid224/train/frog/field_incilius_nebulifer_65849_obs_84386876_138691890.jpeg
train/frog/field_lithobates_catesbeianus_65979_obs_114436994_193242902.jpeg,frog,train,SUSPICIOUS_LABEL,668.16,108.88,53.57,0.0071,binoculars,0.206,data/Mid224/train/frog/field_lithobates_catesbeianus_65979_obs_114436994_193242902.jpeg
train/frog/field_lithobates_catesbeianus_65979_obs_118699847_200581745.jpeg,frog,train,SUSPICIOUS_LABEL,351.69,153.26,33.16,0.0,little blue heron,0.8486,data/Mid224/train/frog/field_lithobates_catesbeianus_65979_obs_118699847_200581745.jpeg
train/frog/field_lithobates_catesbeianus_65979_obs_118699847_200581789.jpeg,frog,train,SUSPICIOUS_LABEL,271.48,149.2,28.33,0.0,little blue heron,0.6237,data/Mid224/train/frog/field_lithobates_catesbeianus_65979_obs_118699847_200581789.jpeg
train/frog/field_lithobates_catesbeianus_65979_obs_124559336_211136366.jpeg,frog,train,SUSPICIOUS_LABEL,1310.93,105.91,59.84,0.0032,ocarina,0.2223,data/Mid224/train/frog/field_lithobates_catesbeianus_65979_obs_124559336_211136366.jpeg
train/frog/field_lithobates_catesbeianus_65979_obs_133808811_227985032.jpeg,frog,train,SUSPICIOUS_LABEL,877.44,157.89,39.11,0.0,red-breasted merganser,0.9435,data/Mid224/train/frog/field_lithobates_catesbeianus_65979_obs_133808811_227985032.jpeg
train/frog/field_lithobates_catesbeianus_65979_obs_246541029_440430705.jpeg,frog,train,SUSPICIOUS_LABEL,782.01,122.47,42.67,0.0,mousetrap,0.6295,data/Mid224/train/frog/field_lithobates_catesbeianus_65979_obs_246541029_440430705.jpeg
train/frog/field_lithobates_catesbeianus_65979_obs_28514437_44454733.jpeg,frog,train,SUSPICIOUS_LABEL,191.41,127.7,48.54,0.0036,warplane,0.309,data/Mid224/train/frog/field_lithobates_catesbeianus_65979_obs_28514437_44454733.jpeg
train/frog/field_lithobates_catesbeianus_65979_obs_28514437_44454750.jpeg,frog,train,SUSPICIOUS_LABEL,183.36,125.31,52.06,0.0024,amphibian,0.2564,data/Mid224/train/frog/field_lithobates_catesbeianus_65979_obs_28514437_44454750.jpeg
train/frog/field_lithobates_catesbeianus_65979_obs_292912829_527161053.jpeg,frog,train,SUSPICIOUS_LABEL,1328.76,126.4,58.29,0.0002,can opener,0.5001,data/Mid224/train/frog/field_lithobates_catesbeianus_65979_obs_292912829_527161053.jpeg
train/frog/field_lithobates_catesbeianus_65979_obs_311138203_561631602.jpeg,frog,train,SUSPICIOUS_LABEL,494.81,120.69,36.61,0.0008,barn spider,0.6915,data/Mid224/train/frog/field_lithobates_catesbeianus_65979_obs_311138203_561631602.jpeg
train/frog/field_lithobates_catesbeianus_65979_obs_31567357_49416500.jpeg,frog,train,SUSPICIOUS_LABEL,704.62,72.22,42.85,0.0359,African chameleon,0.215,data/Mid224/train/frog/field_lithobates_catesbeianus_65979_obs_31567357_49416500.jpeg
train/frog/field_lithobates_catesbeianus_65979_obs_34884821_54960657.jpeg,frog,train,SUSPICIOUS_LABEL,340.94,129.64,33.25,0.0024,milk can,0.3061,data/Mid224/train/frog/field_lithobates_catesbeianus_65979_obs_34884821_54960657.jpeg
train/frog/field_lithobates_catesbeianus_65979_obs_34884821_54960777.jpeg,frog,train,SUSPICIOUS_LABEL,147.69,132.53,22.36,0.0088,brambling,0.3389,data/Mid224/train/frog/field_lithobates_catesbeianus_65979_obs_34884821_54960777.jpeg
train/frog/field_lithobates_catesbeianus_65979_obs_5277256_6523659.jpeg,frog,train,SUSPICIOUS_LABEL,4483.62,117.79,59.04,0.0004,chain mail,0.42,data/Mid224/train/frog/field_lithobates_catesbeianus_65979_obs_5277256_6523659.jpeg
train/frog/field_lithobates_catesbeianus_65979_obs_56581499_90177772.jpeg,frog,train,SUSPICIOUS_LABEL,965.17,169.72,48.25,0.0006,daisy,0.5257,data/Mid224/train/frog/field_lithobates_catesbeianus_65979_obs_56581499_90177772.jpeg
train/frog/field_lithobates_catesbeianus_65979_obs_7937046_10479915.jpeg,frog,train,SUSPICIOUS_LABEL,914.76,71.58,49.34,0.0368,platypus,0.2106,data/Mid224/train/frog/field_lithobates_catesbeianus_65979_obs_7937046_10479915.jpeg
train/frog/field_lithobates_clamitans_65982_obs_11373865_16208197.jpeg,frog,train,SUSPICIOUS_LABEL,460.05,103.2,29.79,0.0012,platypus,0.9185,data/Mid224/train/frog/field_lithobates_clamitans_65982_obs_11373865_16208197.jpeg
train/frog/field_lithobates_clamitans_65982_obs_121676051_205928055.jpeg,frog,train,SUSPICIOUS_LABEL,1806.88,121.77,43.75,0.0001,pinwheel,0.2127,data/Mid224/train/frog/field_lithobates_clamitans_65982_obs_121676051_205928055.jpeg
train/frog/field_lithobates_clamitans_65982_obs_123605059_209408851.jpeg,frog,train,SUSPICIOUS_LABEL,949.17,81.21,34.77,0.0029,red-breasted merganser,0.2212,data/Mid224/train/frog/field_lithobates_clamitans_65982_obs_123605059_209408851.jpeg
train/frog/field_lithobates_clamitans_65982_obs_123605059_209408875.jpeg,frog,train,SUSPICIOUS_LABEL,1102.47,93.49,43.6,0.0256,American alligator,0.2175,data/Mid224/train/frog/field_lithobates_clamitans_65982_obs_123605059_209408875.jpeg
train/frog/field_lithobates_clamitans_65982_obs_13895318_20521715.jpeg,frog,train,SUSPICIOUS_LABEL,363.51,140.03,53.7,0.0001,dugong,0.3289,data/Mid224/train/frog/field_lithobates_clamitans_65982_obs_13895318_20521715.jpeg
train/frog/field_lithobates_clamitans_65982_obs_138976752_237538140.jpeg,frog,train,SUSPICIOUS_LABEL,1482.33,132.73,58.92,0.0061,pickelhaube,0.255,data/Mid224/train/frog/field_lithobates_clamitans_65982_obs_138976752_237538140.jpeg
train/frog/field_lithobates_clamitans_65982_obs_138976752_237538902.jpeg,frog,train,SUSPICIOUS_LABEL,1505.98,113.1,57.38,0.0014,pickelhaube,0.3226,data/Mid224/train/frog/field_lithobates_clamitans_65982_obs_138976752_237538902.jpeg
train/frog/field_lithobates_clamitans_65982_obs_148220343_255202223.jpeg,frog,train,SUSPICIOUS_LABEL,907.88,90.32,34.53,0.0175,platypus,0.34,data/Mid224/train/frog/field_lithobates_clamitans_65982_obs_148220343_255202223.jpeg
train/frog/field_lithobates_clamitans_65982_obs_152957189_264109409.jpeg,frog,train,SUSPICIOUS_LABEL,2370.11,84.39,62.04,0.0019,indri,0.2733,data/Mid224/train/frog/field_lithobates_clamitans_65982_obs_152957189_264109409.jpeg
train/frog/field_lithobates_clamitans_65982_obs_167365679_289925372.jpeg,frog,train,SUSPICIOUS_LABEL,612.12,129.27,56.13,0.0002,tank,0.2323,data/Mid224/train/frog/field_lithobates_clamitans_65982_obs_167365679_289925372.jpeg
train/frog/field_lithobates_clamitans_65982_obs_175547045_305093423.jpeg,frog,train,SUSPICIOUS_LABEL,1208.19,133.26,63.68,0.0042,stinkhorn,0.3473,data/Mid224/train/frog/field_lithobates_clamitans_65982_obs_175547045_305093423.jpeg
train/frog/field_lithobates_clamitans_65982_obs_197488436_347844110.jpeg,frog,train,SUSPICIOUS_LABEL,1468.51,84.68,64.47,0.0003,earthstar,0.3395,data/Mid224/train/frog/field_lithobates_clamitans_65982_obs_197488436_347844110.jpeg
train/frog/field_lithobates_clamitans_65982_obs_228259728_405034043.jpeg,frog,train,SUSPICIOUS_LABEL,777.83,100.83,61.45,0.0236,terrapin,0.2396,data/Mid224/train/frog/field_lithobates_clamitans_65982_obs_228259728_405034043.jpeg
train/frog/field_lithobates_clamitans_65982_obs_229772065_407898151.jpeg,frog,train,SUSPICIOUS_LABEL,838.06,148.6,54.76,0.0015,tiger beetle,0.3771,data/Mid224/train/frog/field_lithobates_clamitans_65982_obs_229772065_407898151.jpeg
train/frog/field_lithobates_clamitans_65982_obs_282739663_507993141.jpeg,frog,train,SUSPICIOUS_LABEL,599.89,73.58,49.41,0.0183,red-breasted merganser,0.4577,data/Mid224/train/frog/field_lithobates_clamitans_65982_obs_282739663_507993141.jpeg
train/frog/field_lithobates_clamitans_65982_obs_29941104_46754685.jpeg,frog,train,SUSPICIOUS_LABEL,399.3,88.77,44.28,0.028,platypus,0.3863,data/Mid224/train/frog/field_lithobates_clamitans_65982_obs_29941104_46754685.jpeg
train/frog/field_lithobates_clamitans_65982_obs_61064674_97681603.jpeg,frog,train,UNDEREXPOSED,863.88,34.11,30.55,0.0022,tiger beetle,0.1172,data/Mid224/train/frog/field_lithobates_clamitans_65982_obs_61064674_97681603.jpeg
train/frog/field_lithobates_clamitans_65982_obs_62944905_100939147.jpeg,frog,train,SUSPICIOUS_LABEL,1188.23,134.63,53.54,0.001,head cabbage,0.5964,data/Mid224/train/frog/field_lithobates_clamitans_65982_obs_62944905_100939147.jpeg
train/frog/field_lithobates_clamitans_65982_obs_6869300_8757987.jpeg,frog,train,SUSPICIOUS_LABEL,2223.87,133.45,55.61,0.0404,plastic bag,0.2108,data/Mid224/train/frog/field_lithobates_clamitans_65982_obs_6869300_8757987.jpeg
train/frog/field_lithobates_clamitans_65982_obs_80100766_131463032.jpeg,frog,train,SUSPICIOUS_LABEL,2391.78,111.21,50.69,0.001,fox squirrel,0.2673,data/Mid224/train/frog/field_lithobates_clamitans_65982_obs_80100766_131463032.jpeg
train/frog/field_lithobates_clamitans_65982_obs_86502323_142511770.jpeg,frog,train,SUSPICIOUS_LABEL,1875.99,131.85,58.87,0.0003,hen-of-the-woods,0.2484,data/Mid224/train/frog/field_lithobates_clamitans_65982_obs_86502323_142511770.jpeg
train/frog/field_lithobates_clamitans_65982_obs_87159468_143653732.jpeg,frog,train,SUSPICIOUS_LABEL,3573.87,127.77,56.97,0.0134,hen-of-the-woods,0.3426,data/Mid224/train/frog/field_lithobates_clamitans_65982_obs_87159468_143653732.jpeg
train/frog/field_lithobates_palustris_66002_obs_122680088_207735933.jpeg,frog,train,SUSPICIOUS_LABEL,3237.77,124.4,49.47,0.0017,cardoon,0.2542,data/Mid224/train/frog/field_lithobates_palustris_66002_obs_122680088_207735933.jpeg
train/frog/field_lithobates_palustris_66002_obs_136597574_233153922.jpeg,frog,train,SUSPICIOUS_LABEL,717.48,125.8,58.47,0.0002,punching bag,0.2819,data/Mid224/train/frog/field_lithobates_palustris_66002_obs_136597574_233153922.jpeg
train/frog/field_lithobates_palustris_66002_obs_143938664_246947312.jpeg,frog,train,SUSPICIOUS_LABEL,439.19,145.5,49.0,0.003,magnetic compass,0.4583,data/Mid224/train/frog/field_lithobates_palustris_66002_obs_143938664_246947312.jpeg
train/frog/field_lithobates_palustris_66002_obs_172270917_299037419.jpeg,frog,train,SUSPICIOUS_LABEL,4907.39,123.65,58.3,0.0198,banded gecko,0.2961,data/Mid224/train/frog/field_lithobates_palustris_66002_obs_172270917_299037419.jpeg
train/frog/field_lithobates_palustris_66002_obs_178328397_310292733.jpeg,frog,train,SUSPICIOUS_LABEL,1336.81,120.44,61.09,0.0,amphibian,0.7833,data/Mid224/train/frog/field_lithobates_palustris_66002_obs_178328397_310292733.jpeg
train/frog/field_lithobates_palustris_66002_obs_182459867_318137813.jpeg,frog,train,SUSPICIOUS_LABEL,4485.73,99.18,64.41,0.0126,Kerry blue terrier,0.2058,data/Mid224/train/frog/field_lithobates_palustris_66002_obs_182459867_318137813.jpeg
train/frog/field_lithobates_palustris_66002_obs_183738374_320604525.jpeg,frog,train,SUSPICIOUS_LABEL,459.74,148.55,56.48,0.0001,tick,0.7072,data/Mid224/train/frog/field_lithobates_palustris_66002_obs_183738374_320604525.jpeg
train/frog/field_lithobates_palustris_66002_obs_195751540_344459946.jpeg,frog,train,SUSPICIOUS_LABEL,256.25,127.07,27.17,0.0031,tick,0.3072,data/Mid224/train/frog/field_lithobates_palustris_66002_obs_195751540_344459946.jpeg
train/frog/field_lithobates_palustris_66002_obs_227384339_403375009.jpeg,frog,train,SUSPICIOUS_LABEL,880.12,116.43,46.03,0.0352,hair slide,0.2701,data/Mid224/train/frog/field_lithobates_palustris_66002_obs_227384339_403375009.jpeg
train/frog/field_lithobates_palustris_66002_obs_31978348_50107847.jpeg,frog,train,SUSPICIOUS_LABEL,555.43,107.4,61.24,0.001,can opener,0.6465,data/Mid224/train/frog/field_lithobates_palustris_66002_obs_31978348_50107847.jpeg
train/frog/field_lithobates_palustris_66002_obs_371826373_679385788.jpeg,frog,train,SUSPICIOUS_LABEL,1353.42,143.71,41.58,0.0078,tick,0.5056,data/Mid224/train/frog/field_lithobates_palustris_66002_obs_371826373_679385788.jpeg
train/frog/field_lithobates_palustris_66002_obs_3985028_4703662.jpeg,frog,train,SUSPICIOUS_LABEL,5120.07,128.62,63.23,0.0026,rock python,0.5131,data/Mid224/train/frog/field_lithobates_palustris_66002_obs_3985028_4703662.jpeg
train/frog/field_lithobates_palustris_66002_obs_57397158_91546155.jpeg,frog,train,SUSPICIOUS_LABEL,2218.08,108.42,46.61,0.012,scorpion,0.5314,data/Mid224/train/frog/field_lithobates_palustris_66002_obs_57397158_91546155.jpeg
train/frog/field_lithobates_palustris_66002_obs_6419683_8103399.jpeg,frog,train,SUSPICIOUS_LABEL,3870.02,125.65,58.9,0.0039,ground beetle,0.26,data/Mid224/train/frog/field_lithobates_palustris_66002_obs_6419683_8103399.jpeg
train/frog/field_lithobates_palustris_66002_obs_93916850_155722353.jpeg,frog,train,SUSPICIOUS_LABEL,2722.81,116.11,65.55,0.0021,bulletproof vest,0.6175,data/Mid224/train/frog/field_lithobates_palustris_66002_obs_93916850_155722353.jpeg
train/frog/field_lithobates_palustris_66002_obs_9674549_48329133.jpeg,frog,train,SUSPICIOUS_LABEL,895.1,133.84,65.87,0.0267,assault rifle,0.3352,data/Mid224/train/frog/field_lithobates_palustris_66002_obs_9674549_48329133.jpeg
train/frog/field_lithobates_pipiens_66003_obs_104935719_175948009.jpeg,frog,train,SUSPICIOUS_LABEL,888.9,115.15,47.75,0.0001,assault rifle,0.4168,data/Mid224/train/frog/field_lithobates_pipiens_66003_obs_104935719_175948009.jpeg
train/frog/field_lithobates_pipiens_66003_obs_14148940_20968722.jpeg,frog,train,SUSPICIOUS_LABEL,2066.65,129.93,70.25,0.0004,barn spider,0.3553,data/Mid224/train/frog/field_lithobates_pipiens_66003_obs_14148940_20968722.jpeg
train/frog/field_lithobates_pipiens_66003_obs_16502564_24834804.jpeg,frog,train,SUSPICIOUS_LABEL,877.59,117.14,44.4,0.004,paddle,0.3008,data/Mid224/train/frog/field_lithobates_pipiens_66003_obs_16502564_24834804.jpeg
train/frog/field_lithobates_pipiens_66003_obs_191777358_336513170.jpeg,frog,train,SUSPICIOUS_LABEL,5363.31,104.58,68.01,0.0014,proboscis monkey,0.2253,data/Mid224/train/frog/field_lithobates_pipiens_66003_obs_191777358_336513170.jpeg
train/frog/field_lithobates_pipiens_66003_obs_20504543_31644724.jpeg,frog,train,SUSPICIOUS_LABEL,1777.3,123.76,53.85,0.0141,limpkin,0.2797,data/Mid224/train/frog/field_lithobates_pipiens_66003_obs_20504543_31644724.jpeg
train/frog/field_lithobates_pipiens_66003_obs_214520442_379186944.jpeg,frog,train,SUSPICIOUS_LABEL,1000.79,145.51,35.86,0.0264,banded gecko,0.318,data/Mid224/train/frog/field_lithobates_pipiens_66003_obs_214520442_379186944.jpeg
train/frog/field_lithobates_pipiens_66003_obs_32045390_50221308.jpeg,frog,train,SUSPICIOUS_LABEL,2223.81,113.89,54.12,0.0219,gyromitra,0.3272,data/Mid224/train/frog/field_lithobates_pipiens_66003_obs_32045390_50221308.jpeg
train/frog/field_lithobates_pipiens_66003_obs_51978203_82608516.jpeg,frog,train,SUSPICIOUS_LABEL,4531.67,120.37,72.03,0.0002,military uniform,0.2667,data/Mid224/train/frog/field_lithobates_pipiens_66003_obs_51978203_82608516.jpeg
train/frog/field_lithobates_pipiens_66003_obs_92050458_152351901.jpeg,frog,train,SUSPICIOUS_LABEL,919.86,129.73,42.67,0.0039,speedboat,0.2977,data/Mid224/train/frog/field_lithobates_pipiens_66003_obs_92050458_152351901.jpeg
train/frog/field_lithobates_sphenocephalus_60341_obs_109705446_184944113.jpeg,frog,train,SUSPICIOUS_LABEL,5637.96,111.55,68.76,0.0148,gyromitra,0.4521,data/Mid224/train/frog/field_lithobates_sphenocephalus_60341_obs_109705446_184944113.jpeg
train/frog/field_lithobates_sphenocephalus_60341_obs_125394820_212646288.jpeg,frog,train,SUSPICIOUS_LABEL,396.83,155.03,36.9,0.0157,scorpion,0.6481,data/Mid224/train/frog/field_lithobates_sphenocephalus_60341_obs_125394820_212646288.jpeg
train/frog/field_lithobates_sphenocephalus_60341_obs_13036470_18974051.jpeg,frog,train,SUSPICIOUS_LABEL,449.4,111.29,64.04,0.0004,bulletproof vest,0.5576,data/Mid224/train/frog/field_lithobates_sphenocephalus_60341_obs_13036470_18974051.jpeg
train/frog/field_lithobates_sphenocephalus_60341_obs_20019995_30902671.jpeg,frog,train,SUSPICIOUS_LABEL,700.92,85.41,47.67,0.0063,isopod,0.4169,data/Mid224/train/frog/field_lithobates_sphenocephalus_60341_obs_20019995_30902671.jpeg
train/frog/field_lithobates_sphenocephalus_60341_obs_238677750_424960575.jpeg,frog,train,SUSPICIOUS_LABEL,2469.36,97.34,56.19,0.0078,stinkhorn,0.2091,data/Mid224/train/frog/field_lithobates_sphenocephalus_60341_obs_238677750_424960575.jpeg
train/frog/field_lithobates_sphenocephalus_60341_obs_290198441_522022395.jpeg,frog,train,SUSPICIOUS_LABEL,637.71,143.7,48.64,0.0372,bolo tie,0.2453,data/Mid224/train/frog/field_lithobates_sphenocephalus_60341_obs_290198441_522022395.jpeg
train/frog/field_lithobates_sphenocephalus_60341_obs_29484547_46017731.jpeg,frog,train,SUSPICIOUS_LABEL,1913.32,106.05,67.37,0.0022,howler monkey,0.2698,data/Mid224/train/frog/field_lithobates_sphenocephalus_60341_obs_29484547_46017731.jpeg
train/frog/field_lithobates_sphenocephalus_60341_obs_296018928_532965932.jpeg,frog,train,SUSPICIOUS_LABEL,2149.9,118.82,47.0,0.0055,head cabbage,0.3004,data/Mid224/train/frog/field_lithobates_sphenocephalus_60341_obs_296018928_532965932.jpeg
train/frog/field_lithobates_sphenocephalus_60341_obs_59595296_95231732.jpeg,frog,train,SUSPICIOUS_LABEL,5153.16,110.41,51.95,0.0174,ground beetle,0.2924,data/Mid224/train/frog/field_lithobates_sphenocephalus_60341_obs_59595296_95231732.jpeg
train/frog/field_lithobates_sphenocephalus_60341_obs_91690235_151706505.jpeg,frog,train,SUSPICIOUS_LABEL,5647.0,116.17,59.13,0.0168,comic book,0.2362,data/Mid224/train/frog/field_lithobates_sphenocephalus_60341_obs_91690235_151706505.jpeg
train/frog/field_lithobates_sylvaticus_66012_obs_131166876_223176825.jpeg,frog,train,SUSPICIOUS_LABEL,1331.43,131.64,67.52,0.0117,platypus,0.4239,data/Mid224/train/frog/field_lithobates_sylvaticus_66012_obs_131166876_223176825.jpeg
train/frog/field_lithobates_sylvaticus_66012_obs_307068211_553814480.jpeg,frog,train,SUSPICIOUS_LABEL,132.14,218.68,39.08,0.002,isopod,0.4401,data/Mid224/train/frog/field_lithobates_sylvaticus_66012_obs_307068211_553814480.jpeg
train/frog/field_lithobates_sylvaticus_66012_obs_340198661_619039292.jpeg,frog,train,SUSPICIOUS_LABEL,162.04,77.29,24.93,0.0004,parachute,0.2934,data/Mid224/train/frog/field_lithobates_sylvaticus_66012_obs_340198661_619039292.jpeg
train/frog/field_lithobates_sylvaticus_66012_obs_340198661_619039327.jpeg,frog,train,SUSPICIOUS_LABEL,245.5,37.75,37.53,0.0022,airship,0.3074,data/Mid224/train/frog/field_lithobates_sylvaticus_66012_obs_340198661_619039327.jpeg
train/frog/field_lithobates_sylvaticus_66012_obs_34423142_54173205.jpeg,frog,train,SUSPICIOUS_LABEL,446.63,65.02,36.13,0.0151,polecat,0.3017,data/Mid224/train/frog/field_lithobates_sylvaticus_66012_obs_34423142_54173205.jpeg
train/frog/field_lithobates_sylvaticus_66012_obs_45008648_71357069.jpeg,frog,train,UNDEREXPOSED,327.93,29.99,34.43,0.0024,mousetrap,0.1094,data/Mid224/train/frog/field_lithobates_sylvaticus_66012_obs_45008648_71357069.jpeg
train/frog/field_lithobates_sylvaticus_66012_obs_52829801_83999938.jpeg,frog,train,SUSPICIOUS_LABEL,975.81,128.93,69.97,0.0007,plastic bag,0.3886,data/Mid224/train/frog/field_lithobates_sylvaticus_66012_obs_52829801_83999938.jpeg
train/frog/field_lithobates_sylvaticus_66012_obs_77673689_127047949.jpeg,frog,train,SUSPICIOUS_LABEL,3194.78,94.09,60.31,0.0074,gyromitra,0.4368,data/Mid224/train/frog/field_lithobates_sylvaticus_66012_obs_77673689_127047949.jpeg
train/frog/field_lithobates_sylvaticus_66012_obs_96759758_160798140.jpeg,frog,train,SUSPICIOUS_LABEL,740.65,98.59,60.69,0.0402,black grouse,0.2301,data/Mid224/train/frog/field_lithobates_sylvaticus_66012_obs_96759758_160798140.jpeg
train/frog/field_lithobates_sylvaticus_66012_obs_9956995_13672313.jpeg,frog,train,SUSPICIOUS_LABEL,515.93,159.93,54.15,0.0002,brambling,0.2674,data/Mid224/train/frog/field_lithobates_sylvaticus_66012_obs_9956995_13672313.jpeg
train/frog/field_lithobates_sylvaticus_66012_obs_9976923_13709068.jpeg,frog,train,SUSPICIOUS_LABEL,773.62,129.55,49.77,0.0032,banded gecko,0.8937,data/Mid224/train/frog/field_lithobates_sylvaticus_66012_obs_9976923_13709068.jpeg
train/frog/field_osteopilus_septentrionalis_24382_obs_10511138_14621805.jpeg,frog,train,SUSPICIOUS_LABEL,589.67,91.17,66.14,0.0004,chime,0.4199,data/Mid224/train/frog/field_osteopilus_septentrionalis_24382_obs_10511138_14621805.jpeg
train/frog/field_osteopilus_septentrionalis_24382_obs_144726508_248462486.jpeg,frog,train,SUSPICIOUS_LABEL,2210.81,114.73,54.85,0.0,comic book,0.2384,data/Mid224/train/frog/field_osteopilus_septentrionalis_24382_obs_144726508_248462486.jpeg
train/frog/field_osteopilus_septentrionalis_24382_obs_15906725_23789396.jpeg,frog,train,SUSPICIOUS_LABEL,872.11,87.59,49.49,0.0,guillotine,0.2261,data/Mid224/train/frog/field_osteopilus_septentrionalis_24382_obs_15906725_23789396.jpeg
train/frog/field_osteopilus_septentrionalis_24382_obs_188513538_329965962.jpeg,frog,train,SUSPICIOUS_LABEL,1065.16,101.21,54.3,0.0001,gyromitra,0.4359,data/Mid224/train/frog/field_osteopilus_septentrionalis_24382_obs_188513538_329965962.jpeg
train/frog/field_osteopilus_septentrionalis_24382_obs_195108071_343148046.jpeg,frog,train,BLURRY;LOW_CONTRAST,53.6,155.07,12.8,0.0002,crossword puzzle,0.1066,data/Mid224/train/frog/field_osteopilus_septentrionalis_24382_obs_195108071_343148046.jpeg
train/frog/field_osteopilus_septentrionalis_24382_obs_202255208_357178572.jpeg,frog,train,SUSPICIOUS_LABEL,526.57,136.59,47.66,0.0006,switch,0.2287,data/Mid224/train/frog/field_osteopilus_septentrionalis_24382_obs_202255208_357178572.jpeg
train/frog/field_osteopilus_septentrionalis_24382_obs_202911274_358429633.jpeg,frog,train,SUSPICIOUS_LABEL,700.73,92.0,73.31,0.0006,Sealyham terrier,0.6225,data/Mid224/train/frog/field_osteopilus_septentrionalis_24382_obs_202911274_358429633.jpeg
train/frog/field_osteopilus_septentrionalis_24382_obs_220593022_390575733.jpeg,frog,train,SUSPICIOUS_LABEL,2291.76,110.82,44.11,0.0,soccer ball,0.2228,data/Mid224/train/frog/field_osteopilus_septentrionalis_24382_obs_220593022_390575733.jpeg
train/frog/field_osteopilus_septentrionalis_24382_obs_220593022_390575761.jpeg,frog,train,SUSPICIOUS_LABEL,522.44,107.87,36.76,0.0,soccer ball,0.7375,data/Mid224/train/frog/field_osteopilus_septentrionalis_24382_obs_220593022_390575761.jpeg
train/frog/field_osteopilus_septentrionalis_24382_obs_225322533_399473119.jpeg,frog,train,SUSPICIOUS_LABEL,575.13,107.97,46.22,0.001,damselfly,0.2529,data/Mid224/train/frog/field_osteopilus_septentrionalis_24382_obs_225322533_399473119.jpeg
train/frog/field_osteopilus_septentrionalis_24382_obs_27037914_42025758.jpeg,frog,train,SUSPICIOUS_LABEL,1534.6,99.09,59.71,0.0002,abaya,0.3338,data/Mid224/train/frog/field_osteopilus_septentrionalis_24382_obs_27037914_42025758.jpeg
train/frog/field_osteopilus_septentrionalis_24382_obs_31402988_49145796.jpeg,frog,train,SUSPICIOUS_LABEL,572.4,141.44,80.06,0.0034,wardrobe,0.2646,data/Mid224/train/frog/field_osteopilus_septentrionalis_24382_obs_31402988_49145796.jpeg
train/frog/field_osteopilus_septentrionalis_24382_obs_346300301_631235108.jpeg,frog,train,SUSPICIOUS_LABEL,3835.59,116.37,72.41,0.0,book jacket,0.4746,data/Mid224/train/frog/field_osteopilus_septentrionalis_24382_obs_346300301_631235108.jpeg
train/frog/field_osteopilus_septentrionalis_24382_obs_37574982_59592177.jpeg,frog,train,SUSPICIOUS_LABEL,436.6,91.19,52.25,0.0,Bedlington terrier,0.2194,data/Mid224/train/frog/field_osteopilus_septentrionalis_24382_obs_37574982_59592177.jpeg
train/frog/field_osteopilus_septentrionalis_24382_obs_46045171_73030560.jpeg,frog,train,SUSPICIOUS_LABEL,666.46,143.63,35.51,0.0043,pot,0.4644,data/Mid224/train/frog/field_osteopilus_septentrionalis_24382_obs_46045171_73030560.jpeg
train/frog/field_osteopilus_septentrionalis_24382_obs_47266343_74963355.jpeg,frog,train,SUSPICIOUS_LABEL,676.91,165.12,54.41,0.0073,leafhopper,0.5264,data/Mid224/train/frog/field_osteopilus_septentrionalis_24382_obs_47266343_74963355.jpeg
train/frog/field_osteopilus_septentrionalis_24382_obs_47629557_75547433.jpeg,frog,train,SUSPICIOUS_LABEL,718.76,93.84,71.52,0.0007,curly-coated retriever,0.336,data/Mid224/train/frog/field_osteopilus_septentrionalis_24382_obs_47629557_75547433.jpeg
train/frog/field_osteopilus_septentrionalis_24382_obs_65377157_105214948.jpeg,frog,train,SUSPICIOUS_LABEL,500.31,133.33,45.37,0.0115,bulletproof vest,0.2077,data/Mid224/train/frog/field_osteopilus_septentrionalis_24382_obs_65377157_105214948.jpeg
train/frog/field_osteopilus_septentrionalis_24382_obs_78606654_128663663.jpeg,frog,train,SUSPICIOUS_LABEL,477.17,106.19,48.08,0.0068,electric ray,0.3557,data/Mid224/train/frog/field_osteopilus_septentrionalis_24382_obs_78606654_128663663.jpeg
train/frog/field_osteopilus_septentrionalis_24382_obs_8401052_11177932.jpeg,frog,train,SUSPICIOUS_LABEL,6832.46,101.06,73.47,0.0,proboscis monkey,0.6585,data/Mid224/train/frog/field_osteopilus_septentrionalis_24382_obs_8401052_11177932.jpeg
train/frog/field_osteopilus_septentrionalis_24382_obs_9827274_13454343.jpeg,frog,train,LOW_CONTRAST,113.14,167.59,17.69,0.0009,puck,0.1617,data/Mid224/train/frog/field_osteopilus_septentrionalis_24382_obs_9827274_13454343.jpeg
train/frog/field_pelodryas_caerulea_1633145_obs_109365672_184316758.jpeg,frog,train,SUSPICIOUS_LABEL,166.69,154.87,51.95,0.002,studio couch,0.2266,data/Mid224/train/frog/field_pelodryas_caerulea_1633145_obs_109365672_184316758.jpeg
train/frog/field_pelodryas_caerulea_1633145_obs_109365672_184316767.jpeg,frog,train,SUSPICIOUS_LABEL,184.95,146.62,48.41,0.0001,toilet seat,0.4673,data/Mid224/train/frog/field_pelodryas_caerulea_1633145_obs_109365672_184316767.jpeg
train/frog/field_pelodryas_caerulea_1633145_obs_144414445_247852839.jpeg,frog,train,SUSPICIOUS_LABEL,749.96,77.68,40.65,0.0384,rock beauty,0.3235,data/Mid224/train/frog/field_pelodryas_caerulea_1633145_obs_144414445_247852839.jpeg
train/frog/field_pelodryas_caerulea_1633145_obs_144414445_247852849.jpeg,frog,train,SUSPICIOUS_LABEL,865.36,80.47,38.07,0.0098,pick,0.3912,data/Mid224/train/frog/field_pelodryas_caerulea_1633145_obs_144414445_247852849.jpeg
train/frog/field_pelodryas_caerulea_1633145_obs_150355800_259243565.jpeg,frog,train,SUSPICIOUS_LABEL,623.04,78.7,51.55,0.0015,bulletproof vest,0.2297,data/Mid224/train/frog/field_pelodryas_caerulea_1633145_obs_150355800_259243565.jpeg
train/frog/field_pelodryas_caerulea_1633145_obs_150979047_260431541.jpeg,frog,train,SUSPICIOUS_LABEL,376.32,148.42,48.15,0.0009,speedboat,0.4137,data/Mid224/train/frog/field_pelodryas_caerulea_1633145_obs_150979047_260431541.jpeg
train/frog/field_pelodryas_caerulea_1633145_obs_166492860_288321743.jpeg,frog,train,SUSPICIOUS_LABEL,846.95,133.0,77.82,0.0,spotlight,0.3041,data/Mid224/train/frog/field_pelodryas_caerulea_1633145_obs_166492860_288321743.jpeg
train/frog/field_pelodryas_caerulea_1633145_obs_19765815_30457978.jpeg,frog,train,SUSPICIOUS_LABEL,366.7,142.58,43.48,0.0207,revolver,0.2049,data/Mid224/train/frog/field_pelodryas_caerulea_1633145_obs_19765815_30457978.jpeg
train/frog/field_pelodryas_caerulea_1633145_obs_201307741_355336974.jpeg,frog,train,SUSPICIOUS_LABEL,103.83,123.59,32.68,0.0,loupe,0.3772,data/Mid224/train/frog/field_pelodryas_caerulea_1633145_obs_201307741_355336974.jpeg
train/frog/field_pelodryas_caerulea_1633145_obs_238054196_423756229.jpeg,frog,train,BLURRY,71.28,156.5,35.6,0.0005,pick,0.0744,data/Mid224/train/frog/field_pelodryas_caerulea_1633145_obs_238054196_423756229.jpeg
train/frog/field_pelodryas_caerulea_1633145_obs_248834388_444701176.jpeg,frog,train,SUSPICIOUS_LABEL,846.1,115.73,60.8,0.0,television,0.678,data/Mid224/train/frog/field_pelodryas_caerulea_1633145_obs_248834388_444701176.jpeg
train/frog/field_pelodryas_caerulea_1633145_obs_255285897_457467614.jpeg,frog,train,SUSPICIOUS_LABEL,164.57,62.53,43.72,0.0098,bulletproof vest,0.2905,data/Mid224/train/frog/field_pelodryas_caerulea_1633145_obs_255285897_457467614.jpeg
train/frog/field_pelodryas_caerulea_1633145_obs_255820516_458535430.jpeg,frog,train,SUSPICIOUS_LABEL,1198.37,121.6,71.29,0.0006,bulletproof vest,0.6779,data/Mid224/train/frog/field_pelodryas_caerulea_1633145_obs_255820516_458535430.jpeg
train/frog/field_pelodryas_caerulea_1633145_obs_310154606_559744268.jpeg,frog,train,SUSPICIOUS_LABEL,1265.3,109.28,59.02,0.0119,green mamba,0.2125,data/Mid224/train/frog/field_pelodryas_caerulea_1633145_obs_310154606_559744268.jpeg
train/frog/field_pelodryas_caerulea_1633145_obs_328930319_596148617.jpeg,frog,train,SUSPICIOUS_LABEL,309.63,149.28,44.18,0.0,reel,0.2009,data/Mid224/train/frog/field_pelodryas_caerulea_1633145_obs_328930319_596148617.jpeg
train/frog/field_pelodryas_caerulea_1633145_obs_333134884_604740762.jpeg,frog,train,SUSPICIOUS_LABEL,1296.59,97.17,53.45,0.0,Sealyham terrier,0.3515,data/Mid224/train/frog/field_pelodryas_caerulea_1633145_obs_333134884_604740762.jpeg
train/frog/field_pelodryas_caerulea_1633145_obs_333134884_604746961.jpeg,frog,train,SUSPICIOUS_LABEL;DUPLICATE_PHASH,1280.11,97.17,53.12,0.0,Sealyham terrier,0.4317,data/Mid224/train/frog/field_pelodryas_caerulea_1633145_obs_333134884_604746961.jpeg
train/frog/field_pelodryas_caerulea_1633145_obs_374793532_685092690.jpeg,frog,train,SUSPICIOUS_LABEL,445.11,88.01,67.46,0.0032,loupe,0.48,data/Mid224/train/frog/field_pelodryas_caerulea_1633145_obs_374793532_685092690.jpeg
train/frog/field_pelodryas_caerulea_1633145_obs_40071839_63643262.jpeg,frog,train,BLURRY,52.92,144.15,27.19,0.0002,revolver,0.0262,data/Mid224/train/frog/field_pelodryas_caerulea_1633145_obs_40071839_63643262.jpeg
train/frog/field_pelodryas_caerulea_1633145_obs_48101516_76308059.jpeg,frog,train,SUSPICIOUS_LABEL,2015.3,97.47,45.95,0.0263,tench,0.3418,data/Mid224/train/frog/field_pelodryas_caerulea_1633145_obs_48101516_76308059.jpeg
train/frog/field_pelodryas_caerulea_1633145_obs_63872597_102587513.jpeg,frog,train,SUSPICIOUS_LABEL,290.96,88.03,41.52,0.0016,half track,0.2675,data/Mid224/train/frog/field_pelodryas_caerulea_1633145_obs_63872597_102587513.jpeg
train/frog/field_pelodryas_caerulea_1633145_obs_67663239_109377264.jpeg,frog,train,SUSPICIOUS_LABEL,485.06,68.3,68.68,0.0127,bulletproof vest,0.492,data/Mid224/train/frog/field_pelodryas_caerulea_1633145_obs_67663239_109377264.jpeg
train/frog/field_pelodryas_caerulea_1633145_obs_71679701_116739128.jpeg,frog,train,SUSPICIOUS_LABEL,3539.73,97.03,51.8,0.0403,African chameleon,0.4998,data/Mid224/train/frog/field_pelodryas_caerulea_1633145_obs_71679701_116739128.jpeg
train/frog/field_pelodryas_caerulea_1633145_obs_78046199_127682859.jpeg,frog,train,SUSPICIOUS_LABEL,279.49,133.93,51.52,0.0019,bathing cap,0.2089,data/Mid224/train/frog/field_pelodryas_caerulea_1633145_obs_78046199_127682859.jpeg
train/frog/field_pelodryas_caerulea_1633145_obs_93242321_154512630.jpeg,frog,train,SUSPICIOUS_LABEL,293.86,167.65,71.97,0.0,plane,0.4529,data/Mid224/train/frog/field_pelodryas_caerulea_1633145_obs_93242321_154512630.jpeg
train/frog/field_pelophylax_perezi_66331_obs_104281748_174701173.jpeg,frog,train,SUSPICIOUS_LABEL,1484.85,144.66,53.26,0.0036,head cabbage,0.6718,data/Mid224/train/frog/field_pelophylax_perezi_66331_obs_104281748_174701173.jpeg
train/frog/field_pelophylax_perezi_66331_obs_141183034_241804358.jpeg,frog,train,SUSPICIOUS_LABEL,4657.63,106.93,62.61,0.0019,common newt,0.2366,data/Mid224/train/frog/field_pelophylax_perezi_66331_obs_141183034_241804358.jpeg
train/frog/field_pelophylax_perezi_66331_obs_159880015_276380325.jpeg,frog,train,SUSPICIOUS_LABEL,458.83,124.71,31.58,0.0022,platypus,0.3936,data/Mid224/train/frog/field_pelophylax_perezi_66331_obs_159880015_276380325.jpeg
train/frog/field_pelophylax_perezi_66331_obs_216538920_382966826.jpeg,frog,train,BLURRY;LOW_CONTRAST,44.3,137.72,13.46,0.0007,kite,0.0428,data/Mid224/train/frog/field_pelophylax_perezi_66331_obs_216538920_382966826.jpeg
train/frog/field_pelophylax_perezi_66331_obs_235567604_418951901.jpeg,frog,train,SUSPICIOUS_LABEL,637.8,135.3,30.46,0.0071,banded gecko,0.2295,data/Mid224/train/frog/field_pelophylax_perezi_66331_obs_235567604_418951901.jpeg
train/frog/field_pelophylax_perezi_66331_obs_244971144_437050847.jpeg,frog,train,SUSPICIOUS_LABEL,433.77,131.14,26.7,0.0182,tick,0.3596,data/Mid224/train/frog/field_pelophylax_perezi_66331_obs_244971144_437050847.jpeg
train/frog/field_pelophylax_perezi_66331_obs_258647561_464105340.jpeg,frog,train,SUSPICIOUS_LABEL,2181.85,112.37,53.84,0.0122,rock python,0.3424,data/Mid224/train/frog/field_pelophylax_perezi_66331_obs_258647561_464105340.jpeg
train/frog/field_pelophylax_perezi_66331_obs_282338087_507254217.jpeg,frog,train,SUSPICIOUS_LABEL,1128.64,112.93,38.06,0.0058,weasel,0.2125,data/Mid224/train/frog/field_pelophylax_perezi_66331_obs_282338087_507254217.jpeg
train/frog/field_pelophylax_perezi_66331_obs_287145603_516283115.jpeg,frog,train,SUSPICIOUS_LABEL,1848.18,121.71,66.7,0.01,beaver,0.2046,data/Mid224/train/frog/field_pelophylax_perezi_66331_obs_287145603_516283115.jpeg
train/frog/field_pelophylax_perezi_66331_obs_31013_558571.jpeg,frog,train,SUSPICIOUS_LABEL,645.26,115.12,39.59,0.0032,barn spider,0.3375,data/Mid224/train/frog/field_pelophylax_perezi_66331_obs_31013_558571.jpeg
train/frog/field_pelophylax_perezi_66331_obs_343637654_626012681.jpeg,frog,train,SUSPICIOUS_LABEL,834.31,149.6,50.86,0.0021,mortar,0.3554,data/Mid224/train/frog/field_pelophylax_perezi_66331_obs_343637654_626012681.jpeg
train/frog/field_pelophylax_perezi_66331_obs_355596495_648488606.jpeg,frog,train,SUSPICIOUS_LABEL,363.19,123.71,20.67,0.023,platypus,0.2429,data/Mid224/train/frog/field_pelophylax_perezi_66331_obs_355596495_648488606.jpeg
train/frog/field_pelophylax_perezi_66331_obs_372656453_680981841.jpeg,frog,train,SUSPICIOUS_LABEL,1519.84,154.37,30.64,0.0227,tick,0.2166,data/Mid224/train/frog/field_pelophylax_perezi_66331_obs_372656453_680981841.jpeg
train/frog/field_pelophylax_perezi_66331_obs_50083949_79528096.jpeg,frog,train,SUSPICIOUS_LABEL,422.09,83.26,28.86,0.02,speedboat,0.3828,data/Mid224/train/frog/field_pelophylax_perezi_66331_obs_50083949_79528096.jpeg
train/frog/field_pelophylax_ridibundus_1319807_obs_112635773_190263730.jpeg,frog,train,SUSPICIOUS_LABEL,1089.32,118.58,57.41,0.0098,platypus,0.207,data/Mid224/train/frog/field_pelophylax_ridibundus_1319807_obs_112635773_190263730.jpeg
train/frog/field_pelophylax_ridibundus_1319807_obs_120865982_204471020.jpeg,frog,train,SUSPICIOUS_LABEL,465.9,99.93,36.45,0.0,red-breasted merganser,0.7781,data/Mid224/train/frog/field_pelophylax_ridibundus_1319807_obs_120865982_204471020.jpeg
train/frog/field_pelophylax_ridibundus_1319807_obs_131905787_224544848.jpeg,frog,train,SUSPICIOUS_LABEL,781.29,90.0,52.2,0.0063,jaguar,0.292,data/Mid224/train/frog/field_pelophylax_ridibundus_1319807_obs_131905787_224544848.jpeg
train/frog/field_pelophylax_ridibundus_1319807_obs_161802688_279706297.jpeg,frog,train,LOW_CONTRAST,112.12,136.04,14.17,0.0005,barn spider,0.1504,data/Mid224/train/frog/field_pelophylax_ridibundus_1319807_obs_161802688_279706297.jpeg
train/frog/field_pelophylax_ridibundus_1319807_obs_182629266_318460456.jpeg,frog,train,SUSPICIOUS_LABEL,729.11,87.25,32.06,0.0091,platypus,0.2071,data/Mid224/train/frog/field_pelophylax_ridibundus_1319807_obs_182629266_318460456.jpeg
train/frog/field_pelophylax_ridibundus_1319807_obs_18561715_28398804.jpeg,frog,train,SUSPICIOUS_LABEL,2044.17,119.37,65.95,0.0035,cardoon,0.2441,data/Mid224/train/frog/field_pelophylax_ridibundus_1319807_obs_18561715_28398804.jpeg
train/frog/field_pelophylax_ridibundus_1319807_obs_201233933_355195075.jpeg,frog,train,LOW_CONTRAST,148.58,56.88,17.6,0.0073,nematode,0.1772,data/Mid224/train/frog/field_pelophylax_ridibundus_1319807_obs_201233933_355195075.jpeg
train/frog/field_pelophylax_ridibundus_1319807_obs_201898695_356480180.jpeg,frog,train,SUSPICIOUS_LABEL,518.33,133.51,40.73,0.0037,platypus,0.509,data/Mid224/train/frog/field_pelophylax_ridibundus_1319807_obs_201898695_356480180.jpeg
train/frog/field_pelophylax_ridibundus_1319807_obs_269671487_484898235.jpeg,frog,train,SUSPICIOUS_LABEL,338.38,155.27,39.17,0.009,tick,0.2627,data/Mid224/train/frog/field_pelophylax_ridibundus_1319807_obs_269671487_484898235.jpeg
train/frog/field_pelophylax_ridibundus_1319807_obs_28925912_45117093.jpeg,frog,train,SUSPICIOUS_LABEL,483.84,124.89,51.46,0.0,ox,0.6224,data/Mid224/train/frog/field_pelophylax_ridibundus_1319807_obs_28925912_45117093.jpeg
train/frog/field_pelophylax_ridibundus_1319807_obs_319314805_577198455.jpeg,frog,train,SUSPICIOUS_LABEL,3034.0,126.01,63.36,0.0119,banded gecko,0.2453,data/Mid224/train/frog/field_pelophylax_ridibundus_1319807_obs_319314805_577198455.jpeg
train/frog/field_pelophylax_ridibundus_1319807_obs_359182034_655288170.jpeg,frog,train,BLURRY;LOW_CONTRAST,59.82,90.63,11.27,0.0026,parachute,0.086,data/Mid224/train/frog/field_pelophylax_ridibundus_1319807_obs_359182034_655288170.jpeg
train/frog/field_pelophylax_ridibundus_1319807_obs_44112974_69943266.jpeg,frog,train,SUSPICIOUS_LABEL,449.14,110.26,21.0,0.0003,platypus,0.5111,data/Mid224/train/frog/field_pelophylax_ridibundus_1319807_obs_44112974_69943266.jpeg
train/frog/field_pelophylax_ridibundus_1319807_obs_61078283_97704696.jpeg,frog,train,SUSPICIOUS_LABEL,407.86,92.04,30.16,0.0063,marmot,0.226,data/Mid224/train/frog/field_pelophylax_ridibundus_1319807_obs_61078283_97704696.jpeg
train/frog/field_pelophylax_ridibundus_1319807_obs_84746453_139319980.jpeg,frog,train,SUSPICIOUS_LABEL,654.52,129.0,41.59,0.036,barn spider,0.4773,data/Mid224/train/frog/field_pelophylax_ridibundus_1319807_obs_84746453_139319980.jpeg
train/frog/field_polypedates_megacephalus_26571_obs_113214159_191294227.jpeg,frog,train,SUSPICIOUS_LABEL,924.03,193.15,55.9,0.0013,bow,0.6849,data/Mid224/train/frog/field_polypedates_megacephalus_26571_obs_113214159_191294227.jpeg
train/frog/field_polypedates_megacephalus_26571_obs_123795632_209760219.jpeg,frog,train,SUSPICIOUS_LABEL,361.63,71.91,49.55,0.0049,whiskey jug,0.2698,data/Mid224/train/frog/field_polypedates_megacephalus_26571_obs_123795632_209760219.jpeg
train/frog/field_polypedates_megacephalus_26571_obs_127076625_215696153.jpeg,frog,train,SUSPICIOUS_LABEL,545.75,114.39,47.43,0.001,bolo tie,0.3748,data/Mid224/train/frog/field_polypedates_megacephalus_26571_obs_127076625_215696153.jpeg
train/frog/field_polypedates_megacephalus_26571_obs_127701847_216811135.jpeg,frog,train,LOW_CONTRAST,84.12,51.36,17.89,0.0048,nematode,0.0226,data/Mid224/train/frog/field_polypedates_megacephalus_26571_obs_127701847_216811135.jpeg
train/frog/field_polypedates_megacephalus_26571_obs_170986785_296648128.jpeg,frog,train,BLURRY;LOW_CONTRAST,72.65,67.08,15.44,0.0034,nematode,0.0415,data/Mid224/train/frog/field_polypedates_megacephalus_26571_obs_170986785_296648128.jpeg
train/frog/field_polypedates_megacephalus_26571_obs_18086514_27653668.jpeg,frog,train,SUSPICIOUS_LABEL,1627.59,139.04,50.92,0.0005,gyromitra,0.203,data/Mid224/train/frog/field_polypedates_megacephalus_26571_obs_18086514_27653668.jpeg
train/frog/field_polypedates_megacephalus_26571_obs_193545069_340003370.jpeg,frog,train,SUSPICIOUS_LABEL,2065.16,102.15,38.34,0.0004,custard apple,0.3173,data/Mid224/train/frog/field_polypedates_megacephalus_26571_obs_193545069_340003370.jpeg
train/frog/field_polypedates_megacephalus_26571_obs_198124407_349127746.jpeg,frog,train,SUSPICIOUS_LABEL,612.02,98.09,57.27,0.0009,pot,0.362,data/Mid224/train/frog/field_polypedates_megacephalus_26571_obs_198124407_349127746.jpeg
train/frog/field_polypedates_megacephalus_26571_obs_211484276_373891419.jpeg,frog,train,SUSPICIOUS_LABEL,418.81,159.19,56.64,0.0001,revolver,0.461,data/Mid224/train/frog/field_polypedates_megacephalus_26571_obs_211484276_373891419.jpeg
train/frog/field_polypedates_megacephalus_26571_obs_222042693_393273163.jpeg,frog,train,SUSPICIOUS_LABEL,344.06,135.8,60.33,0.0005,tick,0.3781,data/Mid224/train/frog/field_polypedates_megacephalus_26571_obs_222042693_393273163.jpeg
train/frog/field_polypedates_megacephalus_26571_obs_225966243_400689117.jpeg,frog,train,SUSPICIOUS_LABEL,1047.3,108.75,51.79,0.0001,worm fence,0.5433,data/Mid224/train/frog/field_polypedates_megacephalus_26571_obs_225966243_400689117.jpeg
train/frog/field_polypedates_megacephalus_26571_obs_242059878_431494682.jpeg,frog,train,SUSPICIOUS_LABEL,182.23,125.37,26.23,0.004,bulletproof vest,0.2477,data/Mid224/train/frog/field_polypedates_megacephalus_26571_obs_242059878_431494682.jpeg
train/frog/field_polypedates_megacephalus_26571_obs_265769530_477432626.jpeg,frog,train,SUSPICIOUS_LABEL,2676.28,112.51,53.7,0.0,ashcan,0.2883,data/Mid224/train/frog/field_polypedates_megacephalus_26571_obs_265769530_477432626.jpeg
train/frog/field_polypedates_megacephalus_26571_obs_270548480_486567714.jpeg,frog,train,SUSPICIOUS_LABEL,229.73,159.65,54.78,0.0084,ground beetle,0.3499,data/Mid224/train/frog/field_polypedates_megacephalus_26571_obs_270548480_486567714.jpeg
train/frog/field_polypedates_megacephalus_26571_obs_302350200_544893307.jpeg,frog,train,SUSPICIOUS_LABEL,541.28,131.41,49.87,0.0056,platypus,0.7685,data/Mid224/train/frog/field_polypedates_megacephalus_26571_obs_302350200_544893307.jpeg
train/frog/field_polypedates_megacephalus_26571_obs_346508203_631645454.jpeg,frog,train,SUSPICIOUS_LABEL,542.34,79.53,46.92,0.0001,prison,0.2533,data/Mid224/train/frog/field_polypedates_megacephalus_26571_obs_346508203_631645454.jpeg
train/frog/field_polypedates_megacephalus_26571_obs_43051543_68356244.jpeg,frog,train,SUSPICIOUS_LABEL,318.24,135.7,47.16,0.0115,electric ray,0.2693,data/Mid224/train/frog/field_polypedates_megacephalus_26571_obs_43051543_68356244.jpeg
train/frog/field_polypedates_megacephalus_26571_obs_43588881_69154202.jpeg,frog,train,SUSPICIOUS_LABEL,1081.46,104.94,54.73,0.0205,hen-of-the-woods,0.4387,data/Mid224/train/frog/field_polypedates_megacephalus_26571_obs_43588881_69154202.jpeg
train/frog/field_polypedates_megacephalus_26571_obs_63956982_102735669.jpeg,frog,train,UNDEREXPOSED,134.65,31.94,43.08,0.0017,bulletproof vest,0.0801,data/Mid224/train/frog/field_polypedates_megacephalus_26571_obs_63956982_102735669.jpeg
train/frog/field_polypedates_megacephalus_26571_obs_76055466_124442239.jpeg,frog,train,BLURRY;LOW_CONTRAST,29.4,149.58,12.88,0.0003,hartebeest,0.0678,data/Mid224/train/frog/field_polypedates_megacephalus_26571_obs_76055466_124442239.jpeg
train/frog/field_polypedates_megacephalus_26571_obs_80248251_131512102.jpeg,frog,train,UNDEREXPOSED,315.77,31.31,41.11,0.0011,stretcher,0.1391,data/Mid224/train/frog/field_polypedates_megacephalus_26571_obs_80248251_131512102.jpeg
train/frog/field_pseudacris_crucifer_24268_obs_100781617_168239182.jpeg,frog,train,SUSPICIOUS_LABEL,2550.16,124.02,54.12,0.0008,stinkhorn,0.2963,data/Mid224/train/frog/field_pseudacris_crucifer_24268_obs_100781617_168239182.jpeg
train/frog/field_pseudacris_crucifer_24268_obs_105326663_176699333.jpeg,frog,train,SUSPICIOUS_LABEL,607.56,115.15,55.76,0.0099,barn spider,0.5622,data/Mid224/train/frog/field_pseudacris_crucifer_24268_obs_105326663_176699333.jpeg
train/frog/field_pseudacris_crucifer_24268_obs_123088321_208482460.jpeg,frog,train,SUSPICIOUS_LABEL,792.14,101.5,61.42,0.0136,gyromitra,0.3658,data/Mid224/train/frog/field_pseudacris_crucifer_24268_obs_123088321_208482460.jpeg
train/frog/field_pseudacris_crucifer_24268_obs_137929549_235655004.jpeg,frog,train,UNDEREXPOSED;SUSPICIOUS_LABEL,179.05,34.28,38.87,0.0094,chain saw,0.2066,data/Mid224/train/frog/field_pseudacris_crucifer_24268_obs_137929549_235655004.jpeg
train/frog/field_pseudacris_crucifer_24268_obs_182630955_318464702.jpeg,frog,train,SUSPICIOUS_LABEL,563.38,121.86,29.52,0.0005,barn spider,0.3147,data/Mid224/train/frog/field_pseudacris_crucifer_24268_obs_182630955_318464702.jpeg
train/frog/field_pseudacris_crucifer_24268_obs_21275202_32895140.jpeg,frog,train,SUSPICIOUS_LABEL,1046.07,98.97,44.4,0.0081,gyromitra,0.2614,data/Mid224/train/frog/field_pseudacris_crucifer_24268_obs_21275202_32895140.jpeg
train/frog/field_pseudacris_crucifer_24268_obs_271983442_489288667.jpeg,frog,train,SUSPICIOUS_LABEL,4134.99,138.27,45.26,0.0088,head cabbage,0.2837,data/Mid224/train/frog/field_pseudacris_crucifer_24268_obs_271983442_489288667.jpeg
train/frog/field_pseudacris_crucifer_24268_obs_271983442_489288668.jpeg,frog,train,SUSPICIOUS_LABEL,4400.48,138.19,48.44,0.0004,radio telescope,0.2808,data/Mid224/train/frog/field_pseudacris_crucifer_24268_obs_271983442_489288668.jpeg
train/frog/field_pseudacris_crucifer_24268_obs_313849472_566810440.jpeg,frog,train,SUSPICIOUS_LABEL,820.73,131.66,50.64,0.0069,cucumber,0.2508,data/Mid224/train/frog/field_pseudacris_crucifer_24268_obs_313849472_566810440.jpeg
train/frog/field_pseudacris_crucifer_24268_obs_343601535_625941020.jpeg,frog,train,SUSPICIOUS_LABEL,305.49,41.95,39.61,0.0136,earthstar,0.4017,data/Mid224/train/frog/field_pseudacris_crucifer_24268_obs_343601535_625941020.jpeg
train/frog/field_pseudacris_crucifer_24268_obs_360264607_657372652.jpeg,frog,train,SUSPICIOUS_LABEL,1670.13,86.54,64.64,0.0006,jacamar,0.2417,data/Mid224/train/frog/field_pseudacris_crucifer_24268_obs_360264607_657372652.jpeg
train/frog/field_pseudacris_crucifer_24268_obs_376520281_688435888.jpeg,frog,train,SUSPICIOUS_LABEL,483.6,122.41,44.25,0.007,three-toed sloth,0.4931,data/Mid224/train/frog/field_pseudacris_crucifer_24268_obs_376520281_688435888.jpeg
train/frog/field_pseudacris_crucifer_24268_obs_3991392_4713513.jpeg,frog,train,SUSPICIOUS_LABEL,538.87,121.41,65.95,0.0002,airship,0.844,data/Mid224/train/frog/field_pseudacris_crucifer_24268_obs_3991392_4713513.jpeg
train/frog/field_pseudacris_crucifer_24268_obs_59231757_94628910.jpeg,frog,train,SUSPICIOUS_LABEL,504.61,83.45,70.84,0.0046,cauliflower,0.4419,data/Mid224/train/frog/field_pseudacris_crucifer_24268_obs_59231757_94628910.jpeg
train/frog/field_pseudacris_crucifer_24268_obs_72136310_117562134.jpeg,frog,train,SUSPICIOUS_LABEL,2480.73,99.29,44.42,0.0085,tick,0.3126,data/Mid224/train/frog/field_pseudacris_crucifer_24268_obs_72136310_117562134.jpeg
train/frog/field_pseudacris_maculata_24255_obs_110488024_186391614.jpeg,frog,train,SUSPICIOUS_LABEL,1297.89,131.58,63.11,0.0185,rock python,0.5528,data/Mid224/train/frog/field_pseudacris_maculata_24255_obs_110488024_186391614.jpeg
train/frog/field_pseudacris_maculata_24255_obs_119894099_202724412.jpeg,frog,train,SUSPICIOUS_LABEL,2058.77,92.64,55.71,0.019,plastic bag,0.2521,data/Mid224/train/frog/field_pseudacris_maculata_24255_obs_119894099_202724412.jpeg
train/frog/field_pseudacris_maculata_24255_obs_157431120_272194911.jpeg,frog,train,SUSPICIOUS_LABEL,643.02,120.21,28.29,0.0,red-breasted merganser,0.4143,data/Mid224/train/frog/field_pseudacris_maculata_24255_obs_157431120_272194911.jpeg
train/frog/field_pseudacris_maculata_24255_obs_159575481_275713240.jpeg,frog,train,SUSPICIOUS_LABEL,707.22,105.68,51.66,0.0005,parallel bars,0.2633,data/Mid224/train/frog/field_pseudacris_maculata_24255_obs_159575481_275713240.jpeg
train/frog/field_pseudacris_maculata_24255_obs_170575652_295870711.jpeg,frog,train,SUSPICIOUS_LABEL,689.28,155.63,52.64,0.0064,platypus,0.2755,data/Mid224/train/frog/field_pseudacris_maculata_24255_obs_170575652_295870711.jpeg
train/frog/field_pseudacris_maculata_24255_obs_171871741_298283641.jpeg,frog,train,SUSPICIOUS_LABEL,905.21,138.45,45.75,0.0,bow,0.2692,data/Mid224/train/frog/field_pseudacris_maculata_24255_obs_171871741_298283641.jpeg
train/frog/field_pseudacris_maculata_24255_obs_184174002_321438022.jpeg,frog,train,SUSPICIOUS_LABEL,690.23,85.14,42.19,0.0151,barn spider,0.2318,data/Mid224/train/frog/field_pseudacris_maculata_24255_obs_184174002_321438022.jpeg
train/frog/field_pseudacris_maculata_24255_obs_205583168_363526248.jpeg,frog,train,UNDEREXPOSED,441.03,28.98,28.8,0.1097,barn spider,0.2758,data/Mid224/train/frog/field_pseudacris_maculata_24255_obs_205583168_363526248.jpeg
train/frog/field_pseudacris_maculata_24255_obs_207278407_366619535.jpeg,frog,train,SUSPICIOUS_LABEL,647.2,67.13,55.56,0.0,slide rule,0.2797,data/Mid224/train/frog/field_pseudacris_maculata_24255_obs_207278407_366619535.jpeg
train/frog/field_pseudacris_maculata_24255_obs_218908555_387415307.jpeg,frog,train,SUSPICIOUS_LABEL,1730.84,92.22,61.24,0.0023,rock beauty,0.2643,data/Mid224/train/frog/field_pseudacris_maculata_24255_obs_218908555_387415307.jpeg
train/frog/field_pseudacris_maculata_24255_obs_230575022_409421475.jpeg,frog,train,SUSPICIOUS_LABEL,5391.06,116.13,56.7,0.0088,whiptail,0.2723,data/Mid224/train/frog/field_pseudacris_maculata_24255_obs_230575022_409421475.jpeg
train/frog/field_pseudacris_maculata_24255_obs_233309485_414617258.jpeg,frog,train,SUSPICIOUS_LABEL,1835.73,127.23,65.74,0.0006,spaghetti squash,0.2715,data/Mid224/train/frog/field_pseudacris_maculata_24255_obs_233309485_414617258.jpeg
train/frog/field_pseudacris_maculata_24255_obs_270004874_485528814.jpeg,frog,train,DUPLICATE_PHASH,848.44,102.65,48.12,0.8506,tailed frog,0.6806,data/Mid224/train/frog/field_pseudacris_maculata_24255_obs_270004874_485528814.jpeg
train/frog/field_pseudacris_maculata_24255_obs_34098356_53622104.jpeg,frog,train,SUSPICIOUS_LABEL,2626.0,123.06,54.44,0.0186,polecat,0.2172,data/Mid224/train/frog/field_pseudacris_maculata_24255_obs_34098356_53622104.jpeg
train/frog/field_pseudacris_maculata_24255_obs_346109245_630852254.jpeg,frog,train,SUSPICIOUS_LABEL,351.2,112.54,26.42,0.0089,nematode,0.3584,data/Mid224/train/frog/field_pseudacris_maculata_24255_obs_346109245_630852254.jpeg
train/frog/field_pseudacris_maculata_24255_obs_349397973_637361062.jpeg,frog,train,SUSPICIOUS_LABEL,1361.83,115.14,50.38,0.0053,gyromitra,0.4847,data/Mid224/train/frog/field_pseudacris_maculata_24255_obs_349397973_637361062.jpeg
train/frog/field_pseudacris_maculata_24255_obs_41075120_65125709.jpeg,frog,train,SUSPICIOUS_LABEL,346.03,182.56,23.54,0.0233,platypus,0.339,data/Mid224/train/frog/field_pseudacris_maculata_24255_obs_41075120_65125709.jpeg
train/frog/field_pseudacris_maculata_24255_obs_7152434_9211193.jpeg,frog,train,SUSPICIOUS_LABEL,508.37,145.31,52.12,0.0001,swimming trunks,0.2496,data/Mid224/train/frog/field_pseudacris_maculata_24255_obs_7152434_9211193.jpeg
train/frog/field_pseudacris_maculata_24255_obs_74337584_121482968.jpeg,frog,train,SUSPICIOUS_LABEL,2140.5,108.8,55.09,0.0007,brambling,0.412,data/Mid224/train/frog/field_pseudacris_maculata_24255_obs_74337584_121482968.jpeg
train/frog/field_pseudacris_maculata_24255_obs_74421091_121625850.jpeg,frog,train,SUSPICIOUS_LABEL,729.66,155.45,31.87,0.0,red-breasted merganser,0.5359,data/Mid224/train/frog/field_pseudacris_maculata_24255_obs_74421091_121625850.jpeg
train/frog/field_pseudacris_regilla_24259_obs_101571006_169640383.jpeg,frog,train,SUSPICIOUS_LABEL,619.03,99.88,43.19,0.0001,curly-coated retriever,0.8113,data/Mid224/train/frog/field_pseudacris_regilla_24259_obs_101571006_169640383.jpeg
train/frog/field_pseudacris_regilla_24259_obs_10502644_14609508.jpeg,frog,train,SUSPICIOUS_LABEL,2781.16,116.74,55.28,0.0006,indri,0.2296,data/Mid224/train/frog/field_pseudacris_regilla_24259_obs_10502644_14609508.jpeg
train/frog/field_pseudacris_regilla_24259_obs_110499304_186411064.jpeg,frog,train,SUSPICIOUS_LABEL,730.27,139.46,51.99,0.0002,bulletproof vest,0.3355,data/Mid224/train/frog/field_pseudacris_regilla_24259_obs_110499304_186411064.jpeg
train/frog/field_pseudacris_regilla_24259_obs_139550424_238707206.jpeg,frog,train,SUSPICIOUS_LABEL,327.32,95.53,37.7,0.0005,web site,0.283,data/Mid224/train/frog/field_pseudacris_regilla_24259_obs_139550424_238707206.jpeg
train/frog/field_pseudacris_regilla_24259_obs_145487669_249911228.jpeg,frog,train,SUSPICIOUS_LABEL,905.06,39.25,41.69,0.0,chain saw,0.8038,data/Mid224/train/frog/field_pseudacris_regilla_24259_obs_145487669_249911228.jpeg
train/frog/field_pseudacris_regilla_24259_obs_152634355_263515120.jpeg,frog,train,SUSPICIOUS_LABEL,1413.4,85.62,63.76,0.0033,folding chair,0.3121,data/Mid224/train/frog/field_pseudacris_regilla_24259_obs_152634355_263515120.jpeg
train/frog/field_pseudacris_regilla_24259_obs_209137212_370086450.jpeg,frog,train,SUSPICIOUS_LABEL,1339.62,128.97,48.78,0.0092,head cabbage,0.2264,data/Mid224/train/frog/field_pseudacris_regilla_24259_obs_209137212_370086450.jpeg
train/frog/field_pseudacris_regilla_24259_obs_255862425_458617890.jpeg,frog,train,SUSPICIOUS_LABEL,271.08,110.57,75.12,0.0009,cloak,0.4739,data/Mid224/train/frog/field_pseudacris_regilla_24259_obs_255862425_458617890.jpeg
train/frog/field_pseudacris_regilla_24259_obs_319718930_577975830.jpeg,frog,train,SUSPICIOUS_LABEL,954.0,112.06,73.99,0.0002,broccoli,0.4664,data/Mid224/train/frog/field_pseudacris_regilla_24259_obs_319718930_577975830.jpeg
train/frog/field_pseudacris_regilla_24259_obs_370512879_676871025.jpeg,frog,train,SUSPICIOUS_LABEL,309.82,111.07,42.51,0.0079,dugong,0.5886,data/Mid224/train/frog/field_pseudacris_regilla_24259_obs_370512879_676871025.jpeg
train/frog/field_pseudacris_regilla_24259_obs_48795689_77441568.jpeg,frog,train,SUSPICIOUS_LABEL,857.89,127.11,57.04,0.0036,cabbage butterfly,0.2617,data/Mid224/train/frog/field_pseudacris_regilla_24259_obs_48795689_77441568.jpeg
train/frog/field_pseudacris_regilla_24259_obs_69599277_112964734.jpeg,frog,train,SUSPICIOUS_LABEL,581.69,88.88,41.27,0.0095,fox squirrel,0.2293,data/Mid224/train/frog/field_pseudacris_regilla_24259_obs_69599277_112964734.jpeg
train/frog/field_pseudacris_regilla_24259_obs_75494304_123518578.jpeg,frog,train,SUSPICIOUS_LABEL,4076.61,106.35,47.22,0.0142,fox squirrel,0.4623,data/Mid224/train/frog/field_pseudacris_regilla_24259_obs_75494304_123518578.jpeg
train/frog/field_pseudacris_regilla_24259_obs_80666703_132229022.jpeg,frog,train,SUSPICIOUS_LABEL,269.67,47.98,37.21,0.0015,bloodhound,0.2034,data/Mid224/train/frog/field_pseudacris_regilla_24259_obs_80666703_132229022.jpeg
train/frog/field_pseudacris_regilla_24259_obs_8351882_11097544.jpeg,frog,train,SUSPICIOUS_LABEL,423.38,107.17,34.16,0.0012,bulletproof vest,0.3732,data/Mid224/train/frog/field_pseudacris_regilla_24259_obs_8351882_11097544.jpeg
train/frog/field_rana_dalmatina_25669_obs_100411647_167585855.jpeg,frog,train,SUSPICIOUS_LABEL,2432.59,141.39,51.75,0.0012,weasel,0.3402,data/Mid224/train/frog/field_rana_dalmatina_25669_obs_100411647_167585855.jpeg
train/frog/field_rana_dalmatina_25669_obs_117140488_197798144.jpeg,frog,train,SUSPICIOUS_LABEL,1964.4,127.57,53.66,0.005,hen-of-the-woods,0.3316,data/Mid224/train/frog/field_rana_dalmatina_25669_obs_117140488_197798144.jpeg
train/frog/field_rana_dalmatina_25669_obs_132852966_226202693.jpeg,frog,train,SUSPICIOUS_LABEL,450.03,146.19,27.3,0.0001,barn spider,0.4622,data/Mid224/train/frog/field_rana_dalmatina_25669_obs_132852966_226202693.jpeg
train/frog/field_rana_dalmatina_25669_obs_133638901_227660962.jpeg,frog,train,SUSPICIOUS_LABEL,887.89,111.36,53.38,0.0021,proboscis monkey,0.3948,data/Mid224/train/frog/field_rana_dalmatina_25669_obs_133638901_227660962.jpeg
train/frog/field_rana_dalmatina_25669_obs_151085710_260633160.jpeg,frog,train,SUSPICIOUS_LABEL,1708.9,84.37,67.38,0.0002,proboscis monkey,0.4421,data/Mid224/train/frog/field_rana_dalmatina_25669_obs_151085710_260633160.jpeg
train/frog/field_rana_dalmatina_25669_obs_1523273_1887753.jpeg,frog,train,SUSPICIOUS_LABEL,566.19,110.41,48.8,0.0104,platypus,0.2167,data/Mid224/train/frog/field_rana_dalmatina_25669_obs_1523273_1887753.jpeg
train/frog/field_rana_dalmatina_25669_obs_152920554_264048258.jpeg,frog,train,SUSPICIOUS_LABEL,961.33,101.43,53.95,0.012,lynx,0.2377,data/Mid224/train/frog/field_rana_dalmatina_25669_obs_152920554_264048258.jpeg
train/frog/field_rana_dalmatina_25669_obs_184599879_322255409.jpeg,frog,train,SUSPICIOUS_LABEL,2571.69,82.46,53.51,0.0002,gyromitra,0.4946,data/Mid224/train/frog/field_rana_dalmatina_25669_obs_184599879_322255409.jpeg
train/frog/field_rana_dalmatina_25669_obs_18923793_29007257.jpeg,frog,train,SUSPICIOUS_LABEL,1073.29,112.96,62.66,0.0001,loupe,0.2315,data/Mid224/train/frog/field_rana_dalmatina_25669_obs_18923793_29007257.jpeg
train/frog/field_rana_dalmatina_25669_obs_209269973_370338245.jpeg,frog,train,SUSPICIOUS_LABEL,4874.54,106.44,67.38,0.0006,hen-of-the-woods,0.2219,data/Mid224/train/frog/field_rana_dalmatina_25669_obs_209269973_370338245.jpeg
train/frog/field_rana_dalmatina_25669_obs_231229885_410655008.jpeg,frog,train,SUSPICIOUS_LABEL,1915.84,96.51,48.48,0.0016,proboscis monkey,0.3479,data/Mid224/train/frog/field_rana_dalmatina_25669_obs_231229885_410655008.jpeg
train/frog/field_rana_dalmatina_25669_obs_252939074_452833510.jpeg,frog,train,SUSPICIOUS_LABEL,2588.24,104.87,56.13,0.0017,gyromitra,0.4174,data/Mid224/train/frog/field_rana_dalmatina_25669_obs_252939074_452833510.jpeg
train/frog/field_rana_dalmatina_25669_obs_260399561_467629991.jpeg,frog,train,SUSPICIOUS_LABEL,222.7,138.37,47.49,0.0,assault rifle,0.3886,data/Mid224/train/frog/field_rana_dalmatina_25669_obs_260399561_467629991.jpeg
train/frog/field_rana_dalmatina_25669_obs_288518560_518867404.jpeg,frog,train,SUSPICIOUS_LABEL,680.2,88.85,46.48,0.0027,coucal,0.2843,data/Mid224/train/frog/field_rana_dalmatina_25669_obs_288518560_518867404.jpeg
train/frog/field_rana_dalmatina_25669_obs_292810481_526974790.jpeg,frog,train,SUSPICIOUS_LABEL,2388.05,88.18,61.45,0.0038,hen-of-the-woods,0.3161,data/Mid224/train/frog/field_rana_dalmatina_25669_obs_292810481_526974790.jpeg
train/frog/field_rana_dalmatina_25669_obs_303095665_546281089.jpeg,frog,train,SUSPICIOUS_LABEL,304.51,86.41,26.9,0.0032,platypus,0.2634,data/Mid224/train/frog/field_rana_dalmatina_25669_obs_303095665_546281089.jpeg
train/frog/field_rana_dalmatina_25669_obs_41295018_65496818.jpeg,frog,train,SUSPICIOUS_LABEL,648.77,114.86,63.37,0.0027,coucal,0.2107,data/Mid224/train/frog/field_rana_dalmatina_25669_obs_41295018_65496818.jpeg
train/frog/field_rana_dalmatina_25669_obs_62096072_99448051.jpeg,frog,train,SUSPICIOUS_LABEL,1649.39,116.85,54.77,0.0021,gyromitra,0.3394,data/Mid224/train/frog/field_rana_dalmatina_25669_obs_62096072_99448051.jpeg
train/frog/field_rana_temporaria_25591_obs_10701741_14946561.jpeg,frog,train,SUSPICIOUS_LABEL,945.92,128.78,57.79,0.0087,airship,0.5069,data/Mid224/train/frog/field_rana_temporaria_25591_obs_10701741_14946561.jpeg
train/frog/field_rana_temporaria_25591_obs_126200746_214104089.jpeg,frog,train,SUSPICIOUS_LABEL,1958.52,105.07,57.91,0.0018,komondor,0.2188,data/Mid224/train/frog/field_rana_temporaria_25591_obs_126200746_214104089.jpeg
train/frog/field_rana_temporaria_25591_obs_135075570_230339502.jpeg,frog,train,SUSPICIOUS_LABEL,543.96,63.7,42.89,0.0123,nematode,0.3147,data/Mid224/train/frog/field_rana_temporaria_25591_obs_135075570_230339502.jpeg
train/frog/field_rana_temporaria_25591_obs_135545570_231198875.jpeg,frog,train,SUSPICIOUS_LABEL,1872.78,82.81,58.59,0.0161,proboscis monkey,0.2883,data/Mid224/train/frog/field_rana_temporaria_25591_obs_135545570_231198875.jpeg
train/frog/field_rana_temporaria_25591_obs_139710624_239012516.jpeg,frog,train,SUSPICIOUS_LABEL,945.84,113.18,53.87,0.0008,ox,0.2337,data/Mid224/train/frog/field_rana_temporaria_25591_obs_139710624_239012516.jpeg
train/frog/field_rana_temporaria_25591_obs_172858101_300127826.jpeg,frog,train,SUSPICIOUS_LABEL,7231.18,115.33,56.61,0.0001,mink,0.3947,data/Mid224/train/frog/field_rana_temporaria_25591_obs_172858101_300127826.jpeg
train/frog/field_rana_temporaria_25591_obs_215774555_381528017.jpeg,frog,train,SUSPICIOUS_LABEL,154.65,166.25,45.94,0.0009,ski,0.2291,data/Mid224/train/frog/field_rana_temporaria_25591_obs_215774555_381528017.jpeg
train/frog/field_rana_temporaria_25591_obs_220733617_390828145.jpeg,frog,train,SUSPICIOUS_LABEL,318.4,204.42,68.84,0.0,bulletproof vest,0.821,data/Mid224/train/frog/field_rana_temporaria_25591_obs_220733617_390828145.jpeg
train/frog/field_rana_temporaria_25591_obs_240417483_428324435.jpeg,frog,train,SUSPICIOUS_LABEL,985.07,133.36,50.66,0.0118,barn spider,0.3749,data/Mid224/train/frog/field_rana_temporaria_25591_obs_240417483_428324435.jpeg
train/frog/field_rana_temporaria_25591_obs_248022299_443082312.jpeg,frog,train,SUSPICIOUS_LABEL,1032.03,125.61,53.18,0.0179,sidewinder,0.2084,data/Mid224/train/frog/field_rana_temporaria_25591_obs_248022299_443082312.jpeg
train/frog/field_rana_temporaria_25591_obs_262256734_471154043.jpeg,frog,train,SUSPICIOUS_LABEL,946.29,86.62,49.42,0.0041,worm fence,0.4108,data/Mid224/train/frog/field_rana_temporaria_25591_obs_262256734_471154043.jpeg
train/frog/field_rana_temporaria_25591_obs_265736737_477368710.jpeg,frog,train,SUSPICIOUS_LABEL,639.09,88.72,43.5,0.0043,tank,0.2034,data/Mid224/train/frog/field_rana_temporaria_25591_obs_265736737_477368710.jpeg
train/frog/field_rana_temporaria_25591_obs_267331192_480403217.jpeg,frog,train,SUSPICIOUS_LABEL,481.04,82.77,45.34,0.0096,goldfish,0.2156,data/Mid224/train/frog/field_rana_temporaria_25591_obs_267331192_480403217.jpeg
train/frog/field_rana_temporaria_25591_obs_270875513_487191420.jpeg,frog,train,SUSPICIOUS_LABEL,377.38,131.06,38.75,0.0008,bulletproof vest,0.2978,data/Mid224/train/frog/field_rana_temporaria_25591_obs_270875513_487191420.jpeg
train/frog/field_rana_temporaria_25591_obs_28112677_43801276.jpeg,frog,train,SUSPICIOUS_LABEL,3350.08,133.61,46.65,0.0197,whiptail,0.2184,data/Mid224/train/frog/field_rana_temporaria_25591_obs_28112677_43801276.jpeg
train/frog/field_rana_temporaria_25591_obs_334996512_706036467.jpeg,frog,train,SUSPICIOUS_LABEL,1672.66,134.99,61.57,0.0136,hen-of-the-woods,0.3759,data/Mid224/train/frog/field_rana_temporaria_25591_obs_334996512_706036467.jpeg
train/frog/field_rana_temporaria_25591_obs_377019147_689399847.jpeg,frog,train,LOW_CONTRAST;SUSPICIOUS_LABEL,175.39,69.89,16.33,0.0007,nematode,0.3437,data/Mid224/train/frog/field_rana_temporaria_25591_obs_377019147_689399847.jpeg
train/frog/field_rana_temporaria_25591_obs_377413290_690166208.jpeg,frog,train,SUSPICIOUS_LABEL,1782.58,120.01,51.62,0.013,artichoke,0.2793,data/Mid224/train/frog/field_rana_temporaria_25591_obs_377413290_690166208.jpeg
train/frog/field_rana_temporaria_25591_obs_39409780_62521458.jpeg,frog,train,SUSPICIOUS_LABEL,1183.89,122.18,54.52,0.0158,hen-of-the-woods,0.4803,data/Mid224/train/frog/field_rana_temporaria_25591_obs_39409780_62521458.jpeg
train/frog/field_rana_temporaria_25591_obs_73627269_120225758.jpeg,frog,train,LOW_CONTRAST,148.24,84.91,16.88,0.0661,platypus,0.1808,data/Mid224/train/frog/field_rana_temporaria_25591_obs_73627269_120225758.jpeg
train/frog/field_rhinella_horribilis_517119_obs_100046583_166920226.jpeg,frog,train,SUSPICIOUS_LABEL,649.76,49.09,39.34,0.0027,hen-of-the-woods,0.2775,data/Mid224/train/frog/field_rhinella_horribilis_517119_obs_100046583_166920226.jpeg
train/frog/field_rhinella_horribilis_517119_obs_108469296_182630589.jpeg,frog,train,BLURRY;LOW_CONTRAST,58.1,181.49,11.54,0.0001,analog clock,0.0842,data/Mid224/train/frog/field_rhinella_horribilis_517119_obs_108469296_182630589.jpeg
train/frog/field_rhinella_horribilis_517119_obs_14105854_20890568.jpeg,frog,train,SUSPICIOUS_LABEL,458.83,71.63,50.97,0.0029,nematode,0.4168,data/Mid224/train/frog/field_rhinella_horribilis_517119_obs_14105854_20890568.jpeg
train/frog/field_rhinella_horribilis_517119_obs_159475460_275533045.jpeg,frog,train,SUSPICIOUS_LABEL,2678.37,106.06,52.17,0.0127,gyromitra,0.2048,data/Mid224/train/frog/field_rhinella_horribilis_517119_obs_159475460_275533045.jpeg
train/frog/field_rhinella_horribilis_517119_obs_19446683_29917880.jpeg,frog,train,SUSPICIOUS_LABEL,2695.93,123.92,40.56,0.0251,gyromitra,0.351,data/Mid224/train/frog/field_rhinella_horribilis_517119_obs_19446683_29917880.jpeg
train/frog/field_rhinella_horribilis_517119_obs_213826327_377905047.jpeg,frog,train,SUSPICIOUS_LABEL,1117.95,73.38,46.37,0.009,platypus,0.2867,data/Mid224/train/frog/field_rhinella_horribilis_517119_obs_213826327_377905047.jpeg
train/frog/field_rhinella_horribilis_517119_obs_218718000_387060927.jpeg,frog,train,SUSPICIOUS_LABEL,1361.28,126.71,45.77,0.0216,common newt,0.5935,data/Mid224/train/frog/field_rhinella_horribilis_517119_obs_218718000_387060927.jpeg
train/frog/field_rhinella_horribilis_517119_obs_26147361_40573157.jpeg,frog,train,SUSPICIOUS_LABEL,171.83,148.17,48.6,0.0004,chain saw,0.5942,data/Mid224/train/frog/field_rhinella_horribilis_517119_obs_26147361_40573157.jpeg
train/frog/field_rhinella_horribilis_517119_obs_59005992_94245445.jpeg,frog,train,BLURRY;LOW_CONTRAST;SUSPICIOUS_LABEL,61.72,36.96,11.68,0.0021,nematode,0.2648,data/Mid224/train/frog/field_rhinella_horribilis_517119_obs_59005992_94245445.jpeg
train/frog/field_rhinella_horribilis_517119_obs_62452746_100064326.jpeg,frog,train,SUSPICIOUS_LABEL,555.12,96.15,73.94,0.0119,horned viper,0.2152,data/Mid224/train/frog/field_rhinella_horribilis_517119_obs_62452746_100064326.jpeg
train/frog/field_rhinella_horribilis_517119_obs_9911141_13593821.jpeg,frog,train,SUSPICIOUS_LABEL,543.91,73.6,76.76,0.0444,pickelhaube,0.2602,data/Mid224/train/frog/field_rhinella_horribilis_517119_obs_9911141_13593821.jpeg
train/frog/field_rhinella_marina_553515_obs_104066632_174324854.jpeg,frog,train,SUSPICIOUS_LABEL,3465.41,115.65,48.43,0.0005,handkerchief,0.2191,data/Mid224/train/frog/field_rhinella_marina_553515_obs_104066632_174324854.jpeg
train/frog/field_rhinella_marina_553515_obs_113033490_190975342.jpeg,frog,train,SUSPICIOUS_LABEL,1543.15,107.32,58.18,0.0011,shower cap,0.2177,data/Mid224/train/frog/field_rhinella_marina_553515_obs_113033490_190975342.jpeg
train/frog/field_rhinella_marina_553515_obs_133062341_226595946.jpeg,frog,train,SUSPICIOUS_LABEL,1575.47,128.29,60.39,0.0023,bulletproof vest,0.5801,data/Mid224/train/frog/field_rhinella_marina_553515_obs_133062341_226595946.jpeg
train/frog/field_rhinella_marina_553515_obs_17729459_27034164.jpeg,frog,train,SUSPICIOUS_LABEL,472.42,129.87,39.39,0.0053,electric ray,0.4912,data/Mid224/train/frog/field_rhinella_marina_553515_obs_17729459_27034164.jpeg
train/frog/field_rhinella_marina_553515_obs_184625287_322307270.jpeg,frog,train,SUSPICIOUS_LABEL,603.44,132.9,44.98,0.0006,muzzle,0.3794,data/Mid224/train/frog/field_rhinella_marina_553515_obs_184625287_322307270.jpeg
train/frog/field_rhinella_marina_553515_obs_199956751_352696160.jpeg,frog,train,SUSPICIOUS_LABEL,673.02,58.51,65.79,0.001,bolo tie,0.5009,data/Mid224/train/frog/field_rhinella_marina_553515_obs_199956751_352696160.jpeg
train/frog/field_rhinella_marina_553515_obs_249619748_446254167.jpeg,frog,train,UNDEREXPOSED,108.24,24.15,26.96,0.0019,American black bear,0.0512,data/Mid224/train/frog/field_rhinella_marina_553515_obs_249619748_446254167.jpeg
train/frog/field_rhinella_marina_553515_obs_260546498_467921545.jpeg,frog,train,SUSPICIOUS_LABEL,459.16,141.77,44.84,0.0163,lacewing,0.683,data/Mid224/train/frog/field_rhinella_marina_553515_obs_260546498_467921545.jpeg
train/frog/field_rhinella_marina_553515_obs_270921353_487277066.jpeg,frog,train,SUSPICIOUS_LABEL,1086.77,132.22,55.21,0.0133,comic book,0.3894,data/Mid224/train/frog/field_rhinella_marina_553515_obs_270921353_487277066.jpeg
train/frog/field_rhinella_marina_553515_obs_319873184_578267592.jpeg,frog,train,SUSPICIOUS_LABEL,2598.83,107.16,51.36,0.0075,weasel,0.2208,data/Mid224/train/frog/field_rhinella_marina_553515_obs_319873184_578267592.jpeg
train/frog/field_rhinella_marina_553515_obs_330175202_598662282.jpeg,frog,train,SUSPICIOUS_LABEL,400.03,140.99,60.17,0.0003,dugong,0.2484,data/Mid224/train/frog/field_rhinella_marina_553515_obs_330175202_598662282.jpeg
train/frog/field_rhinella_marina_553515_obs_337971483_614493395.jpeg,frog,train,SUSPICIOUS_LABEL,2214.97,127.29,47.98,0.0298,banded gecko,0.2622,data/Mid224/train/frog/field_rhinella_marina_553515_obs_337971483_614493395.jpeg
train/frog/field_rhinella_marina_553515_obs_384829399_704480603.jpeg,frog,train,SUSPICIOUS_LABEL,368.43,124.42,69.17,0.0021,bulletproof vest,0.276,data/Mid224/train/frog/field_rhinella_marina_553515_obs_384829399_704480603.jpeg
train/frog/field_rhinella_marina_553515_obs_385454976_705659898.jpeg,frog,train,SUSPICIOUS_LABEL,657.38,105.3,51.02,0.0011,oxygen mask,0.2813,data/Mid224/train/frog/field_rhinella_marina_553515_obs_385454976_705659898.jpeg
train/frog/field_rhinella_marina_553515_obs_71603390_116604218.jpeg,frog,train,SUSPICIOUS_LABEL,2203.39,116.57,47.1,0.0009,stone wall,0.3275,data/Mid224/train/frog/field_rhinella_marina_553515_obs_71603390_116604218.jpeg
train/frog/field_sclerophrys_pantherina_517449_obs_104917605_175912985.jpeg,frog,train,SUSPICIOUS_LABEL,1310.68,87.26,50.77,0.0022,rock python,0.2609,data/Mid224/train/frog/field_sclerophrys_pantherina_517449_obs_104917605_175912985.jpeg
train/frog/field_sclerophrys_pantherina_517449_obs_107847467_181464933.jpeg,frog,train,SUSPICIOUS_LABEL,2348.15,119.94,39.99,0.0003,ant,0.3741,data/Mid224/train/frog/field_sclerophrys_pantherina_517449_obs_107847467_181464933.jpeg
train/frog/field_sclerophrys_pantherina_517449_obs_10811473_15140796.jpeg,frog,train,SUSPICIOUS_LABEL,979.99,137.84,57.29,0.0109,half track,0.3029,data/Mid224/train/frog/field_sclerophrys_pantherina_517449_obs_10811473_15140796.jpeg
train/frog/field_sclerophrys_pantherina_517449_obs_126335175_214347006.jpeg,frog,train,SUSPICIOUS_LABEL,1573.07,97.27,62.53,0.0001,military uniform,0.253,data/Mid224/train/frog/field_sclerophrys_pantherina_517449_obs_126335175_214347006.jpeg
train/frog/field_sclerophrys_pantherina_517449_obs_133426780_227271222.jpeg,frog,train,SUSPICIOUS_LABEL,2030.81,145.24,76.43,0.0162,jigsaw puzzle,0.3362,data/Mid224/train/frog/field_sclerophrys_pantherina_517449_obs_133426780_227271222.jpeg
train/frog/field_sclerophrys_pantherina_517449_obs_14293245_21225658.jpeg,frog,train,SUSPICIOUS_LABEL,1624.13,124.8,53.19,0.0074,bulletproof vest,0.4852,data/Mid224/train/frog/field_sclerophrys_pantherina_517449_obs_14293245_21225658.jpeg
train/frog/field_sclerophrys_pantherina_517449_obs_148603135_255937247.jpeg,frog,train,SUSPICIOUS_LABEL,3483.87,134.66,59.7,0.005,hen-of-the-woods,0.6796,data/Mid224/train/frog/field_sclerophrys_pantherina_517449_obs_148603135_255937247.jpeg
train/frog/field_sclerophrys_pantherina_517449_obs_17642378_26876044.jpeg,frog,train,SUSPICIOUS_LABEL,1063.25,89.8,65.72,0.0024,bulletproof vest,0.624,data/Mid224/train/frog/field_sclerophrys_pantherina_517449_obs_17642378_26876044.jpeg
train/frog/field_sclerophrys_pantherina_517449_obs_182196260_317623663.jpeg,frog,train,SUSPICIOUS_LABEL,1601.06,102.9,47.11,0.0039,maze,0.2022,data/Mid224/train/frog/field_sclerophrys_pantherina_517449_obs_182196260_317623663.jpeg
train/frog/field_sclerophrys_pantherina_517449_obs_184677353_322409049.jpeg,frog,train,SUSPICIOUS_LABEL,1209.2,120.02,57.66,0.0258,hen-of-the-woods,0.2894,data/Mid224/train/frog/field_sclerophrys_pantherina_517449_obs_184677353_322409049.jpeg
train/frog/field_sclerophrys_pantherina_517449_obs_192794820_338530943.jpeg,frog,train,SUSPICIOUS_LABEL,3851.06,133.29,54.97,0.009,Irish water spaniel,0.2022,data/Mid224/train/frog/field_sclerophrys_pantherina_517449_obs_192794820_338530943.jpeg
train/frog/field_sclerophrys_pantherina_517449_obs_234879878_417632213.jpeg,frog,train,SUSPICIOUS_LABEL,393.07,156.11,46.97,0.0027,leatherback turtle,0.3959,data/Mid224/train/frog/field_sclerophrys_pantherina_517449_obs_234879878_417632213.jpeg
train/frog/field_sclerophrys_pantherina_517449_obs_249123053_445270241.jpeg,frog,train,SUSPICIOUS_LABEL,401.62,150.04,29.92,0.0001,nematode,0.2458,data/Mid224/train/frog/field_sclerophrys_pantherina_517449_obs_249123053_445270241.jpeg
train/frog/field_sclerophrys_pantherina_517449_obs_249551792_446117724.jpeg,frog,train,SUSPICIOUS_LABEL,758.56,76.47,87.77,0.003,hair slide,0.3531,data/Mid224/train/frog/field_sclerophrys_pantherina_517449_obs_249551792_446117724.jpeg
train/frog/field_sclerophrys_pantherina_517449_obs_252466168_451952964.jpeg,frog,train,SUSPICIOUS_LABEL,2119.97,83.86,52.34,0.0051,jersey,0.3754,data/Mid224/train/frog/field_sclerophrys_pantherina_517449_obs_252466168_451952964.jpeg
train/frog/field_sclerophrys_pantherina_517449_obs_258110357_463047876.jpeg,frog,train,SUSPICIOUS_LABEL,1234.37,71.23,42.29,0.0003,barn spider,0.7948,data/Mid224/train/frog/field_sclerophrys_pantherina_517449_obs_258110357_463047876.jpeg
train/frog/field_sclerophrys_pantherina_517449_obs_338922113_616437960.jpeg,frog,train,SUSPICIOUS_LABEL,2536.48,130.89,53.49,0.0016,rock python,0.7456,data/Mid224/train/frog/field_sclerophrys_pantherina_517449_obs_338922113_616437960.jpeg
train/frog/field_sclerophrys_pantherina_517449_obs_36591864_57861418.jpeg,frog,train,SUSPICIOUS_LABEL,782.22,153.16,35.83,0.0036,chain mail,0.5826,data/Mid224/train/frog/field_sclerophrys_pantherina_517449_obs_36591864_57861418.jpeg
train/frog/field_sclerophrys_pantherina_517449_obs_54933351_87438622.jpeg,frog,train,SUSPICIOUS_LABEL,1093.85,128.26,59.08,0.0028,hair slide,0.4521,data/Mid224/train/frog/field_sclerophrys_pantherina_517449_obs_54933351_87438622.jpeg
train/frog/field_sclerophrys_pantherina_517449_obs_58358870_93165666.jpeg,frog,train,SUSPICIOUS_LABEL,853.37,151.2,54.83,0.0002,comic book,0.5879,data/Mid224/train/frog/field_sclerophrys_pantherina_517449_obs_58358870_93165666.jpeg
train/frog/field_sclerophrys_pantherina_517449_obs_67850394_109727016.jpeg,frog,train,SUSPICIOUS_LABEL,1138.42,120.49,65.23,0.0014,bulletproof vest,0.2176,data/Mid224/train/frog/field_sclerophrys_pantherina_517449_obs_67850394_109727016.jpeg
train/frog/field_sclerophrys_pantherina_517449_obs_85190532_140129478.jpeg,frog,train,SUSPICIOUS_LABEL,572.56,132.69,58.45,0.002,diaper,0.2111,data/Mid224/train/frog/field_sclerophrys_pantherina_517449_obs_85190532_140129478.jpeg
train/horse/horse_00002.jpeg,horse,train,SUSPICIOUS_LABEL,459.28,118.5,72.27,0.0022,curly-coated retriever,0.3939,data/Mid224/train/horse/horse_00002.jpeg
train/horse/horse_00003.jpeg,horse,train,SUSPICIOUS_LABEL,755.28,82.04,45.14,0.0005,Great Dane,0.2231,data/Mid224/train/horse/horse_00003.jpeg
train/horse/horse_00006.jpeg,horse,train,SUSPICIOUS_LABEL,276.01,156.84,60.22,0.0,space shuttle,0.6219,data/Mid224/train/horse/horse_00006.jpeg
train/horse/horse_00007.jpeg,horse,train,SUSPICIOUS_LABEL,567.43,161.77,30.32,0.0187,dhole,0.3769,data/Mid224/train/horse/horse_00007.jpeg
train/horse/horse_00009.jpeg,horse,train,SUSPICIOUS_LABEL,615.08,112.72,62.41,0.0001,Great Dane,0.7549,data/Mid224/train/horse/horse_00009.jpeg
train/horse/horse_00012.jpeg,horse,train,SUSPICIOUS_LABEL,1279.6,163.99,64.63,0.0037,worm fence,0.3322,data/Mid224/train/horse/horse_00012.jpeg
train/horse/horse_00013.jpeg,horse,train,SUSPICIOUS_LABEL,474.22,121.16,44.04,0.0372,llama,0.3855,data/Mid224/train/horse/horse_00013.jpeg
train/horse/horse_00014.jpeg,horse,train,SUSPICIOUS_LABEL,519.68,94.49,44.57,0.0031,Saluki,0.2452,data/Mid224/train/horse/horse_00014.jpeg
train/horse/horse_00016.jpeg,horse,train,SUSPICIOUS_LABEL,1286.62,151.51,56.31,0.0028,kelpie,0.3618,data/Mid224/train/horse/horse_00016.jpeg
train/horse/horse_00021.jpeg,horse,train,SUSPICIOUS_LABEL,285.99,140.83,53.44,0.0002,Bedlington terrier,0.3029,data/Mid224/train/horse/horse_00021.jpeg
train/horse/horse_00022.jpeg,horse,train,SUSPICIOUS_LABEL,434.83,135.63,65.88,0.0014,Great Dane,0.6605,data/Mid224/train/horse/horse_00022.jpeg
train/horse/horse_00024.jpeg,horse,train,SUSPICIOUS_LABEL,765.67,151.78,70.94,0.0004,African elephant,0.433,data/Mid224/train/horse/horse_00024.jpeg
train/horse/horse_00025.jpeg,horse,train,SUSPICIOUS_LABEL,597.97,48.36,54.01,0.031,ox,0.2549,data/Mid224/train/horse/horse_00025.jpeg
train/horse/horse_00026.jpeg,horse,train,SUSPICIOUS_LABEL,1722.59,98.15,59.69,0.0119,English setter,0.5209,data/Mid224/train/horse/horse_00026.jpeg
train/horse/horse_00027.jpeg,horse,train,SUSPICIOUS_LABEL,567.92,124.45,38.35,0.0008,kuvasz,0.2086,data/Mid224/train/horse/horse_00027.jpeg
train/horse/horse_00033.jpeg,horse,train,SUSPICIOUS_LABEL,147.25,144.87,78.7,0.0003,groenendael,0.5053,data/Mid224/train/horse/horse_00033.jpeg
train/horse/horse_00035.jpeg,horse,train,SUSPICIOUS_LABEL,488.74,114.18,62.02,0.0013,oxcart,0.5847,data/Mid224/train/horse/horse_00035.jpeg
train/horse/horse_00036.jpeg,horse,train,SUSPICIOUS_LABEL,524.42,140.39,59.45,0.0003,English foxhound,0.2414,data/Mid224/train/horse/horse_00036.jpeg
train/horse/horse_00037.jpeg,horse,train,SUSPICIOUS_LABEL,740.84,141.66,67.39,0.0003,Great Dane,0.5364,data/Mid224/train/horse/horse_00037.jpeg
train/horse/horse_00041.jpeg,horse,train,SUSPICIOUS_LABEL,682.72,147.58,55.44,0.0218,ski,0.3744,data/Mid224/train/horse/horse_00041.jpeg
train/horse/horse_00051.jpeg,horse,train,SUSPICIOUS_LABEL,505.08,52.0,42.16,0.0001,curly-coated retriever,0.3843,data/Mid224/train/horse/horse_00051.jpeg
train/horse/horse_00054.jpeg,horse,train,SUSPICIOUS_LABEL,373.28,135.62,35.19,0.0281,hartebeest,0.2381,data/Mid224/train/horse/horse_00054.jpeg
train/horse/horse_00056.jpeg,horse,train,SUSPICIOUS_LABEL,243.72,110.01,31.69,0.0003,German short-haired pointer,0.2701,data/Mid224/train/horse/horse_00056.jpeg
train/horse/horse_00058.jpeg,horse,train,SUSPICIOUS_LABEL,491.05,121.02,68.19,0.0001,kuvasz,0.3916,data/Mid224/train/horse/horse_00058.jpeg
train/horse/horse_00059.jpeg,horse,train,UNDEREXPOSED,256.26,29.66,34.5,0.0005,curly-coated retriever,0.084,data/Mid224/train/horse/horse_00059.jpeg
train/horse/horse_00060.jpeg,horse,train,SUSPICIOUS_LABEL,1802.33,111.39,72.69,0.0005,dalmatian,0.3821,data/Mid224/train/horse/horse_00060.jpeg
train/horse/horse_00063.jpeg,horse,train,SUSPICIOUS_LABEL,254.6,133.83,39.67,0.0048,Bedlington terrier,0.2508,data/Mid224/train/horse/horse_00063.jpeg
train/horse/horse_00065.jpeg,horse,train,SUSPICIOUS_LABEL,657.41,130.06,40.69,0.0162,Ibizan hound,0.2303,data/Mid224/train/horse/horse_00065.jpeg
train/horse/horse_00066.jpeg,horse,train,SUSPICIOUS_LABEL,1812.44,124.71,50.18,0.0241,hartebeest,0.2324,data/Mid224/train/horse/horse_00066.jpeg
train/horse/horse_00067.jpeg,horse,train,SUSPICIOUS_LABEL,1576.83,90.27,64.0,0.0255,llama,0.2427,data/Mid224/train/horse/horse_00067.jpeg
train/horse/horse_00068.jpeg,horse,train,SUSPICIOUS_LABEL,1265.82,126.53,54.99,0.0001,Mexican hairless,0.2545,data/Mid224/train/horse/horse_00068.jpeg
train/horse/horse_00075.jpeg,horse,train,SUSPICIOUS_LABEL,701.34,121.33,84.16,0.01,tusker,0.4853,data/Mid224/train/horse/horse_00075.jpeg
train/horse/horse_00076.jpeg,horse,train,SUSPICIOUS_LABEL,739.03,50.85,55.83,0.0001,komondor,0.4154,data/Mid224/train/horse/horse_00076.jpeg
train/horse/horse_00079.jpeg,horse,train,SUSPICIOUS_LABEL,647.65,135.11,67.42,0.0,tusker,0.5754,data/Mid224/train/horse/horse_00079.jpeg
train/horse/horse_00081.jpeg,horse,train,SUSPICIOUS_LABEL,181.5,146.06,58.53,0.0001,tusker,0.4108,data/Mid224/train/horse/horse_00081.jpeg
train/horse/horse_00082.jpeg,horse,train,SUSPICIOUS_LABEL,457.37,146.13,43.4,0.0106,llama,0.2693,data/Mid224/train/horse/horse_00082.jpeg
train/horse/horse_00086.jpeg,horse,train,SUSPICIOUS_LABEL,793.34,107.19,38.92,0.0017,hartebeest,0.4177,data/Mid224/train/horse/horse_00086.jpeg
train/horse/horse_00089.jpeg,horse,train,SUSPICIOUS_LABEL,357.1,148.22,70.76,0.0027,Arabian camel,0.641,data/Mid224/train/horse/horse_00089.jpeg
train/horse/horse_00094.jpeg,horse,train,SUSPICIOUS_LABEL,497.38,170.81,52.09,0.0003,curly-coated retriever,0.3063,data/Mid224/train/horse/horse_00094.jpeg
train/horse/horse_00098.jpeg,horse,train,SUSPICIOUS_LABEL,531.98,94.64,46.86,0.0036,komondor,0.2322,data/Mid224/train/horse/horse_00098.jpeg
train/horse/horse_00102.jpeg,horse,train,SUSPICIOUS_LABEL,387.42,140.33,33.5,0.0032,Arabian camel,0.6072,data/Mid224/train/horse/horse_00102.jpeg
train/horse/horse_00103.jpeg,horse,train,SUSPICIOUS_LABEL,570.82,110.19,85.08,0.0,curly-coated retriever,0.6624,data/Mid224/train/horse/horse_00103.jpeg
train/horse/horse_00106.jpeg,horse,train,SUSPICIOUS_LABEL,799.27,137.34,56.36,0.024,African elephant,0.2733,data/Mid224/train/horse/horse_00106.jpeg
train/horse/horse_00109.jpeg,horse,train,SUSPICIOUS_LABEL,1181.61,132.27,76.89,0.0001,Kerry blue terrier,0.2764,data/Mid224/train/horse/horse_00109.jpeg
train/horse/horse_00113.jpeg,horse,train,SUSPICIOUS_LABEL,754.08,103.74,59.78,0.001,ox,0.7515,data/Mid224/train/horse/horse_00113.jpeg
train/horse/horse_00115.jpeg,horse,train,SUSPICIOUS_LABEL,322.34,132.86,41.77,0.0036,black stork,0.2531,data/Mid224/train/horse/horse_00115.jpeg
train/horse/horse_00119.jpeg,horse,train,SUSPICIOUS_LABEL,844.35,103.76,68.63,0.0011,Arabian camel,0.5115,data/Mid224/train/horse/horse_00119.jpeg
train/horse/horse_00120.jpeg,horse,train,SUSPICIOUS_LABEL,992.3,155.33,52.32,0.0013,thresher,0.7016,data/Mid224/train/horse/horse_00120.jpeg
train/horse/horse_00124.jpeg,horse,train,SUSPICIOUS_LABEL,259.19,119.69,57.08,0.0115,redbone,0.3533,data/Mid224/train/horse/horse_00124.jpeg
train/horse/horse_00125.jpeg,horse,train,SUSPICIOUS_LABEL,1261.23,85.59,74.7,0.027,bulletproof vest,0.2622,data/Mid224/train/horse/horse_00125.jpeg
train/horse/horse_00126.jpeg,horse,train,SUSPICIOUS_LABEL,437.35,119.03,67.24,0.0054,Arabian camel,0.5374,data/Mid224/train/horse/horse_00126.jpeg
train/horse/horse_00128.jpeg,horse,train,SUSPICIOUS_LABEL,613.29,156.98,71.74,0.0034,Arabian camel,0.7755,data/Mid224/train/horse/horse_00128.jpeg
train/horse/horse_00129.jpeg,horse,train,SUSPICIOUS_LABEL,397.6,148.16,60.74,0.0186,dhole,0.3968,data/Mid224/train/horse/horse_00129.jpeg
train/horse/horse_00132.jpeg,horse,train,SUSPICIOUS_LABEL,974.97,134.85,53.36,0.0001,curly-coated retriever,0.2982,data/Mid224/train/horse/horse_00132.jpeg
train/horse/horse_00137.jpeg,horse,train,SUSPICIOUS_LABEL,261.55,105.28,31.98,0.0034,ox,0.2038,data/Mid224/train/horse/horse_00137.jpeg
train/horse/horse_00138.jpeg,horse,train,SUSPICIOUS_LABEL,788.43,120.31,56.62,0.0001,standard poodle,0.2368,data/Mid224/train/horse/horse_00138.jpeg
train/horse/horse_00139.jpeg,horse,train,SUSPICIOUS_LABEL,792.74,133.14,45.08,0.0121,Arabian camel,0.2844,data/Mid224/train/horse/horse_00139.jpeg
train/horse/horse_00140.jpeg,horse,train,SUSPICIOUS_LABEL,644.62,88.57,62.0,0.0026,ox,0.3023,data/Mid224/train/horse/horse_00140.jpeg
train/horse/horse_00141.jpeg,horse,train,SUSPICIOUS_LABEL,498.13,150.4,71.99,0.016,Great Dane,0.3064,data/Mid224/train/horse/horse_00141.jpeg
train/horse/horse_00142.jpeg,horse,train,SUSPICIOUS_LABEL,614.78,117.24,49.17,0.0012,borzoi,0.3396,data/Mid224/train/horse/horse_00142.jpeg
train/horse/horse_00144.jpeg,horse,train,SUSPICIOUS_LABEL,1000.65,130.53,63.13,0.0132,Great Dane,0.2053,data/Mid224/train/horse/horse_00144.jpeg
train/horse/horse_00146.jpeg,horse,train,SUSPICIOUS_LABEL,247.1,103.56,49.5,0.0013,pedestal,0.3594,data/Mid224/train/horse/horse_00146.jpeg
train/horse/horse_00152.jpeg,horse,train,SUSPICIOUS_LABEL,923.49,130.48,61.22,0.0002,curly-coated retriever,0.5025,data/Mid224/train/horse/horse_00152.jpeg
train/horse/horse_00153.jpeg,horse,train,SUSPICIOUS_LABEL,1031.63,211.9,73.07,0.0118,black-and-tan coonhound,0.3585,data/Mid224/train/horse/horse_00153.jpeg
train/horse/horse_00154.jpeg,horse,train,SUSPICIOUS_LABEL,662.77,42.72,48.21,0.0003,komondor,0.3513,data/Mid224/train/horse/horse_00154.jpeg
train/horse/horse_00155.jpeg,horse,train,SUSPICIOUS_LABEL,916.4,83.25,45.86,0.0004,bloodhound,0.7856,data/Mid224/train/horse/horse_00155.jpeg
train/horse/horse_00157.jpeg,horse,train,SUSPICIOUS_LABEL,701.96,126.76,63.82,0.0004,king penguin,0.2028,data/Mid224/train/horse/horse_00157.jpeg
train/horse/horse_00159.jpeg,horse,train,SUSPICIOUS_LABEL,553.49,73.61,59.43,0.0164,Great Dane,0.5339,data/Mid224/train/horse/horse_00159.jpeg
train/horse/horse_00160.jpeg,horse,train,SUSPICIOUS_LABEL,522.92,114.11,81.98,0.0001,cloak,0.5097,data/Mid224/train/horse/horse_00160.jpeg
train/horse/horse_00163.jpeg,horse,train,SUSPICIOUS_LABEL,518.84,142.91,56.36,0.0001,alp,0.5951,data/Mid224/train/horse/horse_00163.jpeg
train/horse/horse_00164.jpeg,horse,train,SUSPICIOUS_LABEL,418.75,102.55,52.27,0.0005,white wolf,0.4108,data/Mid224/train/horse/horse_00164.jpeg
train/horse/horse_00167.jpeg,horse,train,SUSPICIOUS_LABEL,539.67,141.49,81.17,0.0052,Doberman,0.2196,data/Mid224/train/horse/horse_00167.jpeg
train/horse/horse_00169.jpeg,horse,train,SUSPICIOUS_LABEL,653.44,124.71,56.33,0.0172,black-and-tan coonhound,0.3702,data/Mid224/train/horse/horse_00169.jpeg
train/horse/horse_00172.jpeg,horse,train,SUSPICIOUS_LABEL,1198.8,149.81,50.32,0.0003,tusker,0.5521,data/Mid224/train/horse/horse_00172.jpeg
train/horse/horse_00173.jpeg,horse,train,SUSPICIOUS_LABEL,675.2,87.49,52.43,0.0141,bloodhound,0.4714,data/Mid224/train/horse/horse_00173.jpeg
train/horse/horse_00174.jpeg,horse,train,SUSPICIOUS_LABEL,1109.82,130.64,73.53,0.0001,Ibizan hound,0.2759,data/Mid224/train/horse/horse_00174.jpeg
train/horse/horse_00175.jpeg,horse,train,SUSPICIOUS_LABEL,574.97,189.96,62.85,0.0012,ox,0.3027,data/Mid224/train/horse/horse_00175.jpeg
train/horse/horse_00177.jpeg,horse,train,SUSPICIOUS_LABEL,387.38,92.12,37.32,0.0165,Saluki,0.4054,data/Mid224/train/horse/horse_00177.jpeg
train/horse/horse_00182.jpeg,horse,train,SUSPICIOUS_LABEL,1539.29,149.59,61.34,0.0045,groenendael,0.3731,data/Mid224/train/horse/horse_00182.jpeg
train/horse/horse_00183.jpeg,horse,train,SUSPICIOUS_LABEL,339.11,138.36,34.73,0.0038,Arabian camel,0.2847,data/Mid224/train/horse/horse_00183.jpeg
train/horse/horse_00185.jpeg,horse,train,SUSPICIOUS_LABEL,533.03,119.9,49.62,0.0019,ox,0.2537,data/Mid224/train/horse/horse_00185.jpeg
train/horse/horse_00186.jpeg,horse,train,SUSPICIOUS_LABEL,574.69,189.06,45.18,0.003,hartebeest,0.3829,data/Mid224/train/horse/horse_00186.jpeg
train/horse/horse_00190.jpeg,horse,train,SUSPICIOUS_LABEL,923.53,177.83,92.74,0.0019,Mexican hairless,0.3468,data/Mid224/train/horse/horse_00190.jpeg
train/horse/horse_00193.jpeg,horse,train,SUSPICIOUS_LABEL,726.59,138.15,64.52,0.0038,black-and-tan coonhound,0.4021,data/Mid224/train/horse/horse_00193.jpeg
train/horse/horse_00194.jpeg,horse,train,SUSPICIOUS_LABEL,797.07,179.82,44.32,0.0018,triceratops,0.5983,data/Mid224/train/horse/horse_00194.jpeg
train/horse/horse_00197.jpeg,horse,train,SUSPICIOUS_LABEL,629.97,125.61,59.22,0.0,komondor,0.2601,data/Mid224/train/horse/horse_00197.jpeg
train/horse/horse_00198.jpeg,horse,train,SUSPICIOUS_LABEL,838.24,144.43,60.02,0.0002,Great Dane,0.2782,data/Mid224/train/horse/horse_00198.jpeg
train/horse/horse_00200.jpeg,horse,train,SUSPICIOUS_LABEL,1037.64,118.82,65.5,0.0051,groenendael,0.3159,data/Mid224/train/horse/horse_00200.jpeg
train/horse/horse_00204.jpeg,horse,train,SUSPICIOUS_LABEL,520.46,96.97,60.74,0.0016,tusker,0.2164,data/Mid224/train/horse/horse_00204.jpeg
train/horse/horse_00205.jpeg,horse,train,SUSPICIOUS_LABEL,1385.47,135.74,73.85,0.0057,bulletproof vest,0.3032,data/Mid224/train/horse/horse_00205.jpeg
train/horse/horse_00206.jpeg,horse,train,SUSPICIOUS_LABEL,330.97,153.58,51.79,0.0021,Mexican hairless,0.3628,data/Mid224/train/horse/horse_00206.jpeg
train/horse/horse_00207.jpeg,horse,train,SUSPICIOUS_LABEL,973.2,113.82,55.51,0.0089,black-and-tan coonhound,0.6497,data/Mid224/train/horse/horse_00207.jpeg
train/horse/horse_00210.jpeg,horse,train,SUSPICIOUS_LABEL,457.13,106.93,72.84,0.0007,bulletproof vest,0.3303,data/Mid224/train/horse/horse_00210.jpeg
train/horse/horse_00211.jpeg,horse,train,SUSPICIOUS_LABEL,592.5,89.62,42.07,0.0004,Scottish deerhound,0.264,data/Mid224/train/horse/horse_00211.jpeg
train/horse/horse_00212.jpeg,horse,train,SUSPICIOUS_LABEL,302.43,140.22,54.11,0.0011,tusker,0.2344,data/Mid224/train/horse/horse_00212.jpeg
train/horse/horse_00215.jpeg,horse,train,SUSPICIOUS_LABEL,444.05,114.3,63.93,0.027,Doberman,0.4588,data/Mid224/train/horse/horse_00215.jpeg
train/horse/horse_00219.jpeg,horse,train,SUSPICIOUS_LABEL,306.23,139.55,80.25,0.0,bulletproof vest,0.2703,data/Mid224/train/horse/horse_00219.jpeg
train/horse/horse_00222.jpeg,horse,train,SUSPICIOUS_LABEL,367.81,128.56,40.55,0.0001,tusker,0.4778,data/Mid224/train/horse/horse_00222.jpeg
train/horse/horse_00231.jpeg,horse,train,SUSPICIOUS_LABEL,468.96,127.37,62.68,0.0001,black-and-tan coonhound,0.2351,data/Mid224/train/horse/horse_00231.jpeg
train/horse/horse_00235.jpeg,horse,train,SUSPICIOUS_LABEL,295.97,159.36,55.51,0.0009,Great Dane,0.2005,data/Mid224/train/horse/horse_00235.jpeg
train/horse/horse_00236.jpeg,horse,train,SUSPICIOUS_LABEL,292.34,118.04,49.9,0.0199,English foxhound,0.3546,data/Mid224/train/horse/horse_00236.jpeg
train/horse/horse_00237.jpeg,horse,train,SUSPICIOUS_LABEL,336.0,152.21,54.74,0.0166,tusker,0.4382,data/Mid224/train/horse/horse_00237.jpeg
train/horse/horse_00240.jpeg,horse,train,SUSPICIOUS_LABEL,468.81,155.25,52.92,0.0213,tusker,0.3474,data/Mid224/train/horse/horse_00240.jpeg
train/horse/horse_00241.jpeg,horse,train,SUSPICIOUS_LABEL,1168.09,165.41,74.11,0.0075,oxcart,0.3562,data/Mid224/train/horse/horse_00241.jpeg
train/horse/horse_00242.jpeg,horse,train,SUSPICIOUS_LABEL,487.46,81.26,58.05,0.0001,kuvasz,0.2649,data/Mid224/train/horse/horse_00242.jpeg
train/horse/horse_00243.jpeg,horse,train,SUSPICIOUS_LABEL,568.06,132.47,48.27,0.009,Great Dane,0.3164,data/Mid224/train/horse/horse_00243.jpeg
train/horse/horse_00246.jpeg,horse,train,SUSPICIOUS_LABEL,1170.92,120.86,57.81,0.0011,comic book,0.4441,data/Mid224/train/horse/horse_00246.jpeg
train/horse/horse_00249.jpeg,horse,train,SUSPICIOUS_LABEL,1025.28,119.78,64.55,0.001,Great Dane,0.5088,data/Mid224/train/horse/horse_00249.jpeg
train/horse/horse_00250.jpeg,horse,train,SUSPICIOUS_LABEL,470.92,158.26,46.18,0.0079,hog,0.2239,data/Mid224/train/horse/horse_00250.jpeg
train/horse/horse_00253.jpeg,horse,train,SUSPICIOUS_LABEL,613.04,86.11,47.51,0.0002,bighorn,0.5079,data/Mid224/train/horse/horse_00253.jpeg
train/horse/horse_00254.jpeg,horse,train,SUSPICIOUS_LABEL,482.0,57.24,42.77,0.0001,curly-coated retriever,0.2844,data/Mid224/train/horse/horse_00254.jpeg
train/horse/horse_00255.jpeg,horse,train,SUSPICIOUS_LABEL,485.44,111.11,68.6,0.0002,groenendael,0.5941,data/Mid224/train/horse/horse_00255.jpeg
train/horse/horse_00256.jpeg,horse,train,SUSPICIOUS_LABEL,429.65,129.43,69.13,0.0004,curly-coated retriever,0.4377,data/Mid224/train/horse/horse_00256.jpeg
train/horse/horse_00259.jpeg,horse,train,SUSPICIOUS_LABEL,560.22,177.88,61.24,0.0003,Great Dane,0.225,data/Mid224/train/horse/horse_00259.jpeg
train/horse/horse_00260.jpeg,horse,train,SUSPICIOUS_LABEL,510.85,155.06,64.77,0.0,Dandie Dinmont,0.9223,data/Mid224/train/horse/horse_00260.jpeg
train/horse/horse_00261.jpeg,horse,train,SUSPICIOUS_LABEL,400.85,154.07,40.56,0.0001,Great Dane,0.3868,data/Mid224/train/horse/horse_00261.jpeg
train/horse/horse_00262.jpeg,horse,train,SUSPICIOUS_LABEL,442.27,148.17,73.71,0.0,wire-haired fox terrier,0.4026,data/Mid224/train/horse/horse_00262.jpeg
train/horse/horse_00270.jpeg,horse,train,SUSPICIOUS_LABEL,768.03,129.71,41.13,0.0004,hartebeest,0.279,data/Mid224/train/horse/horse_00270.jpeg
train/horse/horse_00271.jpeg,horse,train,SUSPICIOUS_LABEL,381.82,96.13,74.49,0.0001,curly-coated retriever,0.5518,data/Mid224/train/horse/horse_00271.jpeg
train/horse/horse_00272.jpeg,horse,train,SUSPICIOUS_LABEL,245.97,74.9,38.61,0.018,hartebeest,0.4278,data/Mid224/train/horse/horse_00272.jpeg
train/horse/horse_00276.jpeg,horse,train,SUSPICIOUS_LABEL,589.22,99.55,52.6,0.0001,Bedlington terrier,0.2118,data/Mid224/train/horse/horse_00276.jpeg
train/horse/horse_00277.jpeg,horse,train,SUSPICIOUS_LABEL,422.02,110.32,51.98,0.0173,Arabian camel,0.7419,data/Mid224/train/horse/horse_00277.jpeg
train/horse/horse_00278.jpeg,horse,train,SUSPICIOUS_LABEL,346.25,159.44,60.76,0.0015,black-and-tan coonhound,0.3783,data/Mid224/train/horse/horse_00278.jpeg
train/horse/horse_00279.jpeg,horse,train,SUSPICIOUS_LABEL,768.03,170.08,60.85,0.0068,African elephant,0.3787,data/Mid224/train/horse/horse_00279.jpeg
train/horse/horse_00280.jpeg,horse,train,SUSPICIOUS_LABEL,817.07,116.07,77.4,0.0003,black-and-tan coonhound,0.2436,data/Mid224/train/horse/horse_00280.jpeg
train/horse/horse_00281.jpeg,horse,train,SUSPICIOUS_LABEL,668.33,130.68,58.18,0.0001,dalmatian,0.3725,data/Mid224/train/horse/horse_00281.jpeg
train/horse/horse_00282.jpeg,horse,train,SUSPICIOUS_LABEL,680.98,122.92,50.34,0.0001,bighorn,0.4235,data/Mid224/train/horse/horse_00282.jpeg
train/horse/horse_00283.jpeg,horse,train,SUSPICIOUS_LABEL,1330.44,152.94,79.37,0.0178,kelpie,0.3784,data/Mid224/train/horse/horse_00283.jpeg
train/horse/horse_00286.jpeg,horse,train,SUSPICIOUS_LABEL,534.86,51.9,48.34,0.0001,Bedlington terrier,0.2142,data/Mid224/train/horse/horse_00286.jpeg
train/horse/horse_00289.jpeg,horse,train,SUSPICIOUS_LABEL,708.95,90.34,49.78,0.0002,worm fence,0.3302,data/Mid224/train/horse/horse_00289.jpeg
train/horse/horse_00290.jpeg,horse,train,SUSPICIOUS_LABEL,867.65,148.01,55.51,0.0178,hartebeest,0.5114,data/Mid224/train/horse/horse_00290.jpeg
train/horse/horse_00294.jpeg,horse,train,SUSPICIOUS_LABEL,392.49,107.18,50.19,0.0001,wire-haired fox terrier,0.5303,data/Mid224/train/horse/horse_00294.jpeg
train/horse/horse_00296.jpeg,horse,train,SUSPICIOUS_LABEL,800.83,159.54,62.96,0.0002,pickelhaube,0.3271,data/Mid224/train/horse/horse_00296.jpeg
train/horse/horse_00297.jpeg,horse,train,SUSPICIOUS_LABEL,399.67,152.84,35.28,0.001,black-and-tan coonhound,0.3737,data/Mid224/train/horse/horse_00297.jpeg
train/horse/horse_00298.jpeg,horse,train,SUSPICIOUS_LABEL,826.76,123.93,44.94,0.0037,llama,0.4158,data/Mid224/train/horse/horse_00298.jpeg
train/horse/horse_00300.jpeg,horse,train,SUSPICIOUS_LABEL,401.13,184.77,64.08,0.0003,assault rifle,0.4559,data/Mid224/train/horse/horse_00300.jpeg
train/horse/horse_00302.jpeg,horse,train,SUSPICIOUS_LABEL,2467.93,138.45,58.13,0.0004,dalmatian,0.7738,data/Mid224/train/horse/horse_00302.jpeg
train/horse/horse_00303.jpeg,horse,train,SUSPICIOUS_LABEL,655.85,127.11,50.61,0.0091,tusker,0.4761,data/Mid224/train/horse/horse_00303.jpeg
train/horse/horse_00305.jpeg,horse,train,SUSPICIOUS_LABEL,1647.4,112.35,78.36,0.0005,Great Dane,0.2106,data/Mid224/train/horse/horse_00305.jpeg
train/horse/horse_00307.jpeg,horse,train,SUSPICIOUS_LABEL,642.96,147.66,59.44,0.0001,Bedlington terrier,0.3082,data/Mid224/train/horse/horse_00307.jpeg
train/horse/horse_00310.jpeg,horse,train,SUSPICIOUS_LABEL,1141.88,117.31,53.69,0.0102,Great Dane,0.3595,data/Mid224/train/horse/horse_00310.jpeg
train/horse/horse_00311.jpeg,horse,train,SUSPICIOUS_LABEL,608.64,164.71,60.1,0.0011,gazelle,0.7052,data/Mid224/train/horse/horse_00311.jpeg
train/horse/horse_00316.jpeg,horse,train,SUSPICIOUS_LABEL,1144.12,110.0,49.73,0.004,Scottish deerhound,0.2585,data/Mid224/train/horse/horse_00316.jpeg
train/horse/horse_00318.jpeg,horse,train,SUSPICIOUS_LABEL,484.26,101.6,55.3,0.0034,Sussex spaniel,0.7329,data/Mid224/train/horse/horse_00318.jpeg
train/horse/horse_00321.jpeg,horse,train,SUSPICIOUS_LABEL,314.42,98.56,74.51,0.0008,Great Dane,0.2537,data/Mid224/train/horse/horse_00321.jpeg
train/horse/horse_00322.jpeg,horse,train,SUSPICIOUS_LABEL,578.45,116.15,45.4,0.0006,Great Dane,0.224,data/Mid224/train/horse/horse_00322.jpeg
train/horse/horse_00329.jpeg,horse,train,SUSPICIOUS_LABEL,396.44,130.04,76.52,0.0,killer whale,0.9152,data/Mid224/train/horse/horse_00329.jpeg
train/horse/horse_00330.jpeg,horse,train,SUSPICIOUS_LABEL,442.42,125.59,69.6,0.0056,curly-coated retriever,0.2947,data/Mid224/train/horse/horse_00330.jpeg
train/horse/horse_00331.jpeg,horse,train,SUSPICIOUS_LABEL,820.25,157.25,95.91,0.0164,Doberman,0.2718,data/Mid224/train/horse/horse_00331.jpeg
train/horse/horse_00332.jpeg,horse,train,SUSPICIOUS_LABEL,640.54,114.39,40.21,0.0007,komondor,0.2427,data/Mid224/train/horse/horse_00332.jpeg
train/horse/horse_00334.jpeg,horse,train,SUSPICIOUS_LABEL,430.16,165.44,76.64,0.0007,croquet ball,0.2361,data/Mid224/train/horse/horse_00334.jpeg
train/horse/horse_00335.jpeg,horse,train,SUSPICIOUS_LABEL,880.87,118.81,58.16,0.0006,Bedlington terrier,0.2712,data/Mid224/train/horse/horse_00335.jpeg
train/horse/horse_00336.jpeg,horse,train,SUSPICIOUS_LABEL,392.08,93.73,48.45,0.0015,Great Dane,0.2493,data/Mid224/train/horse/horse_00336.jpeg
train/horse/horse_00340.jpeg,horse,train,SUSPICIOUS_LABEL,749.51,113.43,53.11,0.0019,English foxhound,0.2264,data/Mid224/train/horse/horse_00340.jpeg
train/horse/horse_00345.jpeg,horse,train,SUSPICIOUS_LABEL,482.32,156.33,38.79,0.0003,hartebeest,0.5921,data/Mid224/train/horse/horse_00345.jpeg
train/horse/horse_00347.jpeg,horse,train,SUSPICIOUS_LABEL,651.32,95.87,57.6,0.0006,curly-coated retriever,0.5297,data/Mid224/train/horse/horse_00347.jpeg
train/horse/horse_00350.jpeg,horse,train,SUSPICIOUS_LABEL,951.19,128.78,50.18,0.0131,red wolf,0.6592,data/Mid224/train/horse/horse_00350.jpeg
train/horse/horse_00351.jpeg,horse,train,SUSPICIOUS_LABEL,2069.39,126.24,57.92,0.0004,Mexican hairless,0.4275,data/Mid224/train/horse/horse_00351.jpeg
train/horse/horse_00352.jpeg,horse,train,SUSPICIOUS_LABEL,1958.15,131.37,49.63,0.001,gazelle,0.314,data/Mid224/train/horse/horse_00352.jpeg
train/horse/horse_00357.jpeg,horse,train,SUSPICIOUS_LABEL,501.47,122.89,52.92,0.0074,Mexican hairless,0.2916,data/Mid224/train/horse/horse_00357.jpeg
train/horse/horse_00358.jpeg,horse,train,SUSPICIOUS_LABEL,540.27,143.24,63.97,0.0114,Great Dane,0.5642,data/Mid224/train/horse/horse_00358.jpeg
train/horse/horse_00359.jpeg,horse,train,SUSPICIOUS_LABEL,786.23,120.56,78.8,0.0003,black-and-tan coonhound,0.2198,data/Mid224/train/horse/horse_00359.jpeg
train/horse/horse_00360.jpeg,horse,train,SUSPICIOUS_LABEL,791.53,88.89,61.7,0.0006,bighorn,0.6647,data/Mid224/train/horse/horse_00360.jpeg
train/horse/horse_00361.jpeg,horse,train,SUSPICIOUS_LABEL,1614.56,130.67,57.11,0.0001,dalmatian,0.7203,data/Mid224/train/horse/horse_00361.jpeg
train/horse/horse_00367.jpeg,horse,train,SUSPICIOUS_LABEL,208.64,151.16,30.54,0.0098,Arabian camel,0.7051,data/Mid224/train/horse/horse_00367.jpeg
train/horse/horse_00369.jpeg,horse,train,SUSPICIOUS_LABEL,692.23,169.67,62.3,0.002,Great Dane,0.2819,data/Mid224/train/horse/horse_00369.jpeg
train/horse/horse_00370.jpeg,horse,train,SUSPICIOUS_LABEL,1124.87,73.08,67.93,0.001,oxcart,0.2749,data/Mid224/train/horse/horse_00370.jpeg
train/horse/horse_00371.jpeg,horse,train,SUSPICIOUS_LABEL,732.8,137.73,51.98,0.0012,kuvasz,0.7065,data/Mid224/train/horse/horse_00371.jpeg
train/horse/horse_00374.jpeg,horse,train,SUSPICIOUS_LABEL,1080.63,92.17,73.86,0.0,kuvasz,0.4371,data/Mid224/train/horse/horse_00374.jpeg
train/horse/horse_00376.jpeg,horse,train,SUSPICIOUS_LABEL,2010.77,138.85,63.13,0.0111,hartebeest,0.2809,data/Mid224/train/horse/horse_00376.jpeg
train/horse/horse_00378.jpeg,horse,train,SUSPICIOUS_LABEL,893.62,112.53,62.85,0.0017,Great Dane,0.5163,data/Mid224/train/horse/horse_00378.jpeg
train/horse/horse_00379.jpeg,horse,train,SUSPICIOUS_LABEL,398.49,174.14,55.34,0.0002,ski,0.3959,data/Mid224/train/horse/horse_00379.jpeg
train/horse/horse_00382.jpeg,horse,train,SUSPICIOUS_LABEL,471.12,42.77,49.64,0.0135,Arabian camel,0.3593,data/Mid224/train/horse/horse_00382.jpeg
train/horse/horse_00393.jpeg,horse,train,SUSPICIOUS_LABEL,777.31,105.66,79.41,0.004,ox,0.5082,data/Mid224/train/horse/horse_00393.jpeg
train/horse/horse_00395.jpeg,horse,train,SUSPICIOUS_LABEL,493.31,151.52,59.36,0.0157,black-and-tan coonhound,0.2877,data/Mid224/train/horse/horse_00395.jpeg
train/horse/horse_00397.jpeg,horse,train,UNDEREXPOSED,311.28,25.26,38.43,0.0017,bulletproof vest,0.0943,data/Mid224/train/horse/horse_00397.jpeg
train/horse/horse_00399.jpeg,horse,train,SUSPICIOUS_LABEL,395.53,117.58,44.77,0.0088,hartebeest,0.8696,data/Mid224/train/horse/horse_00399.jpeg
train/horse/horse_00400.jpeg,horse,train,SUSPICIOUS_LABEL,502.66,105.96,50.64,0.0006,llama,0.4586,data/Mid224/train/horse/horse_00400.jpeg
train/horse/horse_00405.jpeg,horse,train,SUSPICIOUS_LABEL,649.37,106.28,68.85,0.0471,ox,0.313,data/Mid224/train/horse/horse_00405.jpeg
train/horse/horse_00406.jpeg,horse,train,SUSPICIOUS_LABEL,344.21,157.94,62.58,0.0215,kelpie,0.3456,data/Mid224/train/horse/horse_00406.jpeg
train/horse/horse_00407.jpeg,horse,train,SUSPICIOUS_LABEL,369.66,146.32,63.85,0.0007,hartebeest,0.5497,data/Mid224/train/horse/horse_00407.jpeg
train/horse/horse_00409.jpeg,horse,train,SUSPICIOUS_LABEL,755.03,138.97,48.97,0.0001,dalmatian,0.3154,data/Mid224/train/horse/horse_00409.jpeg
train/horse/horse_00411.jpeg,horse,train,SUSPICIOUS_LABEL,586.66,93.57,59.42,0.0004,llama,0.3568,data/Mid224/train/horse/horse_00411.jpeg
train/horse/horse_00416.jpeg,horse,train,SUSPICIOUS_LABEL,1113.04,111.47,59.87,0.001,tusker,0.5282,data/Mid224/train/horse/horse_00416.jpeg
train/horse/horse_00418.jpeg,horse,train,SUSPICIOUS_LABEL,577.26,157.82,52.43,0.0002,curly-coated retriever,0.2672,data/Mid224/train/horse/horse_00418.jpeg
train/horse/horse_00421.jpeg,horse,train,SUSPICIOUS_LABEL,521.74,156.8,75.9,0.031,black-and-tan coonhound,0.206,data/Mid224/train/horse/horse_00421.jpeg
train/horse/horse_00422.jpeg,horse,train,SUSPICIOUS_LABEL,1059.05,90.81,64.34,0.0002,dalmatian,0.309,data/Mid224/train/horse/horse_00422.jpeg
train/horse/horse_00424.jpeg,horse,train,SUSPICIOUS_LABEL,266.21,110.13,32.05,0.0009,black stork,0.299,data/Mid224/train/horse/horse_00424.jpeg
train/horse/horse_00425.jpeg,horse,train,SUSPICIOUS_LABEL,1779.05,69.8,82.98,0.0003,pickelhaube,0.5776,data/Mid224/train/horse/horse_00425.jpeg
train/horse/horse_00426.jpeg,horse,train,SUSPICIOUS_LABEL,438.1,138.89,33.62,0.0001,gazelle,0.4758,data/Mid224/train/horse/horse_00426.jpeg
train/horse/horse_00431.jpeg,horse,train,SUSPICIOUS_LABEL,689.3,138.17,56.87,0.0011,ox,0.7911,data/Mid224/train/horse/horse_00431.jpeg
train/horse/horse_00436.jpeg,horse,train,SUSPICIOUS_LABEL,346.69,155.29,35.93,0.0002,ox,0.4537,data/Mid224/train/horse/horse_00436.jpeg
train/horse/horse_00441.jpeg,horse,train,SUSPICIOUS_LABEL,547.14,113.88,74.69,0.0083,curly-coated retriever,0.2048,data/Mid224/train/horse/horse_00441.jpeg
train/horse/horse_00442.jpeg,horse,train,SUSPICIOUS_LABEL,1369.98,130.82,53.85,0.002,Mexican hairless,0.3561,data/Mid224/train/horse/horse_00442.jpeg
train/horse/horse_00445.jpeg,horse,train,SUSPICIOUS_LABEL,410.69,149.83,43.87,0.0028,Arabian camel,0.6904,data/Mid224/train/horse/horse_00445.jpeg
train/horse/horse_00450.jpeg,horse,train,SUSPICIOUS_LABEL,288.82,187.68,42.64,0.0,Sealyham terrier,0.3426,data/Mid224/train/horse/horse_00450.jpeg
train/horse/horse_00451.jpeg,horse,train,SUSPICIOUS_LABEL,549.83,123.68,44.86,0.0417,Chesapeake Bay retriever,0.2578,data/Mid224/train/horse/horse_00451.jpeg
train/horse/horse_00452.jpeg,horse,train,SUSPICIOUS_LABEL,452.93,155.47,55.41,0.0028,bulletproof vest,0.2263,data/Mid224/train/horse/horse_00452.jpeg
train/horse/horse_00454.jpeg,horse,train,SUSPICIOUS_LABEL,300.26,162.71,26.3,0.0009,Arabian camel,0.5828,data/Mid224/train/horse/horse_00454.jpeg
train/horse/horse_00456.jpeg,horse,train,SUSPICIOUS_LABEL,448.56,83.86,51.73,0.0002,Saluki,0.3154,data/Mid224/train/horse/horse_00456.jpeg
train/horse/horse_00457.jpeg,horse,train,SUSPICIOUS_LABEL,277.61,164.8,49.34,0.0003,bulletproof vest,0.2003,data/Mid224/train/horse/horse_00457.jpeg
train/horse/horse_00458.jpeg,horse,train,SUSPICIOUS_LABEL,408.74,133.65,46.56,0.0033,African elephant,0.4084,data/Mid224/train/horse/horse_00458.jpeg
train/horse/horse_00463.jpeg,horse,train,SUSPICIOUS_LABEL,1010.21,138.18,89.86,0.0093,bighorn,0.2837,data/Mid224/train/horse/horse_00463.jpeg
train/horse/horse_00464.jpeg,horse,train,SUSPICIOUS_LABEL,429.87,76.65,60.92,0.0129,Great Dane,0.367,data/Mid224/train/horse/horse_00464.jpeg
train/horse/horse_00467.jpeg,horse,train,SUSPICIOUS_LABEL,495.47,105.1,51.99,0.0002,assault rifle,0.6211,data/Mid224/train/horse/horse_00467.jpeg
train/horse/horse_00470.jpeg,horse,train,SUSPICIOUS_LABEL,648.35,120.64,69.84,0.0001,Great Dane,0.2137,data/Mid224/train/horse/horse_00470.jpeg
train/horse/horse_00471.jpeg,horse,train,SUSPICIOUS_LABEL,593.71,204.93,33.85,0.0002,parallel bars,0.4573,data/Mid224/train/horse/horse_00471.jpeg
train/horse/horse_00476.jpeg,horse,train,SUSPICIOUS_LABEL,268.03,51.18,63.83,0.0014,bighorn,0.3994,data/Mid224/train/horse/horse_00476.jpeg
train/horse/horse_00478.jpeg,horse,train,SUSPICIOUS_LABEL,733.07,164.06,69.16,0.0001,oxygen mask,0.2616,data/Mid224/train/horse/horse_00478.jpeg
train/horse/horse_00479.jpeg,horse,train,SUSPICIOUS_LABEL,3822.83,127.76,59.47,0.0121,hartebeest,0.5248,data/Mid224/train/horse/horse_00479.jpeg
train/horse/horse_00482.jpeg,horse,train,SUSPICIOUS_LABEL,693.44,103.53,64.46,0.0205,Ibizan hound,0.2205,data/Mid224/train/horse/horse_00482.jpeg
train/horse/horse_00483.jpeg,horse,train,SUSPICIOUS_LABEL,609.98,136.38,73.8,0.0008,black-and-tan coonhound,0.8702,data/Mid224/train/horse/horse_00483.jpeg
train/horse/horse_00484.jpeg,horse,train,SUSPICIOUS_LABEL,1121.36,104.8,47.25,0.0015,English setter,0.3286,data/Mid224/train/horse/horse_00484.jpeg
train/horse/horse_00486.jpeg,horse,train,SUSPICIOUS_LABEL,1727.17,93.48,63.36,0.0179,groenendael,0.208,data/Mid224/train/horse/horse_00486.jpeg
train/horse/horse_00490.jpeg,horse,train,SUSPICIOUS_LABEL,462.07,146.94,64.62,0.0067,ox,0.3421,data/Mid224/train/horse/horse_00490.jpeg
train/horse/horse_00496.jpeg,horse,train,SUSPICIOUS_LABEL,601.46,113.5,62.25,0.0001,curly-coated retriever,0.3186,data/Mid224/train/horse/horse_00496.jpeg
train/horse/horse_00499.jpeg,horse,train,SUSPICIOUS_LABEL,1033.65,152.7,65.52,0.0039,kelpie,0.2646,data/Mid224/train/horse/horse_00499.jpeg
train/horse/horse_00502.jpeg,horse,train,SUSPICIOUS_LABEL,464.86,56.18,75.26,0.0,American black bear,0.2239,data/Mid224/train/horse/horse_00502.jpeg
train/horse/horse_00504.jpeg,horse,train,SUSPICIOUS_LABEL,954.18,109.72,72.81,0.0063,worm fence,0.4481,data/Mid224/train/horse/horse_00504.jpeg
train/horse/horse_00505.jpeg,horse,train,SUSPICIOUS_LABEL,1603.69,125.76,58.82,0.0,Saluki,0.8066,data/Mid224/train/horse/horse_00505.jpeg
train/horse/horse_00506.jpeg,horse,train,SUSPICIOUS_LABEL,735.81,116.51,51.59,0.044,Great Dane,0.2966,data/Mid224/train/horse/horse_00506.jpeg
train/horse/horse_00508.jpeg,horse,train,SUSPICIOUS_LABEL,422.51,59.77,57.11,0.0009,Ibizan hound,0.3766,data/Mid224/train/horse/horse_00508.jpeg
train/horse/horse_00509.jpeg,horse,train,SUSPICIOUS_LABEL,1192.41,104.02,58.89,0.0136,Great Dane,0.5077,data/Mid224/train/horse/horse_00509.jpeg
train/horse/horse_00510.jpeg,horse,train,SUSPICIOUS_LABEL,537.07,61.78,58.63,0.0,curly-coated retriever,0.4518,data/Mid224/train/horse/horse_00510.jpeg
train/horse/horse_00511.jpeg,horse,train,SUSPICIOUS_LABEL,939.58,120.76,54.09,0.0,English setter,0.5782,data/Mid224/train/horse/horse_00511.jpeg
train/horse/horse_00513.jpeg,horse,train,SUSPICIOUS_LABEL,1537.0,90.76,49.94,0.0097,bearskin,0.3011,data/Mid224/train/horse/horse_00513.jpeg
train/horse/horse_00514.jpeg,horse,train,SUSPICIOUS_LABEL,378.21,153.75,53.99,0.0001,Walker hound,0.2793,data/Mid224/train/horse/horse_00514.jpeg
train/horse/horse_00517.jpeg,horse,train,SUSPICIOUS_LABEL,533.8,126.93,74.87,0.0,Sealyham terrier,0.3043,data/Mid224/train/horse/horse_00517.jpeg
train/horse/horse_00519.jpeg,horse,train,SUSPICIOUS_LABEL,836.58,102.22,60.54,0.0082,Mexican hairless,0.3123,data/Mid224/train/horse/horse_00519.jpeg
train/horse/horse_00521.jpeg,horse,train,SUSPICIOUS_LABEL,411.85,94.14,77.79,0.0108,bolo tie,0.2306,data/Mid224/train/horse/horse_00521.jpeg
train/horse/horse_00524.jpeg,horse,train,SUSPICIOUS_LABEL,375.45,107.58,66.5,0.0002,pickelhaube,0.2364,data/Mid224/train/horse/horse_00524.jpeg
train/horse/horse_00530.jpeg,horse,train,SUSPICIOUS_LABEL,1280.43,120.6,69.18,0.0009,hartebeest,0.5217,data/Mid224/train/horse/horse_00530.jpeg
train/horse/horse_00531.jpeg,horse,train,SUSPICIOUS_LABEL,1083.79,93.87,67.01,0.0051,tusker,0.2292,data/Mid224/train/horse/horse_00531.jpeg
train/horse/horse_00532.jpeg,horse,train,SUSPICIOUS_LABEL,865.31,145.01,55.43,0.0058,hartebeest,0.53,data/Mid224/train/horse/horse_00532.jpeg
train/horse/horse_00536.jpeg,horse,train,SUSPICIOUS_LABEL,1238.95,97.22,78.88,0.0054,kelpie,0.2473,data/Mid224/train/horse/horse_00536.jpeg
train/horse/horse_00538.jpeg,horse,train,SUSPICIOUS_LABEL,289.82,178.07,32.6,0.0001,ox,0.8274,data/Mid224/train/horse/horse_00538.jpeg
train/horse/horse_00540.jpeg,horse,train,SUSPICIOUS_LABEL,342.95,148.41,29.6,0.0001,bighorn,0.8571,data/Mid224/train/horse/horse_00540.jpeg
train/horse/horse_00541.jpeg,horse,train,SUSPICIOUS_LABEL,402.75,118.1,47.34,0.0086,hartebeest,0.2669,data/Mid224/train/horse/horse_00541.jpeg
train/horse/horse_00545.jpeg,horse,train,SUSPICIOUS_LABEL,475.28,95.41,33.95,0.0091,Welsh springer spaniel,0.3721,data/Mid224/train/horse/horse_00545.jpeg
train/horse/horse_00547.jpeg,horse,train,SUSPICIOUS_LABEL,809.15,148.87,57.46,0.0,gorilla,0.2171,data/Mid224/train/horse/horse_00547.jpeg
train/horse/horse_00548.jpeg,horse,train,SUSPICIOUS_LABEL,753.66,174.96,44.83,0.0052,bighorn,0.2786,data/Mid224/train/horse/horse_00548.jpeg
train/horse/horse_00554.jpeg,horse,train,SUSPICIOUS_LABEL,415.7,104.88,42.91,0.0002,standard schnauzer,0.7697,data/Mid224/train/horse/horse_00554.jpeg
train/horse/horse_00555.jpeg,horse,train,SUSPICIOUS_LABEL,809.82,132.04,64.53,0.0114,curly-coated retriever,0.3204,data/Mid224/train/horse/horse_00555.jpeg
train/horse/horse_00558.jpeg,horse,train,SUSPICIOUS_LABEL,562.61,120.21,63.69,0.0001,Great Dane,0.6904,data/Mid224/train/horse/horse_00558.jpeg
train/horse/horse_00559.jpeg,horse,train,SUSPICIOUS_LABEL,557.6,118.68,68.92,0.0,Cardigan,0.5569,data/Mid224/train/horse/horse_00559.jpeg
train/horse/horse_00560.jpeg,horse,train,SUSPICIOUS_LABEL,832.07,186.84,77.1,0.0016,snow leopard,0.3722,data/Mid224/train/horse/horse_00560.jpeg
train/horse/horse_00561.jpeg,horse,train,SUSPICIOUS_LABEL,405.53,115.81,64.82,0.0009,thresher,0.3241,data/Mid224/train/horse/horse_00561.jpeg
train/horse/horse_00564.jpeg,horse,train,SUSPICIOUS_LABEL,507.1,112.95,31.27,0.0001,tick,0.2392,data/Mid224/train/horse/horse_00564.jpeg
train/horse/horse_00565.jpeg,horse,train,SUSPICIOUS_LABEL,1158.31,133.92,88.05,0.0062,Mexican hairless,0.328,data/Mid224/train/horse/horse_00565.jpeg
train/horse/horse_00566.jpeg,horse,train,SUSPICIOUS_LABEL,784.18,125.64,66.1,0.0184,black-and-tan coonhound,0.3915,data/Mid224/train/horse/horse_00566.jpeg
train/horse/horse_00571.jpeg,horse,train,SUSPICIOUS_LABEL,197.5,201.23,25.26,0.0003,space shuttle,0.2003,data/Mid224/train/horse/horse_00571.jpeg
train/horse/horse_00573.jpeg,horse,train,SUSPICIOUS_LABEL,398.38,184.67,46.08,0.005,projectile,0.2408,data/Mid224/train/horse/horse_00573.jpeg
train/horse/horse_00574.jpeg,horse,train,SUSPICIOUS_LABEL,281.89,133.84,47.38,0.0277,Arabian camel,0.3022,data/Mid224/train/horse/horse_00574.jpeg
train/horse/horse_00576.jpeg,horse,train,SUSPICIOUS_LABEL,871.63,138.2,56.49,0.0016,Great Dane,0.8548,data/Mid224/train/horse/horse_00576.jpeg
train/horse/horse_00584.jpeg,horse,train,SUSPICIOUS_LABEL,745.33,178.95,61.7,0.0158,tusker,0.2927,data/Mid224/train/horse/horse_00584.jpeg
train/horse/horse_00589.jpeg,horse,train,SUSPICIOUS_LABEL,466.58,146.05,46.65,0.0004,llama,0.4806,data/Mid224/train/horse/horse_00589.jpeg
train/horse/horse_00590.jpeg,horse,train,SUSPICIOUS_LABEL,562.65,155.29,43.29,0.0002,bighorn,0.224,data/Mid224/train/horse/horse_00590.jpeg
train/horse/horse_00592.jpeg,horse,train,SUSPICIOUS_LABEL,984.87,128.24,54.9,0.0002,worm fence,0.2021,data/Mid224/train/horse/horse_00592.jpeg
train/horse/horse_00593.jpeg,horse,train,SUSPICIOUS_LABEL,254.22,131.01,76.0,0.0006,Arabian camel,0.3254,data/Mid224/train/horse/horse_00593.jpeg
train/horse/horse_00596.jpeg,horse,train,SUSPICIOUS_LABEL,435.38,138.61,43.24,0.0023,hartebeest,0.8585,data/Mid224/train/horse/horse_00596.jpeg
train/horse/horse_00597.jpeg,horse,train,SUSPICIOUS_LABEL,475.37,140.96,72.8,0.0072,triceratops,0.2515,data/Mid224/train/horse/horse_00597.jpeg
train/horse/horse_00599.jpeg,horse,train,SUSPICIOUS_LABEL,453.05,178.05,62.98,0.0006,Kerry blue terrier,0.7441,data/Mid224/train/horse/horse_00599.jpeg
train/horse/horse_00601.jpeg,horse,train,SUSPICIOUS_LABEL,990.98,156.02,49.38,0.0002,English setter,0.2819,data/Mid224/train/horse/horse_00601.jpeg
train/horse/horse_00602.jpeg,horse,train,SUSPICIOUS_LABEL,458.67,176.14,69.76,0.0043,muzzle,0.3358,data/Mid224/train/horse/horse_00602.jpeg
train/horse/horse_00603.jpeg,horse,train,SUSPICIOUS_LABEL,662.96,163.62,49.89,0.0008,Great Dane,0.2758,data/Mid224/train/horse/horse_00603.jpeg
train/horse/horse_00604.jpeg,horse,train,SUSPICIOUS_LABEL,505.75,152.28,63.34,0.0184,Mexican hairless,0.5176,data/Mid224/train/horse/horse_00604.jpeg
train/horse/horse_00606.jpeg,horse,train,SUSPICIOUS_LABEL,282.25,132.47,48.65,0.0,white wolf,0.2977,data/Mid224/train/horse/horse_00606.jpeg
train/horse/horse_00609.jpeg,horse,train,SUSPICIOUS_LABEL,646.69,79.13,53.92,0.005,ox,0.2634,data/Mid224/train/horse/horse_00609.jpeg
train/horse/horse_00611.jpeg,horse,train,SUSPICIOUS_LABEL,508.15,124.97,69.92,0.0005,tusker,0.2055,data/Mid224/train/horse/horse_00611.jpeg
train/horse/horse_00613.jpeg,horse,train,SUSPICIOUS_LABEL,761.07,128.66,85.51,0.0,curly-coated retriever,0.8996,data/Mid224/train/horse/horse_00613.jpeg
train/horse/horse_00616.jpeg,horse,train,SUSPICIOUS_LABEL,894.04,161.37,63.58,0.0087,ox,0.2209,data/Mid224/train/horse/horse_00616.jpeg
train/horse/horse_00619.jpeg,horse,train,SUSPICIOUS_LABEL,803.47,165.49,61.32,0.0,moving van,0.2982,data/Mid224/train/horse/horse_00619.jpeg
train/horse/horse_00620.jpeg,horse,train,SUSPICIOUS_LABEL,959.08,125.18,56.7,0.0113,Arabian camel,0.73,data/Mid224/train/horse/horse_00620.jpeg
train/horse/horse_00621.jpeg,horse,train,SUSPICIOUS_LABEL,912.07,126.46,56.65,0.0001,Great Dane,0.5446,data/Mid224/train/horse/horse_00621.jpeg
train/horse/horse_00627.jpeg,horse,train,SUSPICIOUS_LABEL,442.77,131.5,48.84,0.0009,hartebeest,0.2897,data/Mid224/train/horse/horse_00627.jpeg
train/horse/horse_00630.jpeg,horse,train,SUSPICIOUS_LABEL,1020.23,114.28,36.83,0.0006,komondor,0.5808,data/Mid224/train/horse/horse_00630.jpeg
train/horse/horse_00631.jpeg,horse,train,SUSPICIOUS_LABEL,439.19,103.19,74.73,0.0015,Arabian camel,0.4786,data/Mid224/train/horse/horse_00631.jpeg
train/horse/horse_00632.jpeg,horse,train,SUSPICIOUS_LABEL,503.1,97.17,59.66,0.0008,curly-coated retriever,0.402,data/Mid224/train/horse/horse_00632.jpeg
train/horse/horse_00634.jpeg,horse,train,SUSPICIOUS_LABEL,454.28,117.36,43.35,0.0262,horse cart,0.2434,data/Mid224/train/horse/horse_00634.jpeg
train/horse/horse_00636.jpeg,horse,train,SUSPICIOUS_LABEL,841.67,173.29,70.98,0.0,Saluki,0.4345,data/Mid224/train/horse/horse_00636.jpeg
train/horse/horse_00639.jpeg,horse,train,SUSPICIOUS_LABEL,633.51,94.73,66.1,0.0,Bedlington terrier,0.3586,data/Mid224/train/horse/horse_00639.jpeg
train/horse/horse_00646.jpeg,horse,train,SUSPICIOUS_LABEL,399.23,162.41,53.33,0.0063,black-and-tan coonhound,0.3081,data/Mid224/train/horse/horse_00646.jpeg
train/horse/horse_00650.jpeg,horse,train,SUSPICIOUS_LABEL,918.52,108.86,56.42,0.0015,hog,0.2218,data/Mid224/train/horse/horse_00650.jpeg
train/horse/horse_00654.jpeg,horse,train,SUSPICIOUS_LABEL,645.92,121.7,74.19,0.0005,toy terrier,0.2568,data/Mid224/train/horse/horse_00654.jpeg
train/horse/horse_00657.jpeg,horse,train,SUSPICIOUS_LABEL,607.73,145.74,38.99,0.0031,African elephant,0.2548,data/Mid224/train/horse/horse_00657.jpeg
train/horse/horse_00659.jpeg,horse,train,SUSPICIOUS_LABEL,830.69,165.47,61.68,0.005,hartebeest,0.5074,data/Mid224/train/horse/horse_00659.jpeg
train/horse/horse_00665.jpeg,horse,train,SUSPICIOUS_LABEL,749.07,114.09,80.5,0.0235,tusker,0.2628,data/Mid224/train/horse/horse_00665.jpeg
train/horse/horse_00669.jpeg,horse,train,SUSPICIOUS_LABEL,1452.78,123.71,66.25,0.0001,curly-coated retriever,0.4637,data/Mid224/train/horse/horse_00669.jpeg
train/horse/horse_00677.jpeg,horse,train,SUSPICIOUS_LABEL,710.83,91.5,52.88,0.0006,Saluki,0.278,data/Mid224/train/horse/horse_00677.jpeg
train/horse/horse_00682.jpeg,horse,train,LOW_CONTRAST,160.73,87.51,16.49,0.0008,tick,0.0978,data/Mid224/train/horse/horse_00682.jpeg
train/horse/horse_00683.jpeg,horse,train,SUSPICIOUS_LABEL,596.69,125.94,56.69,0.0024,Saluki,0.4737,data/Mid224/train/horse/horse_00683.jpeg
train/horse/horse_00684.jpeg,horse,train,SUSPICIOUS_LABEL,1381.89,104.27,71.38,0.0005,bloodhound,0.2701,data/Mid224/train/horse/horse_00684.jpeg
train/horse/horse_00686.jpeg,horse,train,SUSPICIOUS_LABEL,472.95,132.18,60.55,0.0014,ox,0.2573,data/Mid224/train/horse/horse_00686.jpeg
train/horse/horse_00687.jpeg,horse,train,SUSPICIOUS_LABEL,1297.18,99.4,91.96,0.0004,black-and-tan coonhound,0.2879,data/Mid224/train/horse/horse_00687.jpeg
train/horse/horse_00688.jpeg,horse,train,SUSPICIOUS_LABEL,437.88,113.01,62.6,0.0008,Great Dane,0.7631,data/Mid224/train/horse/horse_00688.jpeg
train/horse/horse_00691.jpeg,horse,train,SUSPICIOUS_LABEL,447.78,91.81,38.8,0.0109,hartebeest,0.3809,data/Mid224/train/horse/horse_00691.jpeg
train/horse/horse_00692.jpeg,horse,train,SUSPICIOUS_LABEL,599.87,114.2,60.87,0.0003,Great Dane,0.337,data/Mid224/train/horse/horse_00692.jpeg
train/horse/horse_00694.jpeg,horse,train,SUSPICIOUS_LABEL,349.48,170.41,36.75,0.0044,Great Dane,0.28,data/Mid224/train/horse/horse_00694.jpeg
train/horse/horse_00698.jpeg,horse,train,SUSPICIOUS_LABEL,1065.65,91.5,52.86,0.0185,Great Dane,0.2709,data/Mid224/train/horse/horse_00698.jpeg
train/horse/horse_00699.jpeg,horse,train,SUSPICIOUS_LABEL,377.42,148.51,56.55,0.0001,ox,0.4259,data/Mid224/train/horse/horse_00699.jpeg
train/horse/horse_00700.jpeg,horse,train,SUSPICIOUS_LABEL,654.07,147.36,25.96,0.0003,bighorn,0.2326,data/Mid224/train/horse/horse_00700.jpeg
train/horse/horse_00702.jpeg,horse,train,SUSPICIOUS_LABEL,342.27,102.28,61.54,0.0012,kuvasz,0.2259,data/Mid224/train/horse/horse_00702.jpeg
train/horse/horse_00705.jpeg,horse,train,SUSPICIOUS_LABEL,920.87,152.93,62.53,0.0155,Arabian camel,0.3243,data/Mid224/train/horse/horse_00705.jpeg
train/horse/horse_00709.jpeg,horse,train,SUSPICIOUS_LABEL,875.41,93.27,59.36,0.0003,standard poodle,0.2988,data/Mid224/train/horse/horse_00709.jpeg
train/horse/horse_00711.jpeg,horse,train,SUSPICIOUS_LABEL,486.38,95.94,37.29,0.0002,Mexican hairless,0.266,data/Mid224/train/horse/horse_00711.jpeg
train/horse/horse_00714.jpeg,horse,train,SUSPICIOUS_LABEL,984.04,125.0,65.19,0.0107,oxcart,0.2711,data/Mid224/train/horse/horse_00714.jpeg
train/horse/horse_00716.jpeg,horse,train,SUSPICIOUS_LABEL,315.35,161.26,55.31,0.0005,African elephant,0.2729,data/Mid224/train/horse/horse_00716.jpeg
train/horse/horse_00718.jpeg,horse,train,SUSPICIOUS_LABEL,823.83,109.56,46.51,0.0116,Great Dane,0.2459,data/Mid224/train/horse/horse_00718.jpeg
train/horse/horse_00722.jpeg,horse,train,SUSPICIOUS_LABEL,885.12,134.44,68.21,0.0001,Great Dane,0.8772,data/Mid224/train/horse/horse_00722.jpeg
train/horse/horse_00728.jpeg,horse,train,SUSPICIOUS_LABEL,704.15,135.24,50.71,0.0042,Arabian camel,0.2165,data/Mid224/train/horse/horse_00728.jpeg
train/horse/horse_00730.jpeg,horse,train,SUSPICIOUS_LABEL,800.55,95.78,48.63,0.0006,Great Dane,0.3523,data/Mid224/train/horse/horse_00730.jpeg
train/horse/horse_00731.jpeg,horse,train,SUSPICIOUS_LABEL,787.52,120.53,61.7,0.0007,tusker,0.5398,data/Mid224/train/horse/horse_00731.jpeg
train/horse/horse_00732.jpeg,horse,train,SUSPICIOUS_LABEL,886.87,113.17,64.23,0.0006,ox,0.2917,data/Mid224/train/horse/horse_00732.jpeg
train/horse/horse_00736.jpeg,horse,train,SUSPICIOUS_LABEL,582.83,146.61,85.41,0.0293,groenendael,0.2148,data/Mid224/train/horse/horse_00736.jpeg
train/horse/horse_00737.jpeg,horse,train,SUSPICIOUS_LABEL,867.42,126.15,39.14,0.0081,Mexican hairless,0.2979,data/Mid224/train/horse/horse_00737.jpeg
train/horse/horse_00738.jpeg,horse,train,SUSPICIOUS_LABEL,887.19,108.36,61.07,0.0,Great Dane,0.9747,data/Mid224/train/horse/horse_00738.jpeg
train/horse/horse_00739.jpeg,horse,train,SUSPICIOUS_LABEL,367.76,138.07,35.2,0.0008,Arabian camel,0.2956,data/Mid224/train/horse/horse_00739.jpeg
train/horse/horse_00741.jpeg,horse,train,SUSPICIOUS_LABEL,847.31,149.71,55.62,0.0,Bedlington terrier,0.3244,data/Mid224/train/horse/horse_00741.jpeg
train/horse/horse_00744.jpeg,horse,train,SUSPICIOUS_LABEL,605.8,108.4,72.97,0.0001,Labrador retriever,0.3322,data/Mid224/train/horse/horse_00744.jpeg
train/horse/horse_00752.jpeg,horse,train,SUSPICIOUS_LABEL,977.46,80.87,81.46,0.0,Great Dane,0.5063,data/Mid224/train/horse/horse_00752.jpeg
train/horse/horse_00754.jpeg,horse,train,SUSPICIOUS_LABEL,984.19,95.47,72.06,0.0,giant schnauzer,0.2893,data/Mid224/train/horse/horse_00754.jpeg
train/horse/horse_00755.jpeg,horse,train,SUSPICIOUS_LABEL,2079.51,133.23,71.12,0.0103,Great Dane,0.2123,data/Mid224/train/horse/horse_00755.jpeg
train/horse/horse_00760.jpeg,horse,train,SUSPICIOUS_LABEL,1195.89,113.93,53.75,0.0033,Arabian camel,0.6413,data/Mid224/train/horse/horse_00760.jpeg
train/horse/horse_00761.jpeg,horse,train,SUSPICIOUS_LABEL,553.7,116.16,64.58,0.0003,black-and-tan coonhound,0.2027,data/Mid224/train/horse/horse_00761.jpeg
train/horse/horse_00763.jpeg,horse,train,SUSPICIOUS_LABEL,517.9,141.21,53.39,0.002,tusker,0.5226,data/Mid224/train/horse/horse_00763.jpeg
train/horse/horse_00766.jpeg,horse,train,SUSPICIOUS_LABEL,580.88,116.98,59.82,0.0015,black-and-tan coonhound,0.2956,data/Mid224/train/horse/horse_00766.jpeg
train/horse/horse_00771.jpeg,horse,train,SUSPICIOUS_LABEL,1050.3,126.97,46.89,0.0091,Great Dane,0.3009,data/Mid224/train/horse/horse_00771.jpeg
train/horse/horse_00772.jpeg,horse,train,SUSPICIOUS_LABEL,765.81,82.41,51.9,0.0,English setter,0.2901,data/Mid224/train/horse/horse_00772.jpeg
train/horse/horse_00774.jpeg,horse,train,SUSPICIOUS_LABEL,347.96,186.55,45.01,0.0001,llama,0.6362,data/Mid224/train/horse/horse_00774.jpeg
train/horse/horse_00775.jpeg,horse,train,SUSPICIOUS_LABEL,461.39,101.42,47.59,0.0001,Sealyham terrier,0.2024,data/Mid224/train/horse/horse_00775.jpeg
train/horse/horse_00776.jpeg,horse,train,SUSPICIOUS_LABEL,388.42,82.57,60.9,0.0,kuvasz,0.729,data/Mid224/train/horse/horse_00776.jpeg
train/horse/horse_00777.jpeg,horse,train,SUSPICIOUS_LABEL,697.53,98.39,55.19,0.0,Ibizan hound,0.2911,data/Mid224/train/horse/horse_00777.jpeg
train/horse/horse_00780.jpeg,horse,train,SUSPICIOUS_LABEL,482.62,97.25,39.17,0.0009,Arabian camel,0.7578,data/Mid224/train/horse/horse_00780.jpeg
train/horse/horse_00784.jpeg,horse,train,SUSPICIOUS_LABEL,890.38,162.02,50.42,0.0006,Saluki,0.3372,data/Mid224/train/horse/horse_00784.jpeg
train/horse/horse_00789.jpeg,horse,train,SUSPICIOUS_LABEL,457.67,80.53,38.55,0.0012,toy terrier,0.4794,data/Mid224/train/horse/horse_00789.jpeg
train/horse/horse_00792.jpeg,horse,train,SUSPICIOUS_LABEL,851.73,155.2,58.17,0.0003,Great Dane,0.5937,data/Mid224/train/horse/horse_00792.jpeg
train/horse/horse_00797.jpeg,horse,train,SUSPICIOUS_LABEL,656.75,83.82,52.08,0.0001,tusker,0.3024,data/Mid224/train/horse/horse_00797.jpeg
train/horse/horse_00798.jpeg,horse,train,SUSPICIOUS_LABEL,593.79,103.39,50.39,0.0006,black grouse,0.2485,data/Mid224/train/horse/horse_00798.jpeg
train/horse/horse_00801.jpeg,horse,train,SUSPICIOUS_LABEL,555.08,163.84,47.35,0.0057,black-and-tan coonhound,0.2421,data/Mid224/train/horse/horse_00801.jpeg
train/horse/horse_00804.jpeg,horse,train,SUSPICIOUS_LABEL,436.28,116.69,48.39,0.0,kuvasz,0.4002,data/Mid224/train/horse/horse_00804.jpeg
train/horse/horse_00805.jpeg,horse,train,SUSPICIOUS_LABEL,665.56,98.79,53.64,0.0,tusker,0.8355,data/Mid224/train/horse/horse_00805.jpeg
train/horse/horse_00808.jpeg,horse,train,SUSPICIOUS_LABEL,594.54,121.87,43.35,0.0004,parallel bars,0.2349,data/Mid224/train/horse/horse_00808.jpeg
train/horse/horse_00810.jpeg,horse,train,SUSPICIOUS_LABEL,574.44,171.94,62.65,0.0,Bedlington terrier,0.6057,data/Mid224/train/horse/horse_00810.jpeg
train/horse/horse_00811.jpeg,horse,train,SUSPICIOUS_LABEL,765.57,91.2,45.13,0.0007,Mexican hairless,0.2529,data/Mid224/train/horse/horse_00811.jpeg
train/horse/horse_00812.jpeg,horse,train,SUSPICIOUS_LABEL,162.9,208.43,57.87,0.0002,Kerry blue terrier,0.5045,data/Mid224/train/horse/horse_00812.jpeg
train/horse/horse_00813.jpeg,horse,train,SUSPICIOUS_LABEL,191.51,149.18,59.22,0.0006,groenendael,0.6857,data/Mid224/train/horse/horse_00813.jpeg
train/horse/horse_00815.jpeg,horse,train,SUSPICIOUS_LABEL,1084.24,117.35,59.15,0.0018,hartebeest,0.7317,data/Mid224/train/horse/horse_00815.jpeg
train/horse/horse_00816.jpeg,horse,train,SUSPICIOUS_LABEL,758.06,143.83,59.35,0.003,Great Dane,0.8554,data/Mid224/train/horse/horse_00816.jpeg
train/horse/horse_00819.jpeg,horse,train,SUSPICIOUS_LABEL,589.59,107.48,37.43,0.0001,English setter,0.8946,data/Mid224/train/horse/horse_00819.jpeg
train/horse/horse_00821.jpeg,horse,train,SUSPICIOUS_LABEL,1211.83,99.39,61.66,0.0034,Great Dane,0.6638,data/Mid224/train/horse/horse_00821.jpeg
train/horse/horse_00825.jpeg,horse,train,SUSPICIOUS_LABEL,840.28,123.49,65.77,0.0,curly-coated retriever,0.3266,data/Mid224/train/horse/horse_00825.jpeg
train/horse/horse_00826.jpeg,horse,train,SUSPICIOUS_LABEL,473.98,148.15,61.95,0.0,Rottweiler,0.2437,data/Mid224/train/horse/horse_00826.jpeg
train/horse/horse_00829.jpeg,horse,train,SUSPICIOUS_LABEL,822.16,105.76,62.48,0.0007,flat-coated retriever,0.2206,data/Mid224/train/horse/horse_00829.jpeg
train/horse/horse_00831.jpeg,horse,train,SUSPICIOUS_LABEL,1498.38,102.75,58.28,0.0326,bearskin,0.3159,data/Mid224/train/horse/horse_00831.jpeg
train/horse/horse_00835.jpeg,horse,train,SUSPICIOUS_LABEL,785.09,123.77,61.27,0.003,Scottish deerhound,0.248,data/Mid224/train/horse/horse_00835.jpeg
train/horse/horse_00836.jpeg,horse,train,SUSPICIOUS_LABEL,333.57,110.52,56.52,0.0318,hartebeest,0.248,data/Mid224/train/horse/horse_00836.jpeg
train/horse/horse_00840.jpeg,horse,train,SUSPICIOUS_LABEL,1243.38,134.98,88.03,0.0027,black-and-tan coonhound,0.4427,data/Mid224/train/horse/horse_00840.jpeg
train/horse/horse_00841.jpeg,horse,train,SUSPICIOUS_LABEL,1114.95,123.74,66.03,0.0153,Arabian camel,0.47,data/Mid224/train/horse/horse_00841.jpeg
train/horse/horse_00845.jpeg,horse,train,SUSPICIOUS_LABEL,423.84,215.57,67.19,0.0005,tusker,0.2398,data/Mid224/train/horse/horse_00845.jpeg
train/horse/horse_00846.jpeg,horse,train,SUSPICIOUS_LABEL,1167.47,146.83,78.57,0.0,curly-coated retriever,0.5224,data/Mid224/train/horse/horse_00846.jpeg
train/horse/horse_00848.jpeg,horse,train,SUSPICIOUS_LABEL,574.57,71.57,62.55,0.0003,ox,0.2881,data/Mid224/train/horse/horse_00848.jpeg
train/horse/horse_00850.jpeg,horse,train,SUSPICIOUS_LABEL,1949.5,112.63,51.63,0.0005,Border collie,0.4163,data/Mid224/train/horse/horse_00850.jpeg
train/horse/horse_00851.jpeg,horse,train,SUSPICIOUS_LABEL,773.67,62.24,42.24,0.0001,Great Dane,0.5251,data/Mid224/train/horse/horse_00851.jpeg
train/horse/horse_00852.jpeg,horse,train,SUSPICIOUS_LABEL,451.76,76.07,51.13,0.0048,groenendael,0.4148,data/Mid224/train/horse/horse_00852.jpeg
train/horse/horse_00856.jpeg,horse,train,SUSPICIOUS_LABEL,525.39,141.21,62.45,0.0196,Arabian camel,0.2957,data/Mid224/train/horse/horse_00856.jpeg
train/horse/horse_00858.jpeg,horse,train,SUSPICIOUS_LABEL,961.7,160.38,52.8,0.001,hartebeest,0.5088,data/Mid224/train/horse/horse_00858.jpeg
train/horse/horse_00859.jpeg,horse,train,SUSPICIOUS_LABEL,336.9,99.45,76.69,0.0001,curly-coated retriever,0.3021,data/Mid224/train/horse/horse_00859.jpeg
train/horse/horse_00863.jpeg,horse,train,SUSPICIOUS_LABEL,414.09,188.68,54.31,0.0002,dogsled,0.6778,data/Mid224/train/horse/horse_00863.jpeg
train/horse/horse_00867.jpeg,horse,train,SUSPICIOUS_LABEL,576.55,116.77,53.85,0.0018,Arabian camel,0.5943,data/Mid224/train/horse/horse_00867.jpeg
train/horse/horse_00869.jpeg,horse,train,SUSPICIOUS_LABEL,1066.89,208.96,64.93,0.0001,Irish wolfhound,0.2106,data/Mid224/train/horse/horse_00869.jpeg
train/horse/horse_00870.jpeg,horse,train,SUSPICIOUS_LABEL,723.77,113.93,66.67,0.0001,llama,0.2226,data/Mid224/train/horse/horse_00870.jpeg
train/horse/horse_00875.jpeg,horse,train,SUSPICIOUS_LABEL,1598.05,145.02,65.29,0.0328,black-and-tan coonhound,0.2717,data/Mid224/train/horse/horse_00875.jpeg
train/horse/horse_00881.jpeg,horse,train,SUSPICIOUS_LABEL,733.02,134.08,51.44,0.0179,Doberman,0.2812,data/Mid224/train/horse/horse_00881.jpeg
train/horse/horse_00882.jpeg,horse,train,SUSPICIOUS_LABEL,268.61,196.02,51.72,0.0003,Eskimo dog,0.2723,data/Mid224/train/horse/horse_00882.jpeg
train/horse/horse_00883.jpeg,horse,train,SUSPICIOUS_LABEL,920.39,121.7,86.07,0.0038,Great Dane,0.3343,data/Mid224/train/horse/horse_00883.jpeg
train/horse/horse_00884.jpeg,horse,train,UNDEREXPOSED;SUSPICIOUS_LABEL,153.91,30.26,42.68,0.0,lacewing,0.2276,data/Mid224/train/horse/horse_00884.jpeg
train/horse/horse_00886.jpeg,horse,train,SUSPICIOUS_LABEL,762.76,122.47,61.1,0.0001,tusker,0.7473,data/Mid224/train/horse/horse_00886.jpeg
train/horse/horse_00890.jpeg,horse,train,SUSPICIOUS_LABEL,821.21,118.68,60.31,0.0004,groenendael,0.2027,data/Mid224/train/horse/horse_00890.jpeg
train/horse/horse_00891.jpeg,horse,train,SUSPICIOUS_LABEL,1392.78,113.69,53.37,0.0003,gazelle,0.3848,data/Mid224/train/horse/horse_00891.jpeg
train/horse/horse_00893.jpeg,horse,train,SUSPICIOUS_LABEL,743.95,178.75,90.35,0.0018,kelpie,0.3581,data/Mid224/train/horse/horse_00893.jpeg
train/horse/horse_00895.jpeg,horse,train,SUSPICIOUS_LABEL,990.47,108.53,72.79,0.019,llama,0.2002,data/Mid224/train/horse/horse_00895.jpeg
train/horse/horse_00899.jpeg,horse,train,SUSPICIOUS_LABEL,767.28,109.17,65.97,0.0382,Great Dane,0.2223,data/Mid224/train/horse/horse_00899.jpeg
train/horse/horse_00903.jpeg,horse,train,SUSPICIOUS_LABEL,537.39,111.68,49.72,0.0024,hartebeest,0.3559,data/Mid224/train/horse/horse_00903.jpeg
train/horse/horse_00904.jpeg,horse,train,SUSPICIOUS_LABEL,651.0,132.28,58.88,0.0001,bloodhound,0.2943,data/Mid224/train/horse/horse_00904.jpeg
train/horse/horse_00905.jpeg,horse,train,SUSPICIOUS_LABEL,891.92,101.72,45.45,0.0002,pickelhaube,0.2808,data/Mid224/train/horse/horse_00905.jpeg
train/horse/horse_00906.jpeg,horse,train,SUSPICIOUS_LABEL,675.18,94.79,66.81,0.002,Saluki,0.2697,data/Mid224/train/horse/horse_00906.jpeg
train/horse/horse_00908.jpeg,horse,train,SUSPICIOUS_LABEL,474.95,168.39,37.12,0.0005,bighorn,0.2963,data/Mid224/train/horse/horse_00908.jpeg
train/horse/horse_00912.jpeg,horse,train,SUSPICIOUS_LABEL,745.25,129.01,49.31,0.0064,tusker,0.3641,data/Mid224/train/horse/horse_00912.jpeg
train/horse/horse_00913.jpeg,horse,train,SUSPICIOUS_LABEL,861.02,160.63,83.09,0.0066,groenendael,0.3854,data/Mid224/train/horse/horse_00913.jpeg
train/horse/horse_00915.jpeg,horse,train,SUSPICIOUS_LABEL,373.55,71.0,49.68,0.0032,Arabian camel,0.4015,data/Mid224/train/horse/horse_00915.jpeg
train/horse/horse_00916.jpeg,horse,train,SUSPICIOUS_LABEL,1098.87,108.53,55.08,0.0005,assault rifle,0.3088,data/Mid224/train/horse/horse_00916.jpeg
train/horse/horse_00918.jpeg,horse,train,SUSPICIOUS_LABEL,847.84,106.11,56.59,0.0002,curly-coated retriever,0.3597,data/Mid224/train/horse/horse_00918.jpeg
train/horse/horse_00920.jpeg,horse,train,SUSPICIOUS_LABEL,627.4,88.18,46.21,0.0113,redbone,0.2774,data/Mid224/train/horse/horse_00920.jpeg
train/horse/horse_00921.jpeg,horse,train,SUSPICIOUS_LABEL,579.34,140.34,45.67,0.0026,redbone,0.2583,data/Mid224/train/horse/horse_00921.jpeg
train/horse/horse_00923.jpeg,horse,train,SUSPICIOUS_LABEL,267.3,99.12,45.97,0.0,kuvasz,0.264,data/Mid224/train/horse/horse_00923.jpeg
train/horse/horse_00924.jpeg,horse,train,SUSPICIOUS_LABEL,2783.59,118.85,87.81,0.0001,ox,0.4151,data/Mid224/train/horse/horse_00924.jpeg
train/horse/horse_00927.jpeg,horse,train,SUSPICIOUS_LABEL,514.03,192.45,38.18,0.0005,dalmatian,0.2544,data/Mid224/train/horse/horse_00927.jpeg
train/horse/horse_00930.jpeg,horse,train,SUSPICIOUS_LABEL,324.44,156.35,50.35,0.003,kuvasz,0.331,data/Mid224/train/horse/horse_00930.jpeg
train/horse/horse_00931.jpeg,horse,train,SUSPICIOUS_LABEL,481.78,96.39,48.1,0.0037,assault rifle,0.2048,data/Mid224/train/horse/horse_00931.jpeg
train/horse/horse_00932.jpeg,horse,train,SUSPICIOUS_LABEL,1231.53,121.04,36.47,0.0029,hartebeest,0.2335,data/Mid224/train/horse/horse_00932.jpeg
train/horse/horse_00935.jpeg,horse,train,SUSPICIOUS_LABEL,1331.58,124.81,69.73,0.0013,colobus,0.212,data/Mid224/train/horse/horse_00935.jpeg
train/horse/horse_00937.jpeg,horse,train,SUSPICIOUS_LABEL,500.13,108.07,38.12,0.0011,Arabian camel,0.881,data/Mid224/train/horse/horse_00937.jpeg
train/horse/horse_00940.jpeg,horse,train,SUSPICIOUS_LABEL,576.58,90.24,43.49,0.0001,toy terrier,0.3024,data/Mid224/train/horse/horse_00940.jpeg
train/horse/horse_00944.jpeg,horse,train,SUSPICIOUS_LABEL,655.03,137.95,56.42,0.0003,Saluki,0.7059,data/Mid224/train/horse/horse_00944.jpeg
train/horse/horse_00949.jpeg,horse,train,SUSPICIOUS_LABEL,1162.05,148.21,51.92,0.0017,black-and-tan coonhound,0.5563,data/Mid224/train/horse/horse_00949.jpeg
train/horse/horse_00953.jpeg,horse,train,SUSPICIOUS_LABEL,766.46,102.4,82.0,0.0,Sealyham terrier,0.8634,data/Mid224/train/horse/horse_00953.jpeg
train/horse/horse_00956.jpeg,horse,train,SUSPICIOUS_LABEL,738.84,145.75,53.2,0.0003,hartebeest,0.5962,data/Mid224/train/horse/horse_00956.jpeg
train/horse/horse_00961.jpeg,horse,train,SUSPICIOUS_LABEL,516.62,106.73,68.79,0.0024,ox,0.3099,data/Mid224/train/horse/horse_00961.jpeg
train/horse/horse_00962.jpeg,horse,train,SUSPICIOUS_LABEL,683.32,126.52,59.31,0.0012,Great Dane,0.6543,data/Mid224/train/horse/horse_00962.jpeg
train/horse/horse_00966.jpeg,horse,train,SUSPICIOUS_LABEL,785.87,147.27,59.59,0.0365,Great Dane,0.2147,data/Mid224/train/horse/horse_00966.jpeg
train/horse/horse_00969.jpeg,horse,train,SUSPICIOUS_LABEL,568.95,138.03,51.35,0.0068,Arabian camel,0.4961,data/Mid224/train/horse/horse_00969.jpeg
train/horse/horse_00971.jpeg,horse,train,SUSPICIOUS_LABEL,896.0,135.93,46.15,0.0019,English foxhound,0.2017,data/Mid224/train/horse/horse_00971.jpeg
train/horse/horse_00972.jpeg,horse,train,SUSPICIOUS_LABEL,876.83,168.04,78.81,0.0122,Afghan hound,0.2794,data/Mid224/train/horse/horse_00972.jpeg
train/horse/horse_00973.jpeg,horse,train,SUSPICIOUS_LABEL,309.16,138.32,61.87,0.0141,bighorn,0.4606,data/Mid224/train/horse/horse_00973.jpeg
train/horse/horse_00974.jpeg,horse,train,SUSPICIOUS_LABEL,1134.79,137.1,66.95,0.0011,yawl,0.6546,data/Mid224/train/horse/horse_00974.jpeg
train/horse/horse_00976.jpeg,horse,train,SUSPICIOUS_LABEL,894.95,75.27,56.27,0.0027,bighorn,0.2369,data/Mid224/train/horse/horse_00976.jpeg
train/horse/horse_00977.jpeg,horse,train,SUSPICIOUS_LABEL,968.7,130.76,51.17,0.0005,Arabian camel,0.9912,data/Mid224/train/horse/horse_00977.jpeg
train/horse/horse_00978.jpeg,horse,train,SUSPICIOUS_LABEL,504.68,136.2,77.5,0.0,groenendael,0.2216,data/Mid224/train/horse/horse_00978.jpeg
train/horse/horse_00979.jpeg,horse,train,SUSPICIOUS_LABEL,1541.77,131.34,52.8,0.0001,English foxhound,0.236,data/Mid224/train/horse/horse_00979.jpeg
train/horse/horse_00981.jpeg,horse,train,SUSPICIOUS_LABEL,317.97,184.11,44.8,0.0086,Arabian camel,0.2061,data/Mid224/train/horse/horse_00981.jpeg
train/horse/horse_00982.jpeg,horse,train,SUSPICIOUS_LABEL,1570.97,134.08,74.0,0.0006,parallel bars,0.2776,data/Mid224/train/horse/horse_00982.jpeg
train/horse/horse_00988.jpeg,horse,train,SUSPICIOUS_LABEL,495.62,108.61,55.95,0.0012,Great Dane,0.5022,data/Mid224/train/horse/horse_00988.jpeg
train/horse/horse_00989.jpeg,horse,train,SUSPICIOUS_LABEL,386.53,62.34,32.21,0.0012,snow leopard,0.3887,data/Mid224/train/horse/horse_00989.jpeg
train/horse/horse_00991.jpeg,horse,train,SUSPICIOUS_LABEL,682.06,144.64,35.38,0.0006,hartebeest,0.5134,data/Mid224/train/horse/horse_00991.jpeg
train/horse/horse_00992.jpeg,horse,train,SUSPICIOUS_LABEL,472.26,98.16,73.7,0.0007,Great Dane,0.2446,data/Mid224/train/horse/horse_00992.jpeg
train/horse/horse_00993.jpeg,horse,train,SUSPICIOUS_LABEL,406.73,181.05,59.38,0.0001,black-and-tan coonhound,0.3719,data/Mid224/train/horse/horse_00993.jpeg
train/horse/horse_00996.jpeg,horse,train,SUSPICIOUS_LABEL,660.1,71.41,64.89,0.0003,kuvasz,0.5091,data/Mid224/train/horse/horse_00996.jpeg
train/horse/horse_00997.jpeg,horse,train,SUSPICIOUS_LABEL,781.27,110.82,63.91,0.0006,Great Dane,0.4876,data/Mid224/train/horse/horse_00997.jpeg
train/horse/horse_00998.jpeg,horse,train,SUSPICIOUS_LABEL,279.89,166.81,74.21,0.0004,groenendael,0.2567,data/Mid224/train/horse/horse_00998.jpeg
train/horse/horse_00999.jpeg,horse,train,OVEREXPOSED;SUSPICIOUS_LABEL,1056.12,226.82,45.34,0.0,Weimaraner,0.3889,data/Mid224/train/horse/horse_00999.jpeg
train/horse/horse_01001.jpeg,horse,train,SUSPICIOUS_LABEL,731.02,103.6,56.95,0.0,kuvasz,0.6313,data/Mid224/train/horse/horse_01001.jpeg
train/horse/horse_01005.jpeg,horse,train,SUSPICIOUS_LABEL,989.82,110.19,49.97,0.0017,Great Dane,0.3207,data/Mid224/train/horse/horse_01005.jpeg
train/horse/horse_01008.jpeg,horse,train,SUSPICIOUS_LABEL,627.48,217.72,55.07,0.0027,stretcher,0.3922,data/Mid224/train/horse/horse_01008.jpeg
train/horse/horse_01009.jpeg,horse,train,SUSPICIOUS_LABEL,881.98,116.59,58.29,0.0035,kuvasz,0.2168,data/Mid224/train/horse/horse_01009.jpeg
train/horse/horse_01014.jpeg,horse,train,SUSPICIOUS_LABEL,651.52,113.27,70.92,0.0004,Saluki,0.2589,data/Mid224/train/horse/horse_01014.jpeg
train/horse/horse_01016.jpeg,horse,train,SUSPICIOUS_LABEL,1354.82,190.94,84.59,0.0058,black-and-tan coonhound,0.2743,data/Mid224/train/horse/horse_01016.jpeg
train/horse/horse_01018.jpeg,horse,train,SUSPICIOUS_LABEL,1298.26,112.05,60.36,0.0162,groenendael,0.2208,data/Mid224/train/horse/horse_01018.jpeg
train/horse/horse_01020.jpeg,horse,train,SUSPICIOUS_LABEL,459.29,122.09,58.65,0.0059,megalith,0.2046,data/Mid224/train/horse/horse_01020.jpeg
train/horse/horse_01022.jpeg,horse,train,SUSPICIOUS_LABEL,565.04,186.32,52.65,0.0025,Mexican hairless,0.3673,data/Mid224/train/horse/horse_01022.jpeg
train/horse/horse_01027.jpeg,horse,train,SUSPICIOUS_LABEL,624.98,101.66,43.77,0.0006,bloodhound,0.367,data/Mid224/train/horse/horse_01027.jpeg
train/horse/horse_01034.jpeg,horse,train,SUSPICIOUS_LABEL,1036.5,117.11,55.75,0.0125,hog,0.3235,data/Mid224/train/horse/horse_01034.jpeg
train/horse/horse_01036.jpeg,horse,train,SUSPICIOUS_LABEL,1850.53,122.82,82.09,0.0,groenendael,0.3024,data/Mid224/train/horse/horse_01036.jpeg
train/horse/horse_01039.jpeg,horse,train,SUSPICIOUS_LABEL,695.32,165.98,89.99,0.0001,flat-coated retriever,0.3663,data/Mid224/train/horse/horse_01039.jpeg
train/horse/horse_01040.jpeg,horse,train,SUSPICIOUS_LABEL,1236.87,86.04,51.15,0.0003,Great Dane,0.5963,data/Mid224/train/horse/horse_01040.jpeg
train/horse/horse_01041.jpeg,horse,train,SUSPICIOUS_LABEL,147.34,139.61,37.59,0.0027,bighorn,0.2829,data/Mid224/train/horse/horse_01041.jpeg
train/horse/horse_01042.jpeg,horse,train,SUSPICIOUS_LABEL,832.0,116.92,61.87,0.0003,Great Dane,0.2906,data/Mid224/train/horse/horse_01042.jpeg
train/horse/horse_01044.jpeg,horse,train,SUSPICIOUS_LABEL,408.3,70.59,44.9,0.0,giant schnauzer,0.2164,data/Mid224/train/horse/horse_01044.jpeg
train/horse/horse_01045.jpeg,horse,train,SUSPICIOUS_LABEL,846.03,119.28,62.94,0.0059,Great Dane,0.353,data/Mid224/train/horse/horse_01045.jpeg
train/horse/horse_01046.jpeg,horse,train,SUSPICIOUS_LABEL,598.9,189.73,53.19,0.0043,bighorn,0.3559,data/Mid224/train/horse/horse_01046.jpeg
train/horse/horse_01049.jpeg,horse,train,SUSPICIOUS_LABEL,841.38,119.36,57.22,0.0061,gazelle,0.4643,data/Mid224/train/horse/horse_01049.jpeg
train/horse/horse_01050.jpeg,horse,train,SUSPICIOUS_LABEL,374.25,193.08,45.12,0.0003,ibex,0.2202,data/Mid224/train/horse/horse_01050.jpeg
train/horse/horse_01051.jpeg,horse,train,SUSPICIOUS_LABEL,632.75,141.08,58.85,0.0102,English foxhound,0.2746,data/Mid224/train/horse/horse_01051.jpeg
train/horse/horse_01052.jpeg,horse,train,SUSPICIOUS_LABEL,366.17,154.98,41.92,0.0004,space shuttle,0.6731,data/Mid224/train/horse/horse_01052.jpeg
train/horse/horse_01055.jpeg,horse,train,SUSPICIOUS_LABEL,590.05,116.73,57.45,0.0035,groenendael,0.4242,data/Mid224/train/horse/horse_01055.jpeg
train/horse/horse_01058.jpeg,horse,train,SUSPICIOUS_LABEL,758.28,107.92,71.53,0.0013,black grouse,0.2702,data/Mid224/train/horse/horse_01058.jpeg
train/horse/horse_01059.jpeg,horse,train,SUSPICIOUS_LABEL,524.98,139.03,72.52,0.0009,yawl,0.3134,data/Mid224/train/horse/horse_01059.jpeg
train/horse/horse_01060.jpeg,horse,train,SUSPICIOUS_LABEL,637.77,122.2,63.64,0.0,Kerry blue terrier,0.3465,data/Mid224/train/horse/horse_01060.jpeg
train/horse/horse_01061.jpeg,horse,train,SUSPICIOUS_LABEL,601.11,161.16,55.28,0.0202,Great Dane,0.3738,data/Mid224/train/horse/horse_01061.jpeg
train/horse/horse_01067.jpeg,horse,train,SUSPICIOUS_LABEL,463.56,108.32,58.89,0.0148,Great Dane,0.3192,data/Mid224/train/horse/horse_01067.jpeg
train/horse/horse_01076.jpeg,horse,train,SUSPICIOUS_LABEL,578.86,168.49,86.83,0.0001,muzzle,0.4261,data/Mid224/train/horse/horse_01076.jpeg
train/horse/horse_01087.jpeg,horse,train,SUSPICIOUS_LABEL,956.77,122.99,54.17,0.0156,hartebeest,0.4424,data/Mid224/train/horse/horse_01087.jpeg
train/horse/horse_01089.jpeg,horse,train,SUSPICIOUS_LABEL,1419.5,122.96,66.39,0.002,bighorn,0.3808,data/Mid224/train/horse/horse_01089.jpeg
train/horse/horse_01095.jpeg,horse,train,SUSPICIOUS_LABEL,498.32,157.84,69.88,0.0391,Great Dane,0.2575,data/Mid224/train/horse/horse_01095.jpeg
train/horse/horse_01098.jpeg,horse,train,SUSPICIOUS_LABEL,1391.36,82.97,57.95,0.0003,black-and-tan coonhound,0.4281,data/Mid224/train/horse/horse_01098.jpeg
train/horse/horse_01099.jpeg,horse,train,SUSPICIOUS_LABEL,805.55,119.12,59.01,0.0023,kuvasz,0.2061,data/Mid224/train/horse/horse_01099.jpeg
train/horse/horse_01101.jpeg,horse,train,SUSPICIOUS_LABEL,1331.42,138.28,63.82,0.0034,Great Dane,0.2734,data/Mid224/train/horse/horse_01101.jpeg
train/horse/horse_01103.jpeg,horse,train,SUSPICIOUS_LABEL,603.42,125.35,58.63,0.0007,bighorn,0.3525,data/Mid224/train/horse/horse_01103.jpeg
train/horse/horse_01106.jpeg,horse,train,SUSPICIOUS_LABEL,774.68,147.43,66.64,0.0004,Great Dane,0.2939,data/Mid224/train/horse/horse_01106.jpeg
train/horse/horse_01107.jpeg,horse,train,SUSPICIOUS_LABEL,721.13,164.0,66.58,0.0001,tusker,0.3794,data/Mid224/train/horse/horse_01107.jpeg
train/horse/horse_01108.jpeg,horse,train,SUSPICIOUS_LABEL,486.36,36.93,53.47,0.0,overskirt,0.2361,data/Mid224/train/horse/horse_01108.jpeg
train/horse/horse_01112.jpeg,horse,train,SUSPICIOUS_LABEL,1408.5,101.63,53.95,0.0148,dalmatian,0.2493,data/Mid224/train/horse/horse_01112.jpeg
train/horse/horse_01113.jpeg,horse,train,SUSPICIOUS_LABEL,423.16,64.99,52.48,0.0005,Arabian camel,0.3268,data/Mid224/train/horse/horse_01113.jpeg
train/horse/horse_01116.jpeg,horse,train,SUSPICIOUS_LABEL,1779.22,131.8,42.87,0.0061,toy terrier,0.3263,data/Mid224/train/horse/horse_01116.jpeg
train/horse/horse_01117.jpeg,horse,train,SUSPICIOUS_LABEL,697.2,98.52,50.2,0.0173,black-and-tan coonhound,0.3258,data/Mid224/train/horse/horse_01117.jpeg
train/horse/horse_01122.jpeg,horse,train,SUSPICIOUS_LABEL,705.43,96.92,74.86,0.0,groenendael,0.7867,data/Mid224/train/horse/horse_01122.jpeg
train/horse/horse_01123.jpeg,horse,train,SUSPICIOUS_LABEL,98.49,184.14,73.7,0.0002,Angora,0.3378,data/Mid224/train/horse/horse_01123.jpeg
train/horse/horse_01125.jpeg,horse,train,SUSPICIOUS_LABEL,507.4,161.3,71.76,0.0005,miniature pinscher,0.3453,data/Mid224/train/horse/horse_01125.jpeg
train/horse/horse_01126.jpeg,horse,train,SUSPICIOUS_LABEL,628.93,74.47,60.72,0.0,curly-coated retriever,0.9474,data/Mid224/train/horse/horse_01126.jpeg
train/horse/horse_01129.jpeg,horse,train,SUSPICIOUS_LABEL,1194.14,132.63,90.24,0.0029,groenendael,0.2887,data/Mid224/train/horse/horse_01129.jpeg
train/horse/horse_01131.jpeg,horse,train,SUSPICIOUS_LABEL,307.5,106.07,33.97,0.0021,kelpie,0.2032,data/Mid224/train/horse/horse_01131.jpeg
train/horse/horse_01132.jpeg,horse,train,SUSPICIOUS_LABEL,327.07,78.47,33.74,0.0461,llama,0.2293,data/Mid224/train/horse/horse_01132.jpeg
train/horse/horse_01133.jpeg,horse,train,SUSPICIOUS_LABEL,413.14,155.35,70.47,0.0004,groenendael,0.3254,data/Mid224/train/horse/horse_01133.jpeg
train/horse/horse_01134.jpeg,horse,train,SUSPICIOUS_LABEL,367.24,98.93,40.05,0.0071,hartebeest,0.7194,data/Mid224/train/horse/horse_01134.jpeg
train/horse/horse_01138.jpeg,horse,train,SUSPICIOUS_LABEL,885.42,104.6,53.09,0.0,Saluki,0.2264,data/Mid224/train/horse/horse_01138.jpeg
train/horse/horse_01140.jpeg,horse,train,SUSPICIOUS_LABEL,1138.03,120.76,58.82,0.0024,curly-coated retriever,0.4247,data/Mid224/train/horse/horse_01140.jpeg
train/horse/horse_01142.jpeg,horse,train,SUSPICIOUS_LABEL,1064.66,149.94,70.21,0.0088,dalmatian,0.592,data/Mid224/train/horse/horse_01142.jpeg
train/horse/horse_01144.jpeg,horse,train,SUSPICIOUS_LABEL,587.83,139.45,78.29,0.0,bulletproof vest,0.3363,data/Mid224/train/horse/horse_01144.jpeg
train/horse/horse_01146.jpeg,horse,train,SUSPICIOUS_LABEL,764.61,127.32,68.7,0.0035,hartebeest,0.7958,data/Mid224/train/horse/horse_01146.jpeg
train/horse/horse_01147.jpeg,horse,train,SUSPICIOUS_LABEL,439.17,80.67,41.76,0.0252,hartebeest,0.2309,data/Mid224/train/horse/horse_01147.jpeg
train/horse/horse_01150.jpeg,horse,train,SUSPICIOUS_LABEL,892.37,134.86,61.69,0.0183,Great Dane,0.2627,data/Mid224/train/horse/horse_01150.jpeg
train/horse/horse_01151.jpeg,horse,train,SUSPICIOUS_LABEL,1004.98,173.05,66.34,0.002,cougar,0.2225,data/Mid224/train/horse/horse_01151.jpeg
train/horse/horse_01155.jpeg,horse,train,SUSPICIOUS_LABEL,486.78,116.4,67.34,0.001,tusker,0.2822,data/Mid224/train/horse/horse_01155.jpeg
train/horse/horse_01159.jpeg,horse,train,SUSPICIOUS_LABEL,1027.72,120.02,61.14,0.0121,gazelle,0.3401,data/Mid224/train/horse/horse_01159.jpeg
train/horse/horse_01160.jpeg,horse,train,SUSPICIOUS_LABEL,553.69,151.31,57.42,0.0022,Great Dane,0.3825,data/Mid224/train/horse/horse_01160.jpeg
train/horse/horse_01161.jpeg,horse,train,SUSPICIOUS_LABEL,640.05,124.36,81.75,0.0001,curly-coated retriever,0.4742,data/Mid224/train/horse/horse_01161.jpeg
train/horse/horse_01164.jpeg,horse,train,SUSPICIOUS_LABEL,500.75,125.83,69.31,0.0154,book jacket,0.3792,data/Mid224/train/horse/horse_01164.jpeg
train/horse/horse_01165.jpeg,horse,train,SUSPICIOUS_LABEL,417.06,92.15,35.45,0.0003,Arabian camel,0.2563,data/Mid224/train/horse/horse_01165.jpeg
train/horse/horse_01167.jpeg,horse,train,SUSPICIOUS_LABEL,270.81,124.09,26.24,0.0008,Arabian camel,0.3875,data/Mid224/train/horse/horse_01167.jpeg
train/horse/horse_01170.jpeg,horse,train,SUSPICIOUS_LABEL,473.18,118.26,33.21,0.0092,Arabian camel,0.4181,data/Mid224/train/horse/horse_01170.jpeg
train/horse/horse_01172.jpeg,horse,train,SUSPICIOUS_LABEL,393.4,170.45,50.41,0.0006,Mexican hairless,0.2026,data/Mid224/train/horse/horse_01172.jpeg
train/horse/horse_01174.jpeg,horse,train,SUSPICIOUS_LABEL,1393.66,159.57,58.69,0.0,submarine,0.3409,data/Mid224/train/horse/horse_01174.jpeg
train/horse/horse_01183.jpeg,horse,train,SUSPICIOUS_LABEL,1220.52,123.86,81.58,0.0163,hartebeest,0.6128,data/Mid224/train/horse/horse_01183.jpeg
train/horse/horse_01184.jpeg,horse,train,SUSPICIOUS_LABEL,2368.68,161.35,79.61,0.0089,Great Dane,0.6087,data/Mid224/train/horse/horse_01184.jpeg
train/horse/horse_01186.jpeg,horse,train,SUSPICIOUS_LABEL,464.14,87.82,62.09,0.0005,ox,0.5265,data/Mid224/train/horse/horse_01186.jpeg
train/horse/horse_01187.jpeg,horse,train,UNDEREXPOSED,735.55,25.17,33.0,0.029,cuirass,0.1571,data/Mid224/train/horse/horse_01187.jpeg
train/horse/horse_01188.jpeg,horse,train,SUSPICIOUS_LABEL,320.32,141.3,66.01,0.0,Bedlington terrier,0.6081,data/Mid224/train/horse/horse_01188.jpeg
train/horse/horse_01190.jpeg,horse,train,SUSPICIOUS_LABEL,358.42,160.82,65.64,0.0003,Arabian camel,0.7407,data/Mid224/train/horse/horse_01190.jpeg
train/horse/horse_01191.jpeg,horse,train,SUSPICIOUS_LABEL,542.91,167.48,68.39,0.003,kelpie,0.4272,data/Mid224/train/horse/horse_01191.jpeg
train/horse/horse_01192.jpeg,horse,train,SUSPICIOUS_LABEL,418.11,166.7,58.87,0.032,dhole,0.2135,data/Mid224/train/horse/horse_01192.jpeg
train/horse/horse_01195.jpeg,horse,train,SUSPICIOUS_LABEL,448.38,142.16,78.09,0.0052,groenendael,0.532,data/Mid224/train/horse/horse_01195.jpeg
train/horse/horse_01196.jpeg,horse,train,SUSPICIOUS_LABEL,260.32,126.99,34.97,0.0002,Arctic fox,0.2009,data/Mid224/train/horse/horse_01196.jpeg
train/horse/horse_01197.jpeg,horse,train,SUSPICIOUS_LABEL,510.5,118.2,45.01,0.0082,ox,0.3252,data/Mid224/train/horse/horse_01197.jpeg
train/horse/horse_01199.jpeg,horse,train,SUSPICIOUS_LABEL,2026.35,143.53,76.9,0.0005,oxcart,0.4601,data/Mid224/train/horse/horse_01199.jpeg
train/horse/horse_01200.jpeg,horse,train,SUSPICIOUS_LABEL,467.77,110.56,35.04,0.0031,Saluki,0.2742,data/Mid224/train/horse/horse_01200.jpeg
train/horse/horse_01203.jpeg,horse,train,SUSPICIOUS_LABEL,1048.8,125.81,87.55,0.0028,Great Dane,0.2187,data/Mid224/train/horse/horse_01203.jpeg
train/horse/horse_01205.jpeg,horse,train,SUSPICIOUS_LABEL,1211.1,169.35,61.21,0.0109,Kerry blue terrier,0.2219,data/Mid224/train/horse/horse_01205.jpeg
train/horse/horse_01209.jpeg,horse,train,SUSPICIOUS_LABEL,866.52,164.39,49.57,0.0003,Scottish deerhound,0.2801,data/Mid224/train/horse/horse_01209.jpeg
train/horse/horse_01210.jpeg,horse,train,SUSPICIOUS_LABEL,307.82,54.46,57.6,0.0018,horizontal bar,0.2861,data/Mid224/train/horse/horse_01210.jpeg
train/horse/horse_01214.jpeg,horse,train,SUSPICIOUS_LABEL,830.62,144.81,49.1,0.0021,Greater Swiss Mountain dog,0.3305,data/Mid224/train/horse/horse_01214.jpeg
train/horse/horse_01215.jpeg,horse,train,OVEREXPOSED;SUSPICIOUS_LABEL,256.82,225.43,37.77,0.0061,redbone,0.3603,data/Mid224/train/horse/horse_01215.jpeg
train/horse/horse_01218.jpeg,horse,train,SUSPICIOUS_LABEL,336.17,126.05,37.33,0.0012,black stork,0.3291,data/Mid224/train/horse/horse_01218.jpeg
train/horse/horse_01219.jpeg,horse,train,SUSPICIOUS_LABEL,613.2,129.74,52.56,0.0023,curly-coated retriever,0.2841,data/Mid224/train/horse/horse_01219.jpeg
train/horse/horse_01221.jpeg,horse,train,SUSPICIOUS_LABEL,904.91,81.33,53.13,0.0002,Great Dane,0.5757,data/Mid224/train/horse/horse_01221.jpeg
train/horse/horse_01226.jpeg,horse,train,SUSPICIOUS_LABEL,1003.23,107.51,56.13,0.0003,kuvasz,0.3247,data/Mid224/train/horse/horse_01226.jpeg
train/horse/horse_01227.jpeg,horse,train,SUSPICIOUS_LABEL,818.78,127.05,80.06,0.0322,Mexican hairless,0.3742,data/Mid224/train/horse/horse_01227.jpeg
train/horse/horse_01228.jpeg,horse,train,SUSPICIOUS_LABEL,1205.38,113.23,48.69,0.003,black-and-tan coonhound,0.2683,data/Mid224/train/horse/horse_01228.jpeg
train/horse/horse_01232.jpeg,horse,train,SUSPICIOUS_LABEL,562.54,152.65,48.89,0.0002,Mexican hairless,0.4201,data/Mid224/train/horse/horse_01232.jpeg
train/horse/horse_01234.jpeg,horse,train,SUSPICIOUS_LABEL,516.44,131.55,90.66,0.0002,black-and-tan coonhound,0.2536,data/Mid224/train/horse/horse_01234.jpeg
train/horse/horse_01236.jpeg,horse,train,SUSPICIOUS_LABEL,1892.15,93.69,54.92,0.0007,black stork,0.4549,data/Mid224/train/horse/horse_01236.jpeg
train/horse/horse_01238.jpeg,horse,train,SUSPICIOUS_LABEL,327.86,167.7,32.81,0.0002,dalmatian,0.4878,data/Mid224/train/horse/horse_01238.jpeg
train/horse/horse_01239.jpeg,horse,train,SUSPICIOUS_LABEL,258.49,111.77,81.1,0.0025,Great Dane,0.4079,data/Mid224/train/horse/horse_01239.jpeg
train/horse/horse_01242.jpeg,horse,train,SUSPICIOUS_LABEL,604.64,145.86,62.16,0.0001,milk can,0.226,data/Mid224/train/horse/horse_01242.jpeg
train/horse/horse_01244.jpeg,horse,train,SUSPICIOUS_LABEL,1008.72,92.69,51.27,0.0044,Scotch terrier,0.2003,data/Mid224/train/horse/horse_01244.jpeg
train/horse/horse_01245.jpeg,horse,train,SUSPICIOUS_LABEL,196.75,214.21,37.61,0.0001,projectile,0.2205,data/Mid224/train/horse/horse_01245.jpeg
train/horse/horse_01246.jpeg,horse,train,SUSPICIOUS_LABEL,994.89,108.5,60.91,0.0011,komondor,0.342,data/Mid224/train/horse/horse_01246.jpeg
train/horse/horse_01247.jpeg,horse,train,SUSPICIOUS_LABEL,996.14,96.09,56.74,0.0006,Ibizan hound,0.3485,data/Mid224/train/horse/horse_01247.jpeg
train/horse/horse_01251.jpeg,horse,train,SUSPICIOUS_LABEL,793.95,171.05,38.66,0.0008,German short-haired pointer,0.2068,data/Mid224/train/horse/horse_01251.jpeg
train/horse/horse_01252.jpeg,horse,train,SUSPICIOUS_LABEL,425.24,95.42,85.26,0.0005,moving van,0.5355,data/Mid224/train/horse/horse_01252.jpeg
train/horse/horse_01254.jpeg,horse,train,SUSPICIOUS_LABEL,1371.37,122.38,72.93,0.0022,Doberman,0.3277,data/Mid224/train/horse/horse_01254.jpeg
train/horse/horse_01255.jpeg,horse,train,SUSPICIOUS_LABEL,356.97,128.23,58.6,0.0273,Arabian camel,0.3689,data/Mid224/train/horse/horse_01255.jpeg
train/horse/horse_01257.jpeg,horse,train,SUSPICIOUS_LABEL,587.0,111.71,57.44,0.0078,Arabian camel,0.262,data/Mid224/train/horse/horse_01257.jpeg
train/horse/horse_01260.jpeg,horse,train,SUSPICIOUS_LABEL,452.25,141.83,59.44,0.0005,oxcart,0.4344,data/Mid224/train/horse/horse_01260.jpeg
train/horse/horse_01261.jpeg,horse,train,SUSPICIOUS_LABEL,391.39,141.19,63.58,0.0,flat-coated retriever,0.3664,data/Mid224/train/horse/horse_01261.jpeg
train/horse/horse_01262.jpeg,horse,train,OVEREXPOSED;SUSPICIOUS_LABEL,600.67,222.1,54.11,0.0001,red wolf,0.5748,data/Mid224/train/horse/horse_01262.jpeg
train/horse/horse_01263.jpeg,horse,train,SUSPICIOUS_LABEL,602.63,77.18,47.26,0.0,flat-coated retriever,0.4602,data/Mid224/train/horse/horse_01263.jpeg
train/horse/horse_01264.jpeg,horse,train,SUSPICIOUS_LABEL,243.02,140.36,53.36,0.0024,hartebeest,0.4676,data/Mid224/train/horse/horse_01264.jpeg
train/horse/horse_01266.jpeg,horse,train,SUSPICIOUS_LABEL,697.43,138.44,50.55,0.0015,tusker,0.5685,data/Mid224/train/horse/horse_01266.jpeg
train/horse/horse_01268.jpeg,horse,train,SUSPICIOUS_LABEL,514.48,166.39,34.73,0.0001,Saluki,0.3389,data/Mid224/train/horse/horse_01268.jpeg
train/horse/horse_01269.jpeg,horse,train,SUSPICIOUS_LABEL,301.6,156.44,43.53,0.004,groenendael,0.5233,data/Mid224/train/horse/horse_01269.jpeg
train/horse/horse_01275.jpeg,horse,train,SUSPICIOUS_LABEL,253.73,145.98,37.19,0.0007,Great Dane,0.4825,data/Mid224/train/horse/horse_01275.jpeg
train/horse/horse_01276.jpeg,horse,train,SUSPICIOUS_LABEL,805.62,103.83,54.67,0.0004,English setter,0.6055,data/Mid224/train/horse/horse_01276.jpeg
train/horse/horse_01278.jpeg,horse,train,SUSPICIOUS_LABEL,1264.43,77.37,55.98,0.0028,ox,0.3445,data/Mid224/train/horse/horse_01278.jpeg
train/horse/horse_01279.jpeg,horse,train,SUSPICIOUS_LABEL,768.06,90.62,67.92,0.0031,toy terrier,0.2452,data/Mid224/train/horse/horse_01279.jpeg
train/horse/horse_01283.jpeg,horse,train,BLURRY;LOW_CONTRAST;SUSPICIOUS_LABEL,13.32,127.97,3.47,0.0001,wall clock,0.2212,data/Mid224/train/horse/horse_01283.jpeg
train/horse/horse_01287.jpeg,horse,train,SUSPICIOUS_LABEL,417.31,176.53,59.29,0.0038,Great Dane,0.389,data/Mid224/train/horse/horse_01287.jpeg
train/horse/horse_01292.jpeg,horse,train,SUSPICIOUS_LABEL,1265.26,117.39,53.24,0.006,solar dish,0.2874,data/Mid224/train/horse/horse_01292.jpeg
train/horse/horse_01294.jpeg,horse,train,SUSPICIOUS_LABEL,366.35,135.25,31.08,0.0019,freight car,0.2835,data/Mid224/train/horse/horse_01294.jpeg
train/horse/horse_01295.jpeg,horse,train,SUSPICIOUS_LABEL,1893.23,142.66,74.69,0.0062,water buffalo,0.2051,data/Mid224/train/horse/horse_01295.jpeg
train/horse/horse_01296.jpeg,horse,train,SUSPICIOUS_LABEL,615.26,117.49,57.53,0.0042,Saluki,0.3119,data/Mid224/train/horse/horse_01296.jpeg
train/horse/horse_01297.jpeg,horse,train,SUSPICIOUS_LABEL,703.78,90.66,56.58,0.0,borzoi,0.2124,data/Mid224/train/horse/horse_01297.jpeg
train/horse/horse_01300.jpeg,horse,train,SUSPICIOUS_LABEL,825.6,108.34,71.47,0.0002,oxcart,0.7349,data/Mid224/train/horse/horse_01300.jpeg
train/horse/horse_01302.jpeg,horse,train,SUSPICIOUS_LABEL,438.22,142.2,47.26,0.0007,German short-haired pointer,0.2958,data/Mid224/train/horse/horse_01302.jpeg
train/horse/horse_01312.jpeg,horse,train,SUSPICIOUS_LABEL,640.17,155.08,66.25,0.0029,Great Dane,0.3998,data/Mid224/train/horse/horse_01312.jpeg
train/horse/horse_01316.jpeg,horse,train,SUSPICIOUS_LABEL,636.22,95.39,69.93,0.0,Kerry blue terrier,0.2124,data/Mid224/train/horse/horse_01316.jpeg
train/horse/horse_01323.jpeg,horse,train,SUSPICIOUS_LABEL,4156.13,89.98,53.09,0.0015,black-and-tan coonhound,0.6652,data/Mid224/train/horse/horse_01323.jpeg
train/horse/horse_01325.jpeg,horse,train,SUSPICIOUS_LABEL,980.31,124.72,69.47,0.0001,half track,0.2268,data/Mid224/train/horse/horse_01325.jpeg
train/horse/horse_01327.jpeg,horse,train,SUSPICIOUS_LABEL,394.75,138.31,58.16,0.0046,kuvasz,0.4146,data/Mid224/train/horse/horse_01327.jpeg
train/horse/horse_01333.jpeg,horse,train,SUSPICIOUS_LABEL,1520.04,116.68,74.28,0.0002,black-and-tan coonhound,0.4945,data/Mid224/train/horse/horse_01333.jpeg
train/horse/horse_01334.jpeg,horse,train,SUSPICIOUS_LABEL,782.01,121.45,69.53,0.0034,black-and-tan coonhound,0.311,data/Mid224/train/horse/horse_01334.jpeg
train/horse/horse_01337.jpeg,horse,train,UNDEREXPOSED,218.45,27.37,29.92,0.0005,Indian elephant,0.1883,data/Mid224/train/horse/horse_01337.jpeg
train/horse/horse_01338.jpeg,horse,train,SUSPICIOUS_LABEL,1319.93,104.47,59.73,0.0015,steel drum,0.2592,data/Mid224/train/horse/horse_01338.jpeg
train/horse/horse_01339.jpeg,horse,train,SUSPICIOUS_LABEL,664.82,90.47,33.84,0.0003,llama,0.242,data/Mid224/train/horse/horse_01339.jpeg
train/horse/horse_01340.jpeg,horse,train,SUSPICIOUS_LABEL,307.27,70.72,55.37,0.0183,ox,0.5828,data/Mid224/train/horse/horse_01340.jpeg
train/horse/horse_01343.jpeg,horse,train,SUSPICIOUS_LABEL,509.87,104.66,53.38,0.0001,toy terrier,0.3764,data/Mid224/train/horse/horse_01343.jpeg
train/horse/horse_01350.jpeg,horse,train,SUSPICIOUS_LABEL,598.96,101.57,44.65,0.006,llama,0.2356,data/Mid224/train/horse/horse_01350.jpeg
train/horse/horse_01352.jpeg,horse,train,SUSPICIOUS_LABEL,1183.57,150.39,88.32,0.0029,dhole,0.3618,data/Mid224/train/horse/horse_01352.jpeg
train/horse/horse_01354.jpeg,horse,train,SUSPICIOUS_LABEL,1073.82,184.26,52.66,0.0088,oxcart,0.2965,data/Mid224/train/horse/horse_01354.jpeg
train/horse/horse_01355.jpeg,horse,train,SUSPICIOUS_LABEL,624.23,116.18,62.74,0.0001,ox,0.2893,data/Mid224/train/horse/horse_01355.jpeg
train/horse/horse_01356.jpeg,horse,train,SUSPICIOUS_LABEL,582.12,122.9,67.82,0.0001,black-and-tan coonhound,0.5626,data/Mid224/train/horse/horse_01356.jpeg
train/horse/horse_01358.jpeg,horse,train,SUSPICIOUS_LABEL,1295.76,86.1,49.28,0.0006,dalmatian,0.5194,data/Mid224/train/horse/horse_01358.jpeg
train/horse/horse_01359.jpeg,horse,train,SUSPICIOUS_LABEL,332.83,145.68,75.61,0.0002,Sealyham terrier,0.3565,data/Mid224/train/horse/horse_01359.jpeg
train/horse/horse_01364.jpeg,horse,train,SUSPICIOUS_LABEL,428.13,70.6,60.07,0.0001,Bedlington terrier,0.8779,data/Mid224/train/horse/horse_01364.jpeg
train/horse/horse_01366.jpeg,horse,train,SUSPICIOUS_LABEL,599.22,148.15,72.7,0.0001,Great Dane,0.3965,data/Mid224/train/horse/horse_01366.jpeg
train/horse/horse_01367.jpeg,horse,train,SUSPICIOUS_LABEL,420.02,122.73,65.34,0.0319,ox,0.4247,data/Mid224/train/horse/horse_01367.jpeg
train/horse/horse_01371.jpeg,horse,train,SUSPICIOUS_LABEL,533.69,109.11,52.34,0.0032,Great Dane,0.3578,data/Mid224/train/horse/horse_01371.jpeg
train/horse/horse_01372.jpeg,horse,train,SUSPICIOUS_LABEL,1208.55,115.29,64.0,0.0,crane bird,0.317,data/Mid224/train/horse/horse_01372.jpeg
train/horse/horse_01373.jpeg,horse,train,SUSPICIOUS_LABEL,974.5,141.54,65.37,0.0004,pickelhaube,0.7776,data/Mid224/train/horse/horse_01373.jpeg
train/horse/horse_01379.jpeg,horse,train,SUSPICIOUS_LABEL,581.55,118.68,57.92,0.0001,German short-haired pointer,0.2271,data/Mid224/train/horse/horse_01379.jpeg
train/horse/horse_01380.jpeg,horse,train,SUSPICIOUS_LABEL,297.44,175.08,58.09,0.0,tusker,0.8283,data/Mid224/train/horse/horse_01380.jpeg
train/horse/horse_01381.jpeg,horse,train,SUSPICIOUS_LABEL,767.11,157.48,69.6,0.0073,Great Dane,0.3285,data/Mid224/train/horse/horse_01381.jpeg
train/horse/horse_01385.jpeg,horse,train,SUSPICIOUS_LABEL,1304.22,91.28,67.11,0.0123,black-and-tan coonhound,0.2618,data/Mid224/train/horse/horse_01385.jpeg
train/horse/horse_01387.jpeg,horse,train,SUSPICIOUS_LABEL,384.64,137.85,63.64,0.0002,tusker,0.4065,data/Mid224/train/horse/horse_01387.jpeg
train/horse/horse_01389.jpeg,horse,train,UNDEREXPOSED,172.23,28.64,27.95,0.0004,Bouvier des Flandres,0.0601,data/Mid224/train/horse/horse_01389.jpeg
train/horse/horse_01396.jpeg,horse,train,SUSPICIOUS_LABEL,753.15,110.37,54.28,0.0016,llama,0.5572,data/Mid224/train/horse/horse_01396.jpeg
train/horse/horse_01398.jpeg,horse,train,SUSPICIOUS_LABEL,692.26,139.1,58.67,0.0029,ox,0.492,data/Mid224/train/horse/horse_01398.jpeg
train/horse/horse_01406.jpeg,horse,train,SUSPICIOUS_LABEL,755.15,114.79,60.13,0.0032,ibex,0.2453,data/Mid224/train/horse/horse_01406.jpeg
train/horse/horse_01408.jpeg,horse,train,SUSPICIOUS_LABEL,1065.94,148.05,70.82,0.0018,dalmatian,0.7828,data/Mid224/train/horse/horse_01408.jpeg
train/horse/horse_01414.jpeg,horse,train,SUSPICIOUS_LABEL,442.96,127.59,36.7,0.0017,Arabian camel,0.7306,data/Mid224/train/horse/horse_01414.jpeg
train/horse/horse_01418.jpeg,horse,train,SUSPICIOUS_LABEL,957.53,81.84,69.98,0.0007,ox,0.3117,data/Mid224/train/horse/horse_01418.jpeg
train/horse/horse_01424.jpeg,horse,train,SUSPICIOUS_LABEL,732.39,114.28,53.75,0.0219,Arabian camel,0.3217,data/Mid224/train/horse/horse_01424.jpeg
train/horse/horse_01425.jpeg,horse,train,SUSPICIOUS_LABEL,671.51,125.73,47.86,0.0018,Arabian camel,0.821,data/Mid224/train/horse/horse_01425.jpeg
train/horse/horse_01431.jpeg,horse,train,SUSPICIOUS_LABEL,204.89,180.21,27.53,0.0002,toy terrier,0.5893,data/Mid224/train/horse/horse_01431.jpeg
train/horse/horse_01432.jpeg,horse,train,SUSPICIOUS_LABEL,470.46,117.45,56.78,0.0006,clumber,0.4802,data/Mid224/train/horse/horse_01432.jpeg
train/horse/horse_01433.jpeg,horse,train,SUSPICIOUS_LABEL,565.81,70.96,41.12,0.0025,Saluki,0.434,data/Mid224/train/horse/horse_01433.jpeg
train/horse/horse_01434.jpeg,horse,train,SUSPICIOUS_LABEL,580.28,145.72,81.86,0.0074,thresher,0.2739,data/Mid224/train/horse/horse_01434.jpeg
train/horse/horse_01437.jpeg,horse,train,SUSPICIOUS_LABEL,585.39,137.28,61.96,0.0007,llama,0.2206,data/Mid224/train/horse/horse_01437.jpeg
train/horse/horse_01440.jpeg,horse,train,SUSPICIOUS_LABEL,353.92,87.2,47.02,0.0035,American Staffordshire terrier,0.2019,data/Mid224/train/horse/horse_01440.jpeg
train/horse/horse_01441.jpeg,horse,train,SUSPICIOUS_LABEL,645.84,167.41,56.83,0.0093,oxcart,0.3321,data/Mid224/train/horse/horse_01441.jpeg
train/horse/horse_01442.jpeg,horse,train,SUSPICIOUS_LABEL,373.11,137.92,62.65,0.0255,Great Dane,0.2526,data/Mid224/train/horse/horse_01442.jpeg
train/horse/horse_01443.jpeg,horse,train,SUSPICIOUS_LABEL,391.34,174.85,43.49,0.0192,Great Dane,0.3553,data/Mid224/train/horse/horse_01443.jpeg
train/horse/horse_01444.jpeg,horse,train,SUSPICIOUS_LABEL,436.41,162.7,40.38,0.0346,Ibizan hound,0.264,data/Mid224/train/horse/horse_01444.jpeg
train/horse/horse_01446.jpeg,horse,train,SUSPICIOUS_LABEL,290.02,103.07,55.3,0.0073,Arabian camel,0.4237,data/Mid224/train/horse/horse_01446.jpeg
train/horse/horse_01450.jpeg,horse,train,SUSPICIOUS_LABEL,332.17,110.46,68.89,0.0004,airship,0.2748,data/Mid224/train/horse/horse_01450.jpeg
train/horse/horse_01451.jpeg,horse,train,SUSPICIOUS_LABEL,504.44,183.84,81.15,0.0,black-and-tan coonhound,0.6176,data/Mid224/train/horse/horse_01451.jpeg
train/horse/horse_01454.jpeg,horse,train,SUSPICIOUS_LABEL,471.02,89.67,61.86,0.0006,oxcart,0.4318,data/Mid224/train/horse/horse_01454.jpeg
train/horse/horse_01456.jpeg,horse,train,SUSPICIOUS_LABEL,451.44,75.87,36.51,0.0044,croquet ball,0.209,data/Mid224/train/horse/horse_01456.jpeg
train/horse/horse_01457.jpeg,horse,train,SUSPICIOUS_LABEL,694.41,162.25,55.43,0.0,Great Dane,0.8264,data/Mid224/train/horse/horse_01457.jpeg
train/horse/horse_01458.jpeg,horse,train,SUSPICIOUS_LABEL,337.8,159.27,44.55,0.0031,hartebeest,0.4429,data/Mid224/train/horse/horse_01458.jpeg
train/horse/horse_01463.jpeg,horse,train,SUSPICIOUS_LABEL,1213.85,108.12,50.59,0.013,oxcart,0.7423,data/Mid224/train/horse/horse_01463.jpeg
train/horse/horse_01465.jpeg,horse,train,SUSPICIOUS_LABEL,582.33,103.07,51.04,0.0041,Arabian camel,0.6075,data/Mid224/train/horse/horse_01465.jpeg
train/horse/horse_01466.jpeg,horse,train,SUSPICIOUS_LABEL,872.37,132.64,57.92,0.0006,Indian elephant,0.2181,data/Mid224/train/horse/horse_01466.jpeg
train/horse/horse_01467.jpeg,horse,train,SUSPICIOUS_LABEL,554.45,155.09,37.93,0.0,gazelle,0.7385,data/Mid224/train/horse/horse_01467.jpeg
train/horse/horse_01470.jpeg,horse,train,SUSPICIOUS_LABEL,895.22,90.88,65.99,0.0006,curly-coated retriever,0.3628,data/Mid224/train/horse/horse_01470.jpeg
train/horse/horse_01471.jpeg,horse,train,SUSPICIOUS_LABEL,750.94,94.42,96.97,0.0,groenendael,0.2632,data/Mid224/train/horse/horse_01471.jpeg
train/horse/horse_01473.jpeg,horse,train,SUSPICIOUS_LABEL,624.83,112.51,74.65,0.0001,black-and-tan coonhound,0.6101,data/Mid224/train/horse/horse_01473.jpeg
train/horse/horse_01476.jpeg,horse,train,SUSPICIOUS_LABEL,593.05,88.58,57.78,0.0004,black-and-tan coonhound,0.3585,data/Mid224/train/horse/horse_01476.jpeg
train/horse/horse_01479.jpeg,horse,train,SUSPICIOUS_LABEL,857.19,149.87,48.05,0.0016,Bedlington terrier,0.226,data/Mid224/train/horse/horse_01479.jpeg
train/horse/horse_01480.jpeg,horse,train,SUSPICIOUS_LABEL,1074.74,82.1,89.99,0.0161,black stork,0.2553,data/Mid224/train/horse/horse_01480.jpeg
train/horse/horse_01481.jpeg,horse,train,SUSPICIOUS_LABEL,534.26,111.12,53.24,0.0004,ox,0.5171,data/Mid224/train/horse/horse_01481.jpeg
train/horse/horse_01485.jpeg,horse,train,SUSPICIOUS_LABEL,550.9,140.69,82.33,0.0,groenendael,0.6356,data/Mid224/train/horse/horse_01485.jpeg
train/horse/horse_01486.jpeg,horse,train,SUSPICIOUS_LABEL,665.44,95.23,59.67,0.0,English foxhound,0.2109,data/Mid224/train/horse/horse_01486.jpeg
train/horse/horse_01488.jpeg,horse,train,LOW_CONTRAST,88.78,42.26,17.45,0.0003,parallel bars,0.1754,data/Mid224/train/horse/horse_01488.jpeg
train/horse/horse_01492.jpeg,horse,train,SUSPICIOUS_LABEL,781.61,52.42,47.49,0.0005,oxcart,0.4995,data/Mid224/train/horse/horse_01492.jpeg
train/horse/horse_01494.jpeg,horse,train,SUSPICIOUS_LABEL,551.9,123.34,66.53,0.0003,bulletproof vest,0.2198,data/Mid224/train/horse/horse_01494.jpeg
train/horse/horse_01495.jpeg,horse,train,SUSPICIOUS_LABEL,715.79,80.33,56.56,0.0066,tusker,0.2833,data/Mid224/train/horse/horse_01495.jpeg
train/horse/horse_01497.jpeg,horse,train,SUSPICIOUS_LABEL,605.51,131.18,54.18,0.0007,bighorn,0.2742,data/Mid224/train/horse/horse_01497.jpeg
train/horse/horse_01499.jpeg,horse,train,SUSPICIOUS_LABEL,1067.53,105.95,63.07,0.0009,tusker,0.2722,data/Mid224/train/horse/horse_01499.jpeg
train/horse/horse_01500.jpeg,horse,train,SUSPICIOUS_LABEL,419.38,163.72,50.83,0.0006,Great Dane,0.3596,data/Mid224/train/horse/horse_01500.jpeg
train/horse/horse_01501.jpeg,horse,train,SUSPICIOUS_LABEL,935.94,167.11,66.47,0.0038,book jacket,0.23,data/Mid224/train/horse/horse_01501.jpeg
train/horse/horse_01502.jpeg,horse,train,SUSPICIOUS_LABEL,966.17,107.48,42.43,0.0012,black-and-tan coonhound,0.205,data/Mid224/train/horse/horse_01502.jpeg
train/horse/horse_01503.jpeg,horse,train,SUSPICIOUS_LABEL,393.88,155.6,45.31,0.0027,thresher,0.2886,data/Mid224/train/horse/horse_01503.jpeg
train/horse/horse_01505.jpeg,horse,train,SUSPICIOUS_LABEL,876.02,198.72,81.51,0.0,patas,0.3036,data/Mid224/train/horse/horse_01505.jpeg
train/horse/horse_01508.jpeg,horse,train,SUSPICIOUS_LABEL,324.38,120.81,64.93,0.0001,Saluki,0.2811,data/Mid224/train/horse/horse_01508.jpeg
train/horse/horse_01509.jpeg,horse,train,SUSPICIOUS_LABEL,1124.11,131.81,48.47,0.0001,prison,0.2897,data/Mid224/train/horse/horse_01509.jpeg
train/horse/horse_01513.jpeg,horse,train,SUSPICIOUS_LABEL,362.06,69.55,45.14,0.0105,Great Dane,0.2233,data/Mid224/train/horse/horse_01513.jpeg
train/horse/horse_01514.jpeg,horse,train,SUSPICIOUS_LABEL,427.53,93.46,45.14,0.0021,Saluki,0.2644,data/Mid224/train/horse/horse_01514.jpeg
train/horse/horse_01515.jpeg,horse,train,SUSPICIOUS_LABEL,428.18,123.85,55.32,0.0072,Saluki,0.2149,data/Mid224/train/horse/horse_01515.jpeg
train/horse/horse_01517.jpeg,horse,train,SUSPICIOUS_LABEL,378.27,189.83,27.36,0.0029,kuvasz,0.264,data/Mid224/train/horse/horse_01517.jpeg
train/horse/horse_01518.jpeg,horse,train,SUSPICIOUS_LABEL,350.96,140.52,82.04,0.0001,Kerry blue terrier,0.2405,data/Mid224/train/horse/horse_01518.jpeg
train/horse/horse_01522.jpeg,horse,train,SUSPICIOUS_LABEL,1018.03,117.73,48.13,0.0001,speedboat,0.2699,data/Mid224/train/horse/horse_01522.jpeg
train/horse/horse_01528.jpeg,horse,train,SUSPICIOUS_LABEL,685.36,137.43,77.49,0.0035,curly-coated retriever,0.2059,data/Mid224/train/horse/horse_01528.jpeg
train/horse/horse_01534.jpeg,horse,train,SUSPICIOUS_LABEL,570.86,106.6,41.6,0.0,Bedlington terrier,0.5853,data/Mid224/train/horse/horse_01534.jpeg
train/horse/horse_01537.jpeg,horse,train,SUSPICIOUS_LABEL,338.16,132.13,37.4,0.0029,Arabian camel,0.252,data/Mid224/train/horse/horse_01537.jpeg
train/horse/horse_01542.jpeg,horse,train,SUSPICIOUS_LABEL,2291.14,121.39,56.19,0.0006,English foxhound,0.6197,data/Mid224/train/horse/horse_01542.jpeg
train/horse/horse_01544.jpeg,horse,train,SUSPICIOUS_LABEL,410.39,124.5,79.35,0.0002,flat-coated retriever,0.4671,data/Mid224/train/horse/horse_01544.jpeg
train/horse/horse_01545.jpeg,horse,train,SUSPICIOUS_LABEL,218.9,138.69,35.23,0.0154,tusker,0.4449,data/Mid224/train/horse/horse_01545.jpeg
train/horse/horse_01547.jpeg,horse,train,SUSPICIOUS_LABEL,345.28,89.35,70.75,0.0001,black grouse,0.4652,data/Mid224/train/horse/horse_01547.jpeg
train/horse/horse_01549.jpeg,horse,train,SUSPICIOUS_LABEL,1321.08,134.57,92.94,0.0015,kelpie,0.2776,data/Mid224/train/horse/horse_01549.jpeg
train/horse/horse_01550.jpeg,horse,train,SUSPICIOUS_LABEL,1046.54,114.72,55.83,0.0003,gong,0.2849,data/Mid224/train/horse/horse_01550.jpeg
train/horse/horse_01551.jpeg,horse,train,SUSPICIOUS_LABEL,866.34,169.04,103.88,0.0002,black-and-tan coonhound,0.3156,data/Mid224/train/horse/horse_01551.jpeg
train/horse/horse_01554.jpeg,horse,train,SUSPICIOUS_LABEL,806.65,149.5,76.11,0.005,grand piano,0.2324,data/Mid224/train/horse/horse_01554.jpeg
train/horse/horse_01557.jpeg,horse,train,SUSPICIOUS_LABEL,381.21,100.49,81.53,0.0,giant schnauzer,0.4877,data/Mid224/train/horse/horse_01557.jpeg
train/horse/horse_01561.jpeg,horse,train,SUSPICIOUS_LABEL,585.88,112.76,67.15,0.0001,groenendael,0.2337,data/Mid224/train/horse/horse_01561.jpeg
train/horse/horse_01564.jpeg,horse,train,SUSPICIOUS_LABEL,783.97,118.67,62.03,0.0007,llama,0.2781,data/Mid224/train/horse/horse_01564.jpeg
train/horse/horse_01567.jpeg,horse,train,SUSPICIOUS_LABEL,565.85,98.75,54.64,0.005,Great Dane,0.4253,data/Mid224/train/horse/horse_01567.jpeg
train/horse/horse_01571.jpeg,horse,train,SUSPICIOUS_LABEL,517.81,181.05,78.07,0.0,curly-coated retriever,0.7018,data/Mid224/train/horse/horse_01571.jpeg
train/horse/horse_01572.jpeg,horse,train,SUSPICIOUS_LABEL,336.41,102.56,36.47,0.0038,ox,0.5246,data/Mid224/train/horse/horse_01572.jpeg
train/horse/horse_01573.jpeg,horse,train,SUSPICIOUS_LABEL,2238.24,170.28,68.89,0.0003,African elephant,0.4109,data/Mid224/train/horse/horse_01573.jpeg
train/horse/horse_01575.jpeg,horse,train,SUSPICIOUS_LABEL,739.02,182.1,60.76,0.0003,horse cart,0.2919,data/Mid224/train/horse/horse_01575.jpeg
train/horse/horse_01577.jpeg,horse,train,SUSPICIOUS_LABEL,743.09,148.99,47.84,0.0025,Saluki,0.3344,data/Mid224/train/horse/horse_01577.jpeg
train/horse/horse_01579.jpeg,horse,train,SUSPICIOUS_LABEL,754.35,152.95,55.95,0.0026,kuvasz,0.3281,data/Mid224/train/horse/horse_01579.jpeg
train/horse/horse_01580.jpeg,horse,train,SUSPICIOUS_LABEL,1512.39,161.92,53.0,0.0033,Arabian camel,0.2587,data/Mid224/train/horse/horse_01580.jpeg
train/horse/horse_01584.jpeg,horse,train,SUSPICIOUS_LABEL,1904.09,131.95,65.87,0.0059,oxcart,0.4228,data/Mid224/train/horse/horse_01584.jpeg
train/horse/horse_01585.jpeg,horse,train,SUSPICIOUS_LABEL,1226.13,85.56,78.13,0.001,bulletproof vest,0.256,data/Mid224/train/horse/horse_01585.jpeg
train/horse/horse_01586.jpeg,horse,train,SUSPICIOUS_LABEL,641.82,128.31,56.25,0.0004,black-and-tan coonhound,0.3802,data/Mid224/train/horse/horse_01586.jpeg
train/horse/horse_01592.jpeg,horse,train,SUSPICIOUS_LABEL,414.83,100.4,49.07,0.0001,wire-haired fox terrier,0.283,data/Mid224/train/horse/horse_01592.jpeg
train/horse/horse_01597.jpeg,horse,train,SUSPICIOUS_LABEL,261.63,116.8,42.32,0.0,Norwegian elkhound,0.3085,data/Mid224/train/horse/horse_01597.jpeg
train/horse/horse_01600.jpeg,horse,train,SUSPICIOUS_LABEL,645.05,129.85,50.21,0.0056,tusker,0.2176,data/Mid224/train/horse/horse_01600.jpeg
train/horse/horse_01601.jpeg,horse,train,SUSPICIOUS_LABEL,633.46,109.6,62.71,0.0008,bighorn,0.9036,data/Mid224/train/horse/horse_01601.jpeg
train/horse/horse_01604.jpeg,horse,train,SUSPICIOUS_LABEL,1426.43,121.77,67.67,0.0019,Arabian camel,0.661,data/Mid224/train/horse/horse_01604.jpeg
train/horse/horse_01606.jpeg,horse,train,SUSPICIOUS_LABEL,1512.12,111.03,62.1,0.0003,curly-coated retriever,0.2423,data/Mid224/train/horse/horse_01606.jpeg
train/horse/horse_01607.jpeg,horse,train,SUSPICIOUS_LABEL,851.58,204.6,64.92,0.0006,triceratops,0.3344,data/Mid224/train/horse/horse_01607.jpeg
train/horse/horse_01608.jpeg,horse,train,SUSPICIOUS_LABEL,426.34,128.97,52.7,0.0001,Great Dane,0.9096,data/Mid224/train/horse/horse_01608.jpeg
train/horse/horse_01611.jpeg,horse,train,SUSPICIOUS_LABEL,571.55,130.83,48.13,0.0026,hartebeest,0.3857,data/Mid224/train/horse/horse_01611.jpeg
train/horse/horse_01612.jpeg,horse,train,SUSPICIOUS_LABEL,2453.2,112.04,53.98,0.0055,Mexican hairless,0.4566,data/Mid224/train/horse/horse_01612.jpeg
train/horse/horse_01615.jpeg,horse,train,SUSPICIOUS_LABEL,384.57,90.56,36.06,0.0003,Arabian camel,0.9233,data/Mid224/train/horse/horse_01615.jpeg
train/horse/horse_01616.jpeg,horse,train,SUSPICIOUS_LABEL,493.05,103.86,74.42,0.0044,Great Dane,0.6483,data/Mid224/train/horse/horse_01616.jpeg
train/horse/horse_01617.jpeg,horse,train,SUSPICIOUS_LABEL,703.5,125.08,56.67,0.0009,gazelle,0.6734,data/Mid224/train/horse/horse_01617.jpeg
train/horse/horse_01623.jpeg,horse,train,SUSPICIOUS_LABEL,1004.68,110.69,48.97,0.0019,English setter,0.3392,data/Mid224/train/horse/horse_01623.jpeg
train/horse/horse_01626.jpeg,horse,train,SUSPICIOUS_LABEL,1006.29,91.02,49.78,0.0036,assault rifle,0.336,data/Mid224/train/horse/horse_01626.jpeg
train/horse/horse_01629.jpeg,horse,train,SUSPICIOUS_LABEL,1187.66,130.99,52.82,0.0144,Ibizan hound,0.276,data/Mid224/train/horse/horse_01629.jpeg
train/horse/horse_01630.jpeg,horse,train,SUSPICIOUS_LABEL,442.08,121.03,62.9,0.0,flat-coated retriever,0.2041,data/Mid224/train/horse/horse_01630.jpeg
train/horse/horse_01635.jpeg,horse,train,SUSPICIOUS_LABEL,842.13,187.98,57.62,0.0101,English foxhound,0.3579,data/Mid224/train/horse/horse_01635.jpeg
train/horse/horse_01641.jpeg,horse,train,SUSPICIOUS_LABEL,429.37,117.68,81.4,0.0009,Sealyham terrier,0.2212,data/Mid224/train/horse/horse_01641.jpeg
train/horse/horse_01642.jpeg,horse,train,SUSPICIOUS_LABEL,236.56,95.41,57.09,0.0249,Doberman,0.3164,data/Mid224/train/horse/horse_01642.jpeg
train/horse/horse_01643.jpeg,horse,train,SUSPICIOUS_LABEL,543.73,111.49,52.02,0.0013,Great Dane,0.2823,data/Mid224/train/horse/horse_01643.jpeg
train/horse/horse_01645.jpeg,horse,train,SUSPICIOUS_LABEL,780.01,105.9,69.67,0.0009,Great Dane,0.6261,data/Mid224/train/horse/horse_01645.jpeg
train/horse/horse_01646.jpeg,horse,train,SUSPICIOUS_LABEL,437.84,115.35,66.62,0.0003,theater curtain,0.2312,data/Mid224/train/horse/horse_01646.jpeg
train/horse/horse_01648.jpeg,horse,train,SUSPICIOUS_LABEL,1060.29,128.82,91.39,0.0084,groenendael,0.2431,data/Mid224/train/horse/horse_01648.jpeg
train/horse/horse_01649.jpeg,horse,train,SUSPICIOUS_LABEL,2629.33,133.64,60.42,0.0035,stretcher,0.2445,data/Mid224/train/horse/horse_01649.jpeg
train/horse/horse_01650.jpeg,horse,train,SUSPICIOUS_LABEL,760.8,154.09,76.91,0.0,black-and-tan coonhound,0.4022,data/Mid224/train/horse/horse_01650.jpeg
train/horse/horse_01651.jpeg,horse,train,SUSPICIOUS_LABEL,675.33,76.14,37.3,0.0012,Great Dane,0.2322,data/Mid224/train/horse/horse_01651.jpeg
train/horse/horse_01652.jpeg,horse,train,SUSPICIOUS_LABEL,985.55,180.89,63.91,0.0006,Great Dane,0.3488,data/Mid224/train/horse/horse_01652.jpeg
train/horse/horse_01653.jpeg,horse,train,SUSPICIOUS_LABEL,783.2,122.0,88.23,0.0,groenendael,0.4946,data/Mid224/train/horse/horse_01653.jpeg
train/horse/horse_01661.jpeg,horse,train,SUSPICIOUS_LABEL,583.11,158.78,45.68,0.0191,Arabian camel,0.2922,data/Mid224/train/horse/horse_01661.jpeg
train/horse/horse_01662.jpeg,horse,train,SUSPICIOUS_LABEL,553.0,140.6,91.75,0.0,giant schnauzer,0.2342,data/Mid224/train/horse/horse_01662.jpeg
train/horse/horse_01665.jpeg,horse,train,SUSPICIOUS_LABEL,1378.15,129.42,66.76,0.0081,Scottish deerhound,0.3456,data/Mid224/train/horse/horse_01665.jpeg
train/horse/horse_01670.jpeg,horse,train,SUSPICIOUS_LABEL,418.63,114.38,58.54,0.0031,Saluki,0.2461,data/Mid224/train/horse/horse_01670.jpeg
train/horse/horse_01672.jpeg,horse,train,SUSPICIOUS_LABEL,1338.49,126.43,90.78,0.0029,Saluki,0.4721,data/Mid224/train/horse/horse_01672.jpeg
train/horse/horse_01675.jpeg,horse,train,SUSPICIOUS_LABEL,424.66,118.53,60.56,0.0009,ox,0.2485,data/Mid224/train/horse/horse_01675.jpeg
train/horse/horse_01676.jpeg,horse,train,SUSPICIOUS_LABEL,847.58,126.27,56.18,0.0011,Great Dane,0.2106,data/Mid224/train/horse/horse_01676.jpeg
train/horse/horse_01678.jpeg,horse,train,SUSPICIOUS_LABEL,662.52,115.68,65.47,0.0,flat-coated retriever,0.4062,data/Mid224/train/horse/horse_01678.jpeg
train/horse/horse_01687.jpeg,horse,train,SUSPICIOUS_LABEL,595.86,143.82,62.84,0.0003,bulletproof vest,0.3277,data/Mid224/train/horse/horse_01687.jpeg
train/horse/horse_01694.jpeg,horse,train,SUSPICIOUS_LABEL,1435.05,100.1,57.1,0.0007,croquet ball,0.2253,data/Mid224/train/horse/horse_01694.jpeg
train/horse/horse_01697.jpeg,horse,train,SUSPICIOUS_LABEL,758.02,139.49,68.37,0.0,black-and-tan coonhound,0.3381,data/Mid224/train/horse/horse_01697.jpeg
train/horse/horse_01698.jpeg,horse,train,SUSPICIOUS_LABEL,191.69,46.0,32.83,0.0001,redbone,0.4538,data/Mid224/train/horse/horse_01698.jpeg
train/horse/horse_01701.jpeg,horse,train,SUSPICIOUS_LABEL,2104.64,127.88,51.97,0.0002,dalmatian,0.8663,data/Mid224/train/horse/horse_01701.jpeg
train/horse/horse_01703.jpeg,horse,train,SUSPICIOUS_LABEL,472.24,149.31,53.74,0.0079,Arabian camel,0.3897,data/Mid224/train/horse/horse_01703.jpeg
train/horse/horse_01706.jpeg,horse,train,SUSPICIOUS_LABEL,371.97,156.11,44.55,0.0,bulletproof vest,0.2211,data/Mid224/train/horse/horse_01706.jpeg
train/horse/horse_01709.jpeg,horse,train,SUSPICIOUS_LABEL,399.54,102.02,49.71,0.0002,Great Dane,0.4539,data/Mid224/train/horse/horse_01709.jpeg
train/horse/horse_01710.jpeg,horse,train,SUSPICIOUS_LABEL,781.57,103.39,57.65,0.0,komondor,0.4887,data/Mid224/train/horse/horse_01710.jpeg
train/horse/horse_01711.jpeg,horse,train,SUSPICIOUS_LABEL,259.94,117.97,45.08,0.0152,hartebeest,0.2888,data/Mid224/train/horse/horse_01711.jpeg
train/horse/horse_01712.jpeg,horse,train,SUSPICIOUS_LABEL,1167.34,93.5,71.34,0.0012,German short-haired pointer,0.5537,data/Mid224/train/horse/horse_01712.jpeg
train/horse/horse_01714.jpeg,horse,train,SUSPICIOUS_LABEL,615.44,149.54,56.95,0.0003,ox,0.3144,data/Mid224/train/horse/horse_01714.jpeg
train/horse/horse_01716.jpeg,horse,train,SUSPICIOUS_LABEL,575.41,141.67,45.36,0.0073,hartebeest,0.2977,data/Mid224/train/horse/horse_01716.jpeg
train/horse/horse_01717.jpeg,horse,train,SUSPICIOUS_LABEL,736.18,121.21,74.62,0.001,Great Dane,0.4334,data/Mid224/train/horse/horse_01717.jpeg
train/horse/horse_01718.jpeg,horse,train,SUSPICIOUS_LABEL,397.61,183.09,67.06,0.0037,black-and-tan coonhound,0.3967,data/Mid224/train/horse/horse_01718.jpeg
train/horse/horse_01720.jpeg,horse,train,SUSPICIOUS_LABEL,360.97,130.51,73.96,0.0008,standard schnauzer,0.3272,data/Mid224/train/horse/horse_01720.jpeg
train/horse/horse_01723.jpeg,horse,train,SUSPICIOUS_LABEL,501.05,122.27,41.83,0.0018,Border collie,0.2304,data/Mid224/train/horse/horse_01723.jpeg
train/horse/horse_01724.jpeg,horse,train,SUSPICIOUS_LABEL,468.83,164.79,53.82,0.0001,llama,0.3834,data/Mid224/train/horse/horse_01724.jpeg
train/horse/horse_01727.jpeg,horse,train,SUSPICIOUS_LABEL,478.16,139.75,54.2,0.0001,Walker hound,0.2839,data/Mid224/train/horse/horse_01727.jpeg
train/horse/horse_01729.jpeg,horse,train,SUSPICIOUS_LABEL,1014.48,126.1,51.07,0.0115,Ibizan hound,0.2634,data/Mid224/train/horse/horse_01729.jpeg
train/horse/horse_01731.jpeg,horse,train,SUSPICIOUS_LABEL,657.72,119.79,58.96,0.0,Bedlington terrier,0.2268,data/Mid224/train/horse/horse_01731.jpeg
train/horse/horse_01735.jpeg,horse,train,SUSPICIOUS_LABEL,944.04,139.93,57.26,0.0115,black-and-tan coonhound,0.2432,data/Mid224/train/horse/horse_01735.jpeg
train/horse/horse_01736.jpeg,horse,train,SUSPICIOUS_LABEL,843.71,150.89,53.67,0.037,Arabian camel,0.2672,data/Mid224/train/horse/horse_01736.jpeg
train/horse/horse_01740.jpeg,horse,train,SUSPICIOUS_LABEL,713.98,125.25,39.47,0.0026,plow,0.2382,data/Mid224/train/horse/horse_01740.jpeg
train/horse/horse_01742.jpeg,horse,train,SUSPICIOUS_LABEL,596.82,133.91,56.03,0.0106,muzzle,0.2135,data/Mid224/train/horse/horse_01742.jpeg
train/horse/horse_01743.jpeg,horse,train,SUSPICIOUS_LABEL,595.92,123.75,74.62,0.0006,black-and-tan coonhound,0.3602,data/Mid224/train/horse/horse_01743.jpeg
train/horse/horse_01745.jpeg,horse,train,SUSPICIOUS_LABEL,975.51,97.91,42.13,0.0031,Bedlington terrier,0.3464,data/Mid224/train/horse/horse_01745.jpeg
train/horse/horse_01749.jpeg,horse,train,SUSPICIOUS_LABEL,1262.26,117.81,56.43,0.0101,Great Dane,0.4267,data/Mid224/train/horse/horse_01749.jpeg
train/horse/horse_01750.jpeg,horse,train,UNDEREXPOSED;SUSPICIOUS_LABEL,118.28,33.2,36.2,0.0121,curly-coated retriever,0.3492,data/Mid224/train/horse/horse_01750.jpeg
train/horse/horse_01754.jpeg,horse,train,SUSPICIOUS_LABEL,1383.57,170.97,42.6,0.0145,red wolf,0.2146,data/Mid224/train/horse/horse_01754.jpeg
train/horse/horse_01761.jpeg,horse,train,SUSPICIOUS_LABEL,876.37,139.71,52.06,0.0009,tusker,0.6188,data/Mid224/train/horse/horse_01761.jpeg
train/horse/horse_01762.jpeg,horse,train,SUSPICIOUS_LABEL,916.06,91.04,69.13,0.0013,black-and-tan coonhound,0.3056,data/Mid224/train/horse/horse_01762.jpeg
train/horse/horse_01763.jpeg,horse,train,SUSPICIOUS_LABEL,973.08,170.03,47.9,0.0018,English setter,0.2988,data/Mid224/train/horse/horse_01763.jpeg
train/horse/horse_01765.jpeg,horse,train,SUSPICIOUS_LABEL,276.91,137.54,58.35,0.0008,Kerry blue terrier,0.2221,data/Mid224/train/horse/horse_01765.jpeg
train/horse/horse_01770.jpeg,horse,train,SUSPICIOUS_LABEL,626.74,137.1,65.78,0.0001,black-and-tan coonhound,0.5573,data/Mid224/train/horse/horse_01770.jpeg
train/horse/horse_01772.jpeg,horse,train,SUSPICIOUS_LABEL,731.0,207.6,67.25,0.0003,toy terrier,0.2217,data/Mid224/train/horse/horse_01772.jpeg
train/horse/horse_01773.jpeg,horse,train,SUSPICIOUS_LABEL,504.33,117.6,43.48,0.006,Great Dane,0.5477,data/Mid224/train/horse/horse_01773.jpeg
train/horse/horse_01774.jpeg,horse,train,SUSPICIOUS_LABEL,842.68,149.26,81.75,0.0006,bulletproof vest,0.6346,data/Mid224/train/horse/horse_01774.jpeg
train/horse/horse_01776.jpeg,horse,train,SUSPICIOUS_LABEL,1058.19,119.13,67.66,0.0,giant schnauzer,0.2726,data/Mid224/train/horse/horse_01776.jpeg
train/horse/horse_01777.jpeg,horse,train,SUSPICIOUS_LABEL,1229.94,135.09,71.72,0.0058,Great Dane,0.2498,data/Mid224/train/horse/horse_01777.jpeg
train/horse/horse_01781.jpeg,horse,train,SUSPICIOUS_LABEL,681.9,133.74,45.32,0.0005,Scottish deerhound,0.2515,data/Mid224/train/horse/horse_01781.jpeg
train/horse/horse_01784.jpeg,horse,train,SUSPICIOUS_LABEL,691.3,114.4,49.44,0.0,flat-coated retriever,0.3123,data/Mid224/train/horse/horse_01784.jpeg
train/horse/horse_01790.jpeg,horse,train,SUSPICIOUS_LABEL,243.36,183.53,41.59,0.0005,Great Dane,0.2509,data/Mid224/train/horse/horse_01790.jpeg
train/horse/horse_01791.jpeg,horse,train,SUSPICIOUS_LABEL,509.17,142.73,77.12,0.0007,oxcart,0.7702,data/Mid224/train/horse/horse_01791.jpeg
train/horse/horse_01795.jpeg,horse,train,SUSPICIOUS_LABEL,526.47,130.45,51.14,0.0072,oxcart,0.4378,data/Mid224/train/horse/horse_01795.jpeg
train/horse/horse_01799.jpeg,horse,train,SUSPICIOUS_LABEL,1152.98,108.2,43.45,0.004,Arabian camel,0.7501,data/Mid224/train/horse/horse_01799.jpeg
train/horse/horse_01802.jpeg,horse,train,SUSPICIOUS_LABEL,424.73,89.88,50.0,0.0063,Great Dane,0.3567,data/Mid224/train/horse/horse_01802.jpeg
train/horse/horse_01803.jpeg,horse,train,SUSPICIOUS_LABEL,742.69,136.17,82.45,0.0,curly-coated retriever,0.7043,data/Mid224/train/horse/horse_01803.jpeg
train/horse/horse_01806.jpeg,horse,train,SUSPICIOUS_LABEL,387.42,153.78,60.43,0.0,black-and-tan coonhound,0.2073,data/Mid224/train/horse/horse_01806.jpeg
train/horse/horse_01809.jpeg,horse,train,SUSPICIOUS_LABEL,705.6,145.58,55.19,0.009,Great Dane,0.4624,data/Mid224/train/horse/horse_01809.jpeg
train/horse/horse_01813.jpeg,horse,train,SUSPICIOUS_LABEL,925.77,136.22,54.83,0.0093,German short-haired pointer,0.2677,data/Mid224/train/horse/horse_01813.jpeg
train/horse/horse_01817.jpeg,horse,train,SUSPICIOUS_LABEL,897.1,127.96,66.64,0.0068,chain saw,0.3975,data/Mid224/train/horse/horse_01817.jpeg
train/horse/horse_01821.jpeg,horse,train,SUSPICIOUS_LABEL,620.69,150.86,75.09,0.0014,Great Dane,0.2138,data/Mid224/train/horse/horse_01821.jpeg
train/horse/horse_01823.jpeg,horse,train,SUSPICIOUS_LABEL,1409.13,98.89,58.62,0.0022,Indian elephant,0.2968,data/Mid224/train/horse/horse_01823.jpeg
train/horse/horse_01825.jpeg,horse,train,SUSPICIOUS_LABEL,687.68,115.26,58.63,0.0213,Great Dane,0.3379,data/Mid224/train/horse/horse_01825.jpeg
train/horse/horse_01827.jpeg,horse,train,SUSPICIOUS_LABEL,638.62,144.75,77.51,0.0022,Great Dane,0.5112,data/Mid224/train/horse/horse_01827.jpeg
train/horse/horse_01828.jpeg,horse,train,SUSPICIOUS_LABEL,507.86,119.47,51.88,0.0,Great Dane,0.2438,data/Mid224/train/horse/horse_01828.jpeg
train/horse/horse_01830.jpeg,horse,train,SUSPICIOUS_LABEL,386.36,136.7,44.76,0.0427,Arabian camel,0.46,data/Mid224/train/horse/horse_01830.jpeg
train/horse/horse_01831.jpeg,horse,train,SUSPICIOUS_LABEL,977.7,143.28,40.05,0.0,tusker,0.6874,data/Mid224/train/horse/horse_01831.jpeg
train/horse/horse_01838.jpeg,horse,train,SUSPICIOUS_LABEL,1624.94,132.33,63.21,0.0002,German short-haired pointer,0.5348,data/Mid224/train/horse/horse_01838.jpeg
train/horse/horse_01839.jpeg,horse,train,SUSPICIOUS_LABEL,1083.53,89.36,57.58,0.0006,English setter,0.4037,data/Mid224/train/horse/horse_01839.jpeg
train/horse/horse_01840.jpeg,horse,train,SUSPICIOUS_LABEL,496.01,110.15,63.95,0.0,curly-coated retriever,0.9564,data/Mid224/train/horse/horse_01840.jpeg
train/horse/horse_01843.jpeg,horse,train,SUSPICIOUS_LABEL,427.7,86.08,59.96,0.0079,ox,0.4345,data/Mid224/train/horse/horse_01843.jpeg
train/horse/horse_01844.jpeg,horse,train,SUSPICIOUS_LABEL,490.13,104.9,84.95,0.01,Afghan hound,0.2595,data/Mid224/train/horse/horse_01844.jpeg
train/horse/horse_01848.jpeg,horse,train,SUSPICIOUS_LABEL,1012.52,102.56,60.29,0.0001,oxcart,0.4931,data/Mid224/train/horse/horse_01848.jpeg
train/horse/horse_01853.jpeg,horse,train,SUSPICIOUS_LABEL,473.56,147.22,34.71,0.0148,Ibizan hound,0.341,data/Mid224/train/horse/horse_01853.jpeg
train/horse/horse_01854.jpeg,horse,train,SUSPICIOUS_LABEL,700.55,129.61,91.35,0.0001,black stork,0.4013,data/Mid224/train/horse/horse_01854.jpeg
train/horse/horse_01855.jpeg,horse,train,SUSPICIOUS_LABEL,693.99,76.8,53.1,0.0288,black-and-tan coonhound,0.388,data/Mid224/train/horse/horse_01855.jpeg
train/horse/horse_01857.jpeg,horse,train,SUSPICIOUS_LABEL,888.62,123.54,65.72,0.0103,comic book,0.2839,data/Mid224/train/horse/horse_01857.jpeg
train/horse/horse_01858.jpeg,horse,train,SUSPICIOUS_LABEL,468.38,137.1,85.84,0.0034,Newfoundland,0.2167,data/Mid224/train/horse/horse_01858.jpeg
train/horse/horse_01862.jpeg,horse,train,SUSPICIOUS_LABEL,654.6,69.96,68.56,0.001,ox,0.3672,data/Mid224/train/horse/horse_01862.jpeg
train/horse/horse_01865.jpeg,horse,train,SUSPICIOUS_LABEL,1261.23,107.46,54.29,0.0,Bedlington terrier,0.4905,data/Mid224/train/horse/horse_01865.jpeg
train/horse/horse_01866.jpeg,horse,train,SUSPICIOUS_LABEL,405.56,141.9,59.55,0.0003,maillot tank suit,0.3116,data/Mid224/train/horse/horse_01866.jpeg
train/horse/horse_01869.jpeg,horse,train,SUSPICIOUS_LABEL,2560.49,132.71,63.14,0.0023,tusker,0.5051,data/Mid224/train/horse/horse_01869.jpeg
train/horse/horse_01870.jpeg,horse,train,SUSPICIOUS_LABEL,622.74,108.11,70.62,0.0001,schipperke,0.3321,data/Mid224/train/horse/horse_01870.jpeg
train/horse/horse_01872.jpeg,horse,train,SUSPICIOUS_LABEL,433.61,128.92,71.03,0.0015,groenendael,0.2137,data/Mid224/train/horse/horse_01872.jpeg
train/horse/horse_01873.jpeg,horse,train,SUSPICIOUS_LABEL,326.45,194.74,45.28,0.0182,Arabian camel,0.2702,data/Mid224/train/horse/horse_01873.jpeg
train/horse/horse_01875.jpeg,horse,train,SUSPICIOUS_LABEL,415.65,157.72,51.25,0.0001,groenendael,0.4813,data/Mid224/train/horse/horse_01875.jpeg
train/horse/horse_01877.jpeg,horse,train,SUSPICIOUS_LABEL,2048.17,141.24,81.89,0.0182,rotisserie,0.2112,data/Mid224/train/horse/horse_01877.jpeg
train/horse/horse_01878.jpeg,horse,train,SUSPICIOUS_LABEL,780.9,132.66,41.58,0.0186,bighorn,0.3308,data/Mid224/train/horse/horse_01878.jpeg
train/horse/horse_01879.jpeg,horse,train,SUSPICIOUS_LABEL,391.2,108.23,81.37,0.0,curly-coated retriever,0.4323,data/Mid224/train/horse/horse_01879.jpeg
train/horse/horse_01881.jpeg,horse,train,SUSPICIOUS_LABEL,444.59,138.72,57.83,0.0175,curly-coated retriever,0.3666,data/Mid224/train/horse/horse_01881.jpeg
train/horse/horse_01882.jpeg,horse,train,SUSPICIOUS_LABEL,601.36,119.79,41.25,0.0027,gazelle,0.7145,data/Mid224/train/horse/horse_01882.jpeg
train/horse/horse_01883.jpeg,horse,train,SUSPICIOUS_LABEL,273.41,206.38,31.55,0.0001,half track,0.3435,data/Mid224/train/horse/horse_01883.jpeg
train/horse/horse_01884.jpeg,horse,train,SUSPICIOUS_LABEL,408.97,154.36,41.91,0.0001,space shuttle,0.572,data/Mid224/train/horse/horse_01884.jpeg
train/horse/horse_01885.jpeg,horse,train,SUSPICIOUS_LABEL,1064.73,113.7,72.6,0.0002,Saluki,0.7655,data/Mid224/train/horse/horse_01885.jpeg
train/horse/horse_01887.jpeg,horse,train,SUSPICIOUS_LABEL,1347.81,98.9,51.12,0.0041,German short-haired pointer,0.4996,data/Mid224/train/horse/horse_01887.jpeg
train/horse/horse_01893.jpeg,horse,train,SUSPICIOUS_LABEL,1085.26,149.92,57.25,0.0031,Great Dane,0.2697,data/Mid224/train/horse/horse_01893.jpeg
train/horse/horse_01894.jpeg,horse,train,SUSPICIOUS_LABEL,479.99,112.2,50.41,0.0008,borzoi,0.4956,data/Mid224/train/horse/horse_01894.jpeg
train/horse/horse_01897.jpeg,horse,train,SUSPICIOUS_LABEL,443.08,154.39,33.06,0.0024,hartebeest,0.8594,data/Mid224/train/horse/horse_01897.jpeg
train/horse/horse_01901.jpeg,horse,train,SUSPICIOUS_LABEL,561.61,75.95,32.65,0.0001,American egret,0.2686,data/Mid224/train/horse/horse_01901.jpeg
train/horse/horse_01904.jpeg,horse,train,SUSPICIOUS_LABEL,438.48,134.42,62.06,0.0001,Great Dane,0.5796,data/Mid224/train/horse/horse_01904.jpeg
train/horse/horse_01906.jpeg,horse,train,SUSPICIOUS_LABEL,1350.1,144.69,68.04,0.0006,Great Dane,0.2951,data/Mid224/train/horse/horse_01906.jpeg
train/horse/horse_01908.jpeg,horse,train,SUSPICIOUS_LABEL,587.98,107.14,61.91,0.0007,Great Dane,0.3843,data/Mid224/train/horse/horse_01908.jpeg
train/horse/horse_01911.jpeg,horse,train,SUSPICIOUS_LABEL,391.97,115.04,42.03,0.0138,African elephant,0.2773,data/Mid224/train/horse/horse_01911.jpeg
train/horse/horse_01914.jpeg,horse,train,SUSPICIOUS_LABEL,1548.88,141.6,67.57,0.0046,Great Dane,0.3442,data/Mid224/train/horse/horse_01914.jpeg
train/horse/horse_01917.jpeg,horse,train,SUSPICIOUS_LABEL,177.97,105.78,35.1,0.0,kuvasz,0.3527,data/Mid224/train/horse/horse_01917.jpeg
train/horse/horse_01918.jpeg,horse,train,SUSPICIOUS_LABEL,622.05,145.71,51.96,0.0115,oxcart,0.2142,data/Mid224/train/horse/horse_01918.jpeg
train/horse/horse_01927.jpeg,horse,train,SUSPICIOUS_LABEL,557.71,143.02,60.39,0.0038,Arabian camel,0.7444,data/Mid224/train/horse/horse_01927.jpeg
train/horse/horse_01928.jpeg,horse,train,SUSPICIOUS_LABEL,1224.92,118.4,56.52,0.0046,Ibizan hound,0.3452,data/Mid224/train/horse/horse_01928.jpeg
train/horse/horse_01929.jpeg,horse,train,SUSPICIOUS_LABEL,393.38,118.58,49.74,0.0001,ox,0.2788,data/Mid224/train/horse/horse_01929.jpeg
train/horse/horse_01931.jpeg,horse,train,SUSPICIOUS_LABEL,422.92,132.84,79.14,0.0092,Great Dane,0.3148,data/Mid224/train/horse/horse_01931.jpeg
train/horse/horse_01932.jpeg,horse,train,SUSPICIOUS_LABEL,583.46,108.74,67.61,0.0052,ox,0.8565,data/Mid224/train/horse/horse_01932.jpeg
train/horse/horse_01935.jpeg,horse,train,SUSPICIOUS_LABEL,1307.45,133.86,55.19,0.0001,horse cart,0.5699,data/Mid224/train/horse/horse_01935.jpeg
train/horse/horse_01936.jpeg,horse,train,SUSPICIOUS_LABEL,1455.08,96.62,92.92,0.0001,hoopskirt,0.3093,data/Mid224/train/horse/horse_01936.jpeg
train/horse/horse_01939.jpeg,horse,train,SUSPICIOUS_LABEL,612.57,57.55,47.26,0.0018,bighorn,0.342,data/Mid224/train/horse/horse_01939.jpeg
train/horse/horse_01940.jpeg,horse,train,SUSPICIOUS_LABEL,852.06,142.6,46.37,0.0156,Great Dane,0.4293,data/Mid224/train/horse/horse_01940.jpeg
train/horse/horse_01941.jpeg,horse,train,SUSPICIOUS_LABEL,611.38,105.8,64.48,0.0053,Great Dane,0.2148,data/Mid224/train/horse/horse_01941.jpeg
train/horse/horse_01943.jpeg,horse,train,SUSPICIOUS_LABEL,1733.79,87.51,49.66,0.0004,komondor,0.2511,data/Mid224/train/horse/horse_01943.jpeg
train/horse/horse_01944.jpeg,horse,train,SUSPICIOUS_LABEL,389.95,145.14,43.49,0.0044,Great Dane,0.2514,data/Mid224/train/horse/horse_01944.jpeg
train/horse/horse_01947.jpeg,horse,train,SUSPICIOUS_LABEL,1509.22,146.9,45.22,0.0055,African elephant,0.518,data/Mid224/train/horse/horse_01947.jpeg
train/horse/horse_01951.jpeg,horse,train,SUSPICIOUS_LABEL,1446.63,122.96,64.46,0.0244,black-and-tan coonhound,0.3578,data/Mid224/train/horse/horse_01951.jpeg
train/horse/horse_01952.jpeg,horse,train,SUSPICIOUS_LABEL,668.05,142.7,69.28,0.0196,amphibian,0.2161,data/Mid224/train/horse/horse_01952.jpeg
train/horse/horse_01954.jpeg,horse,train,SUSPICIOUS_LABEL,685.95,202.96,75.56,0.0006,black-and-tan coonhound,0.5615,data/Mid224/train/horse/horse_01954.jpeg
train/horse/horse_01956.jpeg,horse,train,SUSPICIOUS_LABEL,459.5,138.68,62.62,0.0065,ox,0.2613,data/Mid224/train/horse/horse_01956.jpeg
train/horse/horse_01958.jpeg,horse,train,SUSPICIOUS_LABEL,1109.09,121.36,68.85,0.0118,black-and-tan coonhound,0.5852,data/Mid224/train/horse/horse_01958.jpeg
train/horse/horse_01959.jpeg,horse,train,SUSPICIOUS_LABEL,263.31,58.54,30.89,0.0,bulletproof vest,0.2525,data/Mid224/train/horse/horse_01959.jpeg
train/horse/horse_01961.jpeg,horse,train,SUSPICIOUS_LABEL,1353.69,135.3,60.61,0.0001,lakeside,0.2158,data/Mid224/train/horse/horse_01961.jpeg
train/horse/horse_01962.jpeg,horse,train,SUSPICIOUS_LABEL,1895.71,116.49,58.84,0.0044,ox,0.2276,data/Mid224/train/horse/horse_01962.jpeg
train/horse/horse_01963.jpeg,horse,train,SUSPICIOUS_LABEL,647.39,119.7,45.45,0.0007,borzoi,0.3077,data/Mid224/train/horse/horse_01963.jpeg
train/horse/horse_01967.jpeg,horse,train,SUSPICIOUS_LABEL,1268.31,105.49,42.95,0.001,curly-coated retriever,0.2658,data/Mid224/train/horse/horse_01967.jpeg
train/horse/horse_01968.jpeg,horse,train,SUSPICIOUS_LABEL,1224.16,121.48,44.29,0.0021,tusker,0.3053,data/Mid224/train/horse/horse_01968.jpeg
train/horse/horse_01970.jpeg,horse,train,SUSPICIOUS_LABEL,399.95,162.6,41.73,0.0001,kuvasz,0.4418,data/Mid224/train/horse/horse_01970.jpeg
train/horse/horse_01971.jpeg,horse,train,SUSPICIOUS_LABEL,1123.06,132.32,77.53,0.0238,Arabian camel,0.2884,data/Mid224/train/horse/horse_01971.jpeg
train/horse/horse_01972.jpeg,horse,train,SUSPICIOUS_LABEL,1002.95,142.77,70.95,0.0,Great Dane,0.3599,data/Mid224/train/horse/horse_01972.jpeg
train/horse/horse_01973.jpeg,horse,train,SUSPICIOUS_LABEL,955.11,107.75,47.77,0.0011,German short-haired pointer,0.6538,data/Mid224/train/horse/horse_01973.jpeg
train/horse/horse_01977.jpeg,horse,train,SUSPICIOUS_LABEL,747.57,89.87,52.95,0.0,Bedlington terrier,0.3057,data/Mid224/train/horse/horse_01977.jpeg
train/horse/horse_01978.jpeg,horse,train,SUSPICIOUS_LABEL,1073.82,88.48,70.69,0.0001,groenendael,0.325,data/Mid224/train/horse/horse_01978.jpeg
train/horse/horse_01980.jpeg,horse,train,UNDEREXPOSED,1535.54,34.68,41.28,0.0001,ski,0.1377,data/Mid224/train/horse/horse_01980.jpeg
train/horse/horse_01981.jpeg,horse,train,SUSPICIOUS_LABEL,404.99,191.04,60.07,0.0009,Great Dane,0.22,data/Mid224/train/horse/horse_01981.jpeg
train/horse/horse_01986.jpeg,horse,train,SUSPICIOUS_LABEL,447.95,150.36,56.15,0.0069,tusker,0.2795,data/Mid224/train/horse/horse_01986.jpeg
train/horse/horse_01987.jpeg,horse,train,SUSPICIOUS_LABEL,1311.8,159.49,57.41,0.0001,dalmatian,0.5239,data/Mid224/train/horse/horse_01987.jpeg
train/horse/horse_01988.jpeg,horse,train,SUSPICIOUS_LABEL,1362.56,158.7,75.18,0.0023,Great Dane,0.4231,data/Mid224/train/horse/horse_01988.jpeg
train/horse/horse_01992.jpeg,horse,train,SUSPICIOUS_LABEL,628.02,174.72,86.77,0.0071,Mexican hairless,0.3425,data/Mid224/train/horse/horse_01992.jpeg
train/horse/horse_01997.jpeg,horse,train,SUSPICIOUS_LABEL,2070.84,134.85,74.21,0.0017,horse cart,0.3211,data/Mid224/train/horse/horse_01997.jpeg
train/horse/horse_01999.jpeg,horse,train,SUSPICIOUS_LABEL,1496.15,120.13,54.0,0.0119,Saluki,0.2435,data/Mid224/train/horse/horse_01999.jpeg
train/horse/horse_02000.jpeg,horse,train,SUSPICIOUS_LABEL,642.44,154.09,31.84,0.006,hartebeest,0.3845,data/Mid224/train/horse/horse_02000.jpeg
train/horse/horse_02005.jpeg,horse,train,SUSPICIOUS_LABEL,238.58,129.32,37.94,0.0005,muzzle,0.8297,data/Mid224/train/horse/horse_02005.jpeg
train/horse/horse_02006.jpeg,horse,train,SUSPICIOUS_LABEL,1065.48,187.9,45.21,0.0018,Arabian camel,0.4747,data/Mid224/train/horse/horse_02006.jpeg
train/horse/horse_02011.jpeg,horse,train,SUSPICIOUS_LABEL,991.58,157.78,58.15,0.0014,Great Dane,0.265,data/Mid224/train/horse/horse_02011.jpeg
train/horse/horse_02012.jpeg,horse,train,SUSPICIOUS_LABEL,620.27,128.82,58.41,0.0079,croquet ball,0.3009,data/Mid224/train/horse/horse_02012.jpeg
train/horse/horse_02013.jpeg,horse,train,SUSPICIOUS_LABEL,407.86,120.01,58.53,0.0003,black-and-tan coonhound,0.3955,data/Mid224/train/horse/horse_02013.jpeg
train/horse/horse_02014.jpeg,horse,train,SUSPICIOUS_LABEL,801.58,146.6,55.24,0.0011,Great Dane,0.2448,data/Mid224/train/horse/horse_02014.jpeg
train/horse/horse_02016.jpeg,horse,train,SUSPICIOUS_LABEL,586.05,155.53,40.96,0.0001,kuvasz,0.5482,data/Mid224/train/horse/horse_02016.jpeg
train/horse/horse_02017.jpeg,horse,train,SUSPICIOUS_LABEL,807.58,115.94,66.09,0.0027,Arabian camel,0.924,data/Mid224/train/horse/horse_02017.jpeg
train/horse/horse_02018.jpeg,horse,train,SUSPICIOUS_LABEL,560.54,118.89,80.19,0.0157,basenji,0.2462,data/Mid224/train/horse/horse_02018.jpeg
train/horse/horse_02022.jpeg,horse,train,SUSPICIOUS_LABEL,911.86,170.82,71.54,0.0003,triceratops,0.9317,data/Mid224/train/horse/horse_02022.jpeg
train/horse/horse_02023.jpeg,horse,train,SUSPICIOUS_LABEL,2052.05,105.8,53.76,0.0006,bluetick,0.3821,data/Mid224/train/horse/horse_02023.jpeg
train/horse/horse_02027.jpeg,horse,train,SUSPICIOUS_LABEL,507.18,119.54,50.44,0.0097,Arabian camel,0.7998,data/Mid224/train/horse/horse_02027.jpeg
train/horse/horse_02035.jpeg,horse,train,SUSPICIOUS_LABEL,540.76,127.14,49.16,0.0006,groenendael,0.2911,data/Mid224/train/horse/horse_02035.jpeg
train/horse/horse_02039.jpeg,horse,train,SUSPICIOUS_LABEL,713.8,67.95,50.3,0.0,curly-coated retriever,0.5123,data/Mid224/train/horse/horse_02039.jpeg
train/horse/horse_02043.jpeg,horse,train,SUSPICIOUS_LABEL,802.1,132.23,47.99,0.0151,hartebeest,0.3916,data/Mid224/train/horse/horse_02043.jpeg
train/horse/horse_02044.jpeg,horse,train,SUSPICIOUS_LABEL,188.34,114.97,37.35,0.0004,Arabian camel,0.2038,data/Mid224/train/horse/horse_02044.jpeg
train/horse/horse_02046.jpeg,horse,train,SUSPICIOUS_LABEL,1164.35,87.99,60.65,0.001,Great Dane,0.3124,data/Mid224/train/horse/horse_02046.jpeg
train/horse/horse_02048.jpeg,horse,train,SUSPICIOUS_LABEL,939.46,111.68,42.16,0.0016,tusker,0.4716,data/Mid224/train/horse/horse_02048.jpeg
train/horse/horse_02050.jpeg,horse,train,SUSPICIOUS_LABEL,610.1,103.43,61.72,0.0,Saluki,0.25,data/Mid224/train/horse/horse_02050.jpeg
train/horse/horse_02051.jpeg,horse,train,SUSPICIOUS_LABEL,329.86,117.55,55.49,0.0,Staffordshire bullterrier,0.312,data/Mid224/train/horse/horse_02051.jpeg
train/horse/horse_02052.jpeg,horse,train,SUSPICIOUS_LABEL,575.27,79.92,59.72,0.0021,borzoi,0.257,data/Mid224/train/horse/horse_02052.jpeg
train/horse/horse_02055.jpeg,horse,train,SUSPICIOUS_LABEL,619.99,108.98,63.6,0.0018,bighorn,0.2461,data/Mid224/train/horse/horse_02055.jpeg
train/horse/horse_02058.jpeg,horse,train,SUSPICIOUS_LABEL,1115.18,95.93,71.48,0.0012,kuvasz,0.2754,data/Mid224/train/horse/horse_02058.jpeg
train/horse/horse_02064.jpeg,horse,train,SUSPICIOUS_LABEL,1341.59,173.21,97.27,0.0093,Mexican hairless,0.6258,data/Mid224/train/horse/horse_02064.jpeg
train/horse/horse_02067.jpeg,horse,train,SUSPICIOUS_LABEL,773.96,142.1,69.73,0.0078,Arabian camel,0.8902,data/Mid224/train/horse/horse_02067.jpeg
train/horse/horse_02071.jpeg,horse,train,SUSPICIOUS_LABEL,425.22,91.26,59.05,0.0021,Doberman,0.3092,data/Mid224/train/horse/horse_02071.jpeg
train/horse/horse_02072.jpeg,horse,train,SUSPICIOUS_LABEL,584.64,194.79,42.34,0.0053,ski,0.5934,data/Mid224/train/horse/horse_02072.jpeg
train/horse/horse_02075.jpeg,horse,train,SUSPICIOUS_LABEL,622.41,86.7,62.8,0.0003,wire-haired fox terrier,0.2117,data/Mid224/train/horse/horse_02075.jpeg
train/horse/horse_02083.jpeg,horse,train,SUSPICIOUS_LABEL,395.24,146.22,84.83,0.0009,curly-coated retriever,0.3072,data/Mid224/train/horse/horse_02083.jpeg
train/horse/horse_02084.jpeg,horse,train,SUSPICIOUS_LABEL,1267.23,125.65,68.55,0.009,Great Dane,0.4949,data/Mid224/train/horse/horse_02084.jpeg
train/horse/horse_02086.jpeg,horse,train,SUSPICIOUS_LABEL,453.18,113.08,73.65,0.0001,Kerry blue terrier,0.4772,data/Mid224/train/horse/horse_02086.jpeg
train/horse/horse_02089.jpeg,horse,train,SUSPICIOUS_LABEL,701.13,112.44,47.79,0.0029,Arabian camel,0.8511,data/Mid224/train/horse/horse_02089.jpeg
train/horse/horse_02094.jpeg,horse,train,SUSPICIOUS_LABEL,1040.47,195.86,85.29,0.0089,assault rifle,0.2463,data/Mid224/train/horse/horse_02094.jpeg
train/horse/horse_02096.jpeg,horse,train,SUSPICIOUS_LABEL,321.85,113.57,60.45,0.002,bulletproof vest,0.3992,data/Mid224/train/horse/horse_02096.jpeg
train/horse/horse_02098.jpeg,horse,train,SUSPICIOUS_LABEL,713.97,136.04,67.18,0.0018,Great Dane,0.3656,data/Mid224/train/horse/horse_02098.jpeg
train/horse/horse_02099.jpeg,horse,train,SUSPICIOUS_LABEL,346.14,163.68,75.03,0.0001,black-and-tan coonhound,0.2965,data/Mid224/train/horse/horse_02099.jpeg
train/horse/horse_02101.jpeg,horse,train,SUSPICIOUS_LABEL,381.64,185.53,49.11,0.0004,Saluki,0.2024,data/Mid224/train/horse/horse_02101.jpeg
train/horse/horse_02105.jpeg,horse,train,SUSPICIOUS_LABEL,1517.63,179.33,71.69,0.0012,curly-coated retriever,0.2371,data/Mid224/train/horse/horse_02105.jpeg
train/horse/horse_02106.jpeg,horse,train,SUSPICIOUS_LABEL,657.87,163.48,70.85,0.0054,thresher,0.2685,data/Mid224/train/horse/horse_02106.jpeg
train/horse/horse_02109.jpeg,horse,train,SUSPICIOUS_LABEL,898.65,107.43,99.01,0.0005,German shepherd,0.3099,data/Mid224/train/horse/horse_02109.jpeg
train/horse/horse_02110.jpeg,horse,train,SUSPICIOUS_LABEL,410.07,164.91,57.14,0.0004,Bedlington terrier,0.7086,data/Mid224/train/horse/horse_02110.jpeg
train/horse/horse_02112.jpeg,horse,train,SUSPICIOUS_LABEL,1381.23,127.19,67.29,0.0013,ox,0.4199,data/Mid224/train/horse/horse_02112.jpeg
train/horse/horse_02113.jpeg,horse,train,SUSPICIOUS_LABEL,1873.15,132.17,65.16,0.0031,kelpie,0.2114,data/Mid224/train/horse/horse_02113.jpeg
train/horse/horse_02115.jpeg,horse,train,SUSPICIOUS_LABEL,1577.19,122.39,69.09,0.0039,oxcart,0.5311,data/Mid224/train/horse/horse_02115.jpeg
train/horse/horse_02116.jpeg,horse,train,SUSPICIOUS_LABEL,404.65,177.75,55.8,0.0002,bulletproof vest,0.5608,data/Mid224/train/horse/horse_02116.jpeg
train/horse/horse_02117.jpeg,horse,train,SUSPICIOUS_LABEL,633.43,139.7,57.9,0.0007,Great Dane,0.2555,data/Mid224/train/horse/horse_02117.jpeg
train/horse/horse_02118.jpeg,horse,train,SUSPICIOUS_LABEL,911.39,117.96,51.56,0.0107,ox,0.2295,data/Mid224/train/horse/horse_02118.jpeg
train/horse/horse_02119.jpeg,horse,train,SUSPICIOUS_LABEL,730.1,141.07,63.79,0.0005,prison,0.2428,data/Mid224/train/horse/horse_02119.jpeg
train/horse/horse_02120.jpeg,horse,train,SUSPICIOUS_LABEL,1487.42,118.0,55.43,0.0054,hartebeest,0.3364,data/Mid224/train/horse/horse_02120.jpeg
train/horse/horse_02121.jpeg,horse,train,SUSPICIOUS_LABEL,746.51,37.21,49.3,0.0031,Great Dane,0.3574,data/Mid224/train/horse/horse_02121.jpeg
train/horse/horse_02126.jpeg,horse,train,SUSPICIOUS_LABEL,875.59,201.5,38.9,0.0003,English foxhound,0.236,data/Mid224/train/horse/horse_02126.jpeg
train/horse/horse_02128.jpeg,horse,train,SUSPICIOUS_LABEL,940.17,110.47,42.78,0.0007,bulletproof vest,0.2112,data/Mid224/train/horse/horse_02128.jpeg
train/horse/horse_02129.jpeg,horse,train,SUSPICIOUS_LABEL,436.0,60.33,57.71,0.0002,muzzle,0.2163,data/Mid224/train/horse/horse_02129.jpeg
train/horse/horse_02130.jpeg,horse,train,SUSPICIOUS_LABEL,355.28,140.04,65.68,0.0029,Arabian camel,0.3326,data/Mid224/train/horse/horse_02130.jpeg
train/horse/horse_02131.jpeg,horse,train,SUSPICIOUS_LABEL,879.15,140.88,54.2,0.001,dalmatian,0.4124,data/Mid224/train/horse/horse_02131.jpeg
train/horse/horse_02134.jpeg,horse,train,SUSPICIOUS_LABEL,901.66,94.64,63.99,0.0026,gazelle,0.4045,data/Mid224/train/horse/horse_02134.jpeg
train/horse/horse_02137.jpeg,horse,train,SUSPICIOUS_LABEL,411.83,132.04,47.6,0.0051,lion,0.239,data/Mid224/train/horse/horse_02137.jpeg
train/horse/horse_02146.jpeg,horse,train,SUSPICIOUS_LABEL,806.23,111.68,53.89,0.0,curly-coated retriever,0.3429,data/Mid224/train/horse/horse_02146.jpeg
train/horse/horse_02148.jpeg,horse,train,SUSPICIOUS_LABEL,1475.22,96.37,77.15,0.0009,prison,0.3172,data/Mid224/train/horse/horse_02148.jpeg
train/horse/horse_02152.jpeg,horse,train,SUSPICIOUS_LABEL,1455.03,136.19,47.27,0.0027,Scottish deerhound,0.2507,data/Mid224/train/horse/horse_02152.jpeg
train/horse/horse_02155.jpeg,horse,train,SUSPICIOUS_LABEL,908.13,131.26,62.55,0.0,English foxhound,0.6298,data/Mid224/train/horse/horse_02155.jpeg
train/horse/horse_02157.jpeg,horse,train,SUSPICIOUS_LABEL,1444.75,84.41,49.81,0.0009,bighorn,0.54,data/Mid224/train/horse/horse_02157.jpeg
train/horse/horse_02158.jpeg,horse,train,SUSPICIOUS_LABEL,944.65,78.02,46.33,0.0003,horizontal bar,0.4437,data/Mid224/train/horse/horse_02158.jpeg
train/horse/horse_02159.jpeg,horse,train,SUSPICIOUS_LABEL,1064.73,155.79,81.73,0.0128,Great Dane,0.261,data/Mid224/train/horse/horse_02159.jpeg
train/horse/horse_02160.jpeg,horse,train,SUSPICIOUS_LABEL,256.26,95.15,71.58,0.0006,promontory,0.4426,data/Mid224/train/horse/horse_02160.jpeg
train/horse/horse_02164.jpeg,horse,train,SUSPICIOUS_LABEL,427.65,145.53,68.36,0.0003,book jacket,0.2069,data/Mid224/train/horse/horse_02164.jpeg
train/horse/horse_02165.jpeg,horse,train,SUSPICIOUS_LABEL,521.4,174.44,60.08,0.0007,black-and-tan coonhound,0.3786,data/Mid224/train/horse/horse_02165.jpeg
train/horse/horse_02166.jpeg,horse,train,SUSPICIOUS_LABEL,539.24,113.94,42.11,0.0025,Great Dane,0.2005,data/Mid224/train/horse/horse_02166.jpeg
train/horse/horse_02167.jpeg,horse,train,SUSPICIOUS_LABEL,447.78,142.2,78.21,0.0013,Great Dane,0.3239,data/Mid224/train/horse/horse_02167.jpeg
train/horse/horse_02170.jpeg,horse,train,SUSPICIOUS_LABEL,933.3,164.28,45.19,0.0004,English setter,0.2635,data/Mid224/train/horse/horse_02170.jpeg
train/horse/horse_02172.jpeg,horse,train,SUSPICIOUS_LABEL,673.01,137.16,59.93,0.0001,Scotch terrier,0.2672,data/Mid224/train/horse/horse_02172.jpeg
train/horse/horse_02174.jpeg,horse,train,SUSPICIOUS_LABEL,1531.96,116.24,68.9,0.0005,Ibizan hound,0.615,data/Mid224/train/horse/horse_02174.jpeg
train/horse/horse_02177.jpeg,horse,train,SUSPICIOUS_LABEL,400.53,52.19,54.11,0.0007,Ibizan hound,0.3638,data/Mid224/train/horse/horse_02177.jpeg
train/horse/horse_02181.jpeg,horse,train,SUSPICIOUS_LABEL,1799.87,125.29,58.17,0.0001,curly-coated retriever,0.2835,data/Mid224/train/horse/horse_02181.jpeg
train/horse/horse_02182.jpeg,horse,train,SUSPICIOUS_LABEL,719.94,92.69,71.51,0.0,English foxhound,0.2859,data/Mid224/train/horse/horse_02182.jpeg
train/horse/horse_02185.jpeg,horse,train,SUSPICIOUS_LABEL,555.98,154.91,73.02,0.024,black-and-tan coonhound,0.5096,data/Mid224/train/horse/horse_02185.jpeg
train/horse/horse_02187.jpeg,horse,train,SUSPICIOUS_LABEL,764.54,116.92,55.29,0.0013,komondor,0.493,data/Mid224/train/horse/horse_02187.jpeg
train/horse/horse_02190.jpeg,horse,train,SUSPICIOUS_LABEL,1349.92,133.94,66.78,0.0001,black-and-tan coonhound,0.87,data/Mid224/train/horse/horse_02190.jpeg
train/horse/horse_02192.jpeg,horse,train,SUSPICIOUS_LABEL,480.05,165.67,61.14,0.0077,thresher,0.431,data/Mid224/train/horse/horse_02192.jpeg
train/horse/horse_02194.jpeg,horse,train,SUSPICIOUS_LABEL,583.23,72.2,49.38,0.0,Bedlington terrier,0.4228,data/Mid224/train/horse/horse_02194.jpeg
train/horse/horse_02199.jpeg,horse,train,SUSPICIOUS_LABEL,835.34,104.46,77.71,0.0,curly-coated retriever,0.2631,data/Mid224/train/horse/horse_02199.jpeg
train/horse/horse_02200.jpeg,horse,train,SUSPICIOUS_LABEL,732.09,112.96,59.81,0.0022,Mexican hairless,0.2144,data/Mid224/train/horse/horse_02200.jpeg
train/horse/horse_02202.jpeg,horse,train,SUSPICIOUS_LABEL,791.95,150.43,39.97,0.0077,Arabian camel,0.3583,data/Mid224/train/horse/horse_02202.jpeg
train/horse/horse_02203.jpeg,horse,train,SUSPICIOUS_LABEL,688.17,78.63,53.03,0.0,kuvasz,0.5631,data/Mid224/train/horse/horse_02203.jpeg
train/horse/horse_02204.jpeg,horse,train,SUSPICIOUS_LABEL,1436.74,104.15,42.98,0.0004,Bedlington terrier,0.2922,data/Mid224/train/horse/horse_02204.jpeg
train/horse/horse_02205.jpeg,horse,train,SUSPICIOUS_LABEL,489.78,137.38,67.4,0.019,hartebeest,0.2916,data/Mid224/train/horse/horse_02205.jpeg
train/horse/horse_02206.jpeg,horse,train,SUSPICIOUS_LABEL,945.71,73.43,58.67,0.0017,ox,0.2286,data/Mid224/train/horse/horse_02206.jpeg
train/horse/horse_02207.jpeg,horse,train,SUSPICIOUS_LABEL,463.72,105.38,32.82,0.0295,ski,0.3094,data/Mid224/train/horse/horse_02207.jpeg
train/horse/horse_02211.jpeg,horse,train,SUSPICIOUS_LABEL,570.52,122.64,36.99,0.0007,Arabian camel,0.7365,data/Mid224/train/horse/horse_02211.jpeg
train/horse/horse_02212.jpeg,horse,train,SUSPICIOUS_LABEL,574.89,109.96,63.51,0.0028,Great Dane,0.6607,data/Mid224/train/horse/horse_02212.jpeg
train/horse/horse_02213.jpeg,horse,train,SUSPICIOUS_LABEL,417.15,115.22,70.41,0.0,groenendael,0.2879,data/Mid224/train/horse/horse_02213.jpeg
train/horse/horse_02214.jpeg,horse,train,SUSPICIOUS_LABEL,709.64,121.23,83.95,0.0,black-and-tan coonhound,0.3647,data/Mid224/train/horse/horse_02214.jpeg
train/horse/horse_02217.jpeg,horse,train,SUSPICIOUS_LABEL,1615.05,115.14,45.62,0.0017,mountain bike,0.3368,data/Mid224/train/horse/horse_02217.jpeg
train/horse/horse_02220.jpeg,horse,train,SUSPICIOUS_LABEL,918.73,148.31,40.91,0.0007,dalmatian,0.6211,data/Mid224/train/horse/horse_02220.jpeg
train/horse/horse_02221.jpeg,horse,train,SUSPICIOUS_LABEL,689.22,137.1,54.6,0.0131,Great Dane,0.201,data/Mid224/train/horse/horse_02221.jpeg
train/horse/horse_02223.jpeg,horse,train,SUSPICIOUS_LABEL,758.57,120.21,59.94,0.0036,oxcart,0.234,data/Mid224/train/horse/horse_02223.jpeg
train/horse/horse_02230.jpeg,horse,train,SUSPICIOUS_LABEL,551.13,125.72,55.86,0.0004,bighorn,0.3687,data/Mid224/train/horse/horse_02230.jpeg
train/horse/horse_02232.jpeg,horse,train,SUSPICIOUS_LABEL,705.51,43.47,42.53,0.0008,ox,0.3542,data/Mid224/train/horse/horse_02232.jpeg
train/horse/horse_02233.jpeg,horse,train,SUSPICIOUS_LABEL,632.13,118.25,63.2,0.0004,Great Dane,0.5294,data/Mid224/train/horse/horse_02233.jpeg
train/horse/horse_02236.jpeg,horse,train,SUSPICIOUS_LABEL,1297.36,119.28,60.89,0.0336,oxcart,0.2563,data/Mid224/train/horse/horse_02236.jpeg
train/horse/horse_02237.jpeg,horse,train,SUSPICIOUS_LABEL,1367.49,123.58,48.59,0.0345,Mexican hairless,0.315,data/Mid224/train/horse/horse_02237.jpeg
train/horse/horse_02241.jpeg,horse,train,SUSPICIOUS_LABEL,816.05,121.12,80.01,0.0,Saluki,0.3286,data/Mid224/train/horse/horse_02241.jpeg
train/horse/horse_02242.jpeg,horse,train,SUSPICIOUS_LABEL,671.26,119.06,71.38,0.0136,oxcart,0.249,data/Mid224/train/horse/horse_02242.jpeg
train/horse/horse_02245.jpeg,horse,train,SUSPICIOUS_LABEL,328.43,73.7,45.28,0.0,curly-coated retriever,0.2728,data/Mid224/train/horse/horse_02245.jpeg
train/horse/horse_02247.jpeg,horse,train,SUSPICIOUS_LABEL,882.37,100.9,65.54,0.0002,kuvasz,0.4376,data/Mid224/train/horse/horse_02247.jpeg
train/horse/horse_02250.jpeg,horse,train,SUSPICIOUS_LABEL,852.77,104.62,77.41,0.0,abaya,0.2642,data/Mid224/train/horse/horse_02250.jpeg
train/horse/horse_02251.jpeg,horse,train,SUSPICIOUS_LABEL,1040.35,127.84,85.98,0.0323,bulletproof vest,0.3717,data/Mid224/train/horse/horse_02251.jpeg
train/horse/horse_02252.jpeg,horse,train,SUSPICIOUS_LABEL,621.04,88.98,47.67,0.0032,ox,0.3477,data/Mid224/train/horse/horse_02252.jpeg
train/horse/horse_02260.jpeg,horse,train,SUSPICIOUS_LABEL,471.35,136.14,84.65,0.001,Great Dane,0.3739,data/Mid224/train/horse/horse_02260.jpeg
train/horse/horse_02263.jpeg,horse,train,SUSPICIOUS_LABEL,371.47,165.36,72.05,0.0,knee pad,0.2749,data/Mid224/train/horse/horse_02263.jpeg
train/horse/horse_02264.jpeg,horse,train,SUSPICIOUS_LABEL,476.21,167.45,49.8,0.0004,borzoi,0.3109,data/Mid224/train/horse/horse_02264.jpeg
train/horse/horse_02269.jpeg,horse,train,SUSPICIOUS_LABEL,693.71,122.56,67.69,0.0013,assault rifle,0.3659,data/Mid224/train/horse/horse_02269.jpeg
train/horse/horse_02272.jpeg,horse,train,SUSPICIOUS_LABEL,903.56,123.97,84.11,0.026,killer whale,0.2855,data/Mid224/train/horse/horse_02272.jpeg
train/horse/horse_02273.jpeg,horse,train,SUSPICIOUS_LABEL,182.16,65.92,34.58,0.0104,hartebeest,0.5888,data/Mid224/train/horse/horse_02273.jpeg
train/horse/horse_02275.jpeg,horse,train,SUSPICIOUS_LABEL,692.74,112.19,70.61,0.001,Bedlington terrier,0.4716,data/Mid224/train/horse/horse_02275.jpeg
train/horse/horse_02276.jpeg,horse,train,SUSPICIOUS_LABEL,346.84,116.96,60.57,0.0036,Arabian camel,0.2203,data/Mid224/train/horse/horse_02276.jpeg
train/horse/horse_02278.jpeg,horse,train,SUSPICIOUS_LABEL,862.25,102.78,70.48,0.0026,ox,0.5144,data/Mid224/train/horse/horse_02278.jpeg
train/horse/horse_02280.jpeg,horse,train,SUSPICIOUS_LABEL,456.77,139.76,61.17,0.0001,parallel bars,0.293,data/Mid224/train/horse/horse_02280.jpeg
train/horse/horse_02283.jpeg,horse,train,SUSPICIOUS_LABEL,1902.21,141.72,65.98,0.0167,Arabian camel,0.5998,data/Mid224/train/horse/horse_02283.jpeg
train/horse/horse_02286.jpeg,horse,train,SUSPICIOUS_LABEL,577.79,98.82,56.43,0.0001,komondor,0.3437,data/Mid224/train/horse/horse_02286.jpeg
train/horse/horse_02287.jpeg,horse,train,SUSPICIOUS_LABEL,351.36,155.64,46.67,0.0094,cowboy boot,0.2555,data/Mid224/train/horse/horse_02287.jpeg
train/horse/horse_02291.jpeg,horse,train,SUSPICIOUS_LABEL,2652.82,133.58,81.15,0.0079,Irish water spaniel,0.2047,data/Mid224/train/horse/horse_02291.jpeg
train/horse/horse_02294.jpeg,horse,train,SUSPICIOUS_LABEL,794.14,125.03,64.18,0.0158,oxcart,0.2093,data/Mid224/train/horse/horse_02294.jpeg
train/horse/horse_02300.jpeg,horse,train,SUSPICIOUS_LABEL,823.31,135.73,53.76,0.0001,Great Dane,0.7524,data/Mid224/train/horse/horse_02300.jpeg
train/horse/horse_02301.jpeg,horse,train,SUSPICIOUS_LABEL,627.13,117.24,58.69,0.0,komondor,0.3492,data/Mid224/train/horse/horse_02301.jpeg
train/horse/horse_02304.jpeg,horse,train,SUSPICIOUS_LABEL,4190.79,137.7,58.34,0.0,horse cart,0.7182,data/Mid224/train/horse/horse_02304.jpeg
train/horse/horse_02309.jpeg,horse,train,SUSPICIOUS_LABEL,704.53,59.92,51.52,0.0017,komondor,0.3025,data/Mid224/train/horse/horse_02309.jpeg
train/horse/horse_02310.jpeg,horse,train,SUSPICIOUS_LABEL,574.39,97.09,67.74,0.0048,groenendael,0.243,data/Mid224/train/horse/horse_02310.jpeg
train/horse/horse_02311.jpeg,horse,train,SUSPICIOUS_LABEL,190.62,146.63,78.19,0.0015,Irish water spaniel,0.2544,data/Mid224/train/horse/horse_02311.jpeg
train/horse/horse_02314.jpeg,horse,train,SUSPICIOUS_LABEL,496.69,181.78,40.42,0.0005,oxcart,0.4501,data/Mid224/train/horse/horse_02314.jpeg
train/horse/horse_02315.jpeg,horse,train,SUSPICIOUS_LABEL,954.54,110.57,56.94,0.0021,black-and-tan coonhound,0.2222,data/Mid224/train/horse/horse_02315.jpeg
train/horse/horse_02318.jpeg,horse,train,SUSPICIOUS_LABEL,552.82,79.39,58.38,0.0028,Sealyham terrier,0.4136,data/Mid224/train/horse/horse_02318.jpeg
train/horse/horse_02323.jpeg,horse,train,SUSPICIOUS_LABEL,1054.25,91.14,61.22,0.0012,black-and-tan coonhound,0.6619,data/Mid224/train/horse/horse_02323.jpeg
train/horse/horse_02324.jpeg,horse,train,SUSPICIOUS_LABEL,303.82,130.75,54.41,0.0,Bedlington terrier,0.274,data/Mid224/train/horse/horse_02324.jpeg
train/horse/horse_02325.jpeg,horse,train,SUSPICIOUS_LABEL,701.29,91.81,37.48,0.0107,llama,0.3212,data/Mid224/train/horse/horse_02325.jpeg
train/horse/horse_02327.jpeg,horse,train,SUSPICIOUS_LABEL,1964.32,97.97,71.06,0.0,affenpinscher,0.31,data/Mid224/train/horse/horse_02327.jpeg
train/horse/horse_02328.jpeg,horse,train,SUSPICIOUS_LABEL,724.89,119.27,46.51,0.0003,bearskin,0.5123,data/Mid224/train/horse/horse_02328.jpeg
train/horse/horse_02330.jpeg,horse,train,SUSPICIOUS_LABEL,241.05,86.24,43.38,0.0007,curly-coated retriever,0.2959,data/Mid224/train/horse/horse_02330.jpeg
train/horse/horse_02334.jpeg,horse,train,SUSPICIOUS_LABEL,204.99,130.91,33.04,0.0003,bighorn,0.4335,data/Mid224/train/horse/horse_02334.jpeg
train/horse/horse_02338.jpeg,horse,train,SUSPICIOUS_LABEL,646.51,135.01,89.59,0.0003,tusker,0.711,data/Mid224/train/horse/horse_02338.jpeg
train/horse/horse_02340.jpeg,horse,train,SUSPICIOUS_LABEL,803.97,157.99,62.17,0.0001,German short-haired pointer,0.5298,data/Mid224/train/horse/horse_02340.jpeg
train/horse/horse_02349.jpeg,horse,train,SUSPICIOUS_LABEL,504.22,149.61,57.9,0.0002,wire-haired fox terrier,0.2942,data/Mid224/train/horse/horse_02349.jpeg
train/horse/horse_02353.jpeg,horse,train,SUSPICIOUS_LABEL,298.75,128.84,47.0,0.0069,hartebeest,0.6947,data/Mid224/train/horse/horse_02353.jpeg
train/horse/horse_02355.jpeg,horse,train,SUSPICIOUS_LABEL,590.87,101.76,53.66,0.0029,Great Dane,0.4649,data/Mid224/train/horse/horse_02355.jpeg
train/horse/horse_02356.jpeg,horse,train,OVEREXPOSED,520.95,220.9,48.18,0.0002,Great Dane,0.1793,data/Mid224/train/horse/horse_02356.jpeg
train/horse/horse_02358.jpeg,horse,train,SUSPICIOUS_LABEL,764.15,84.47,46.31,0.0008,hartebeest,0.7247,data/Mid224/train/horse/horse_02358.jpeg
train/horse/horse_02369.jpeg,horse,train,SUSPICIOUS_LABEL,1419.61,108.63,57.62,0.0024,Great Dane,0.4991,data/Mid224/train/horse/horse_02369.jpeg
train/horse/horse_02372.jpeg,horse,train,SUSPICIOUS_LABEL,818.49,96.72,60.32,0.0139,Kerry blue terrier,0.2352,data/Mid224/train/horse/horse_02372.jpeg
train/horse/horse_02374.jpeg,horse,train,SUSPICIOUS_LABEL,1028.89,125.11,51.6,0.0009,bighorn,0.6566,data/Mid224/train/horse/horse_02374.jpeg
train/horse/horse_02382.jpeg,horse,train,SUSPICIOUS_LABEL,651.16,122.24,63.91,0.0007,ox,0.4753,data/Mid224/train/horse/horse_02382.jpeg
train/horse/horse_02383.jpeg,horse,train,SUSPICIOUS_LABEL,1023.27,154.92,40.49,0.0001,hartebeest,0.7784,data/Mid224/train/horse/horse_02383.jpeg
train/horse/horse_02387.jpeg,horse,train,SUSPICIOUS_LABEL,670.62,109.73,81.29,0.0004,dugong,0.3076,data/Mid224/train/horse/horse_02387.jpeg
train/horse/horse_02391.jpeg,horse,train,SUSPICIOUS_LABEL,742.13,126.09,64.19,0.0217,Mexican hairless,0.322,data/Mid224/train/horse/horse_02391.jpeg
train/horse/horse_02393.jpeg,horse,train,SUSPICIOUS_LABEL,474.32,83.4,59.05,0.0022,ox,0.8151,data/Mid224/train/horse/horse_02393.jpeg
train/horse/horse_02394.jpeg,horse,train,SUSPICIOUS_LABEL,3161.69,94.4,65.43,0.0011,steel drum,0.3219,data/Mid224/train/horse/horse_02394.jpeg
train/horse/horse_02397.jpeg,horse,train,SUSPICIOUS_LABEL,296.83,116.27,51.18,0.0069,bulletproof vest,0.2427,data/Mid224/train/horse/horse_02397.jpeg
train/horse/horse_02398.jpeg,horse,train,SUSPICIOUS_LABEL,847.97,182.1,51.53,0.0002,ant,0.406,data/Mid224/train/horse/horse_02398.jpeg
train/horse/horse_02401.jpeg,horse,train,SUSPICIOUS_LABEL,331.04,161.07,40.11,0.0073,Arabian camel,0.564,data/Mid224/train/horse/horse_02401.jpeg
train/horse/horse_02403.jpeg,horse,train,SUSPICIOUS_LABEL,2081.12,98.65,51.53,0.0004,assault rifle,0.3065,data/Mid224/train/horse/horse_02403.jpeg
train/horse/horse_02405.jpeg,horse,train,SUSPICIOUS_LABEL,628.92,178.06,71.04,0.0001,Mexican hairless,0.7208,data/Mid224/train/horse/horse_02405.jpeg
train/horse/horse_02406.jpeg,horse,train,SUSPICIOUS_LABEL,1490.16,110.1,57.64,0.0091,redbone,0.58,data/Mid224/train/horse/horse_02406.jpeg
train/horse/horse_02408.jpeg,horse,train,SUSPICIOUS_LABEL,980.0,127.18,56.09,0.0005,curly-coated retriever,0.3355,data/Mid224/train/horse/horse_02408.jpeg
train/horse/horse_02410.jpeg,horse,train,SUSPICIOUS_LABEL,633.65,101.16,69.98,0.0007,Tibetan mastiff,0.2379,data/Mid224/train/horse/horse_02410.jpeg
train/horse/horse_02411.jpeg,horse,train,SUSPICIOUS_LABEL,430.46,130.77,58.97,0.0015,oxcart,0.4173,data/Mid224/train/horse/horse_02411.jpeg
train/horse/horse_02412.jpeg,horse,train,SUSPICIOUS_LABEL,519.21,164.13,54.26,0.0001,warthog,0.3937,data/Mid224/train/horse/horse_02412.jpeg
train/horse/horse_02415.jpeg,horse,train,SUSPICIOUS_LABEL,511.54,97.87,51.29,0.0231,ox,0.2714,data/Mid224/train/horse/horse_02415.jpeg
train/horse/horse_02416.jpeg,horse,train,SUSPICIOUS_LABEL,421.98,115.68,30.63,0.0001,snow leopard,0.3191,data/Mid224/train/horse/horse_02416.jpeg
train/horse/horse_02418.jpeg,horse,train,SUSPICIOUS_LABEL,5223.86,109.31,50.57,0.0072,Arabian camel,0.5777,data/Mid224/train/horse/horse_02418.jpeg
train/horse/horse_02426.jpeg,horse,train,SUSPICIOUS_LABEL,432.49,93.54,64.49,0.0007,oxcart,0.3464,data/Mid224/train/horse/horse_02426.jpeg
train/horse/horse_02427.jpeg,horse,train,SUSPICIOUS_LABEL,678.49,122.18,60.05,0.0,flat-coated retriever,0.5427,data/Mid224/train/horse/horse_02427.jpeg
train/horse/horse_02433.jpeg,horse,train,SUSPICIOUS_LABEL,1267.73,132.89,67.21,0.0025,Great Dane,0.2894,data/Mid224/train/horse/horse_02433.jpeg
train/horse/horse_02437.jpeg,horse,train,SUSPICIOUS_LABEL,560.62,124.74,53.03,0.0001,tusker,0.4901,data/Mid224/train/horse/horse_02437.jpeg
train/horse/horse_02443.jpeg,horse,train,SUSPICIOUS_LABEL,1849.39,130.39,62.7,0.0045,African elephant,0.432,data/Mid224/train/horse/horse_02443.jpeg
train/horse/horse_02449.jpeg,horse,train,SUSPICIOUS_LABEL,840.33,135.94,54.29,0.0038,ballplayer,0.3571,data/Mid224/train/horse/horse_02449.jpeg
train/horse/horse_02451.jpeg,horse,train,SUSPICIOUS_LABEL,322.99,108.66,78.8,0.0189,curly-coated retriever,0.2665,data/Mid224/train/horse/horse_02451.jpeg
train/horse/horse_02452.jpeg,horse,train,SUSPICIOUS_LABEL,545.44,112.64,76.86,0.0059,ox,0.9101,data/Mid224/train/horse/horse_02452.jpeg
train/horse/horse_02456.jpeg,horse,train,SUSPICIOUS_LABEL,475.55,158.37,84.54,0.0008,black-and-tan coonhound,0.4153,data/Mid224/train/horse/horse_02456.jpeg
train/horse/horse_02458.jpeg,horse,train,SUSPICIOUS_LABEL,1466.93,162.77,86.55,0.0055,groenendael,0.2334,data/Mid224/train/horse/horse_02458.jpeg
train/horse/horse_02459.jpeg,horse,train,SUSPICIOUS_LABEL,1497.72,102.75,64.81,0.0044,ox,0.5578,data/Mid224/train/horse/horse_02459.jpeg
train/horse/horse_02461.jpeg,horse,train,SUSPICIOUS_LABEL,531.58,104.63,52.38,0.0021,English foxhound,0.2992,data/Mid224/train/horse/horse_02461.jpeg
train/horse/horse_02462.jpeg,horse,train,SUSPICIOUS_LABEL,559.43,145.15,39.49,0.0068,gazelle,0.4972,data/Mid224/train/horse/horse_02462.jpeg
train/horse/horse_02463.jpeg,horse,train,SUSPICIOUS_LABEL,578.38,117.98,52.82,0.0002,Saluki,0.2983,data/Mid224/train/horse/horse_02463.jpeg
train/horse/horse_02464.jpeg,horse,train,SUSPICIOUS_LABEL,954.6,129.38,67.98,0.0102,Great Dane,0.3833,data/Mid224/train/horse/horse_02464.jpeg
train/horse/horse_02467.jpeg,horse,train,SUSPICIOUS_LABEL,704.24,113.69,55.96,0.0002,Border collie,0.2414,data/Mid224/train/horse/horse_02467.jpeg
train/horse/horse_02469.jpeg,horse,train,SUSPICIOUS_LABEL,1017.96,124.56,58.83,0.0141,Arabian camel,0.6527,data/Mid224/train/horse/horse_02469.jpeg
train/horse/horse_02470.jpeg,horse,train,SUSPICIOUS_LABEL,5736.39,160.9,71.07,0.018,oxcart,0.3291,data/Mid224/train/horse/horse_02470.jpeg
train/horse/horse_02471.jpeg,horse,train,SUSPICIOUS_LABEL,2882.74,98.17,51.48,0.0005,dalmatian,0.3312,data/Mid224/train/horse/horse_02471.jpeg
train/horse/horse_02475.jpeg,horse,train,SUSPICIOUS_LABEL,875.45,136.46,74.14,0.0002,African elephant,0.2597,data/Mid224/train/horse/horse_02475.jpeg
train/horse/horse_02476.jpeg,horse,train,SUSPICIOUS_LABEL,356.08,112.22,82.5,0.0005,bicycle-built-for-two,0.2862,data/Mid224/train/horse/horse_02476.jpeg
train/horse/horse_02478.jpeg,horse,train,SUSPICIOUS_LABEL,991.65,148.67,57.69,0.0001,bulletproof vest,0.2916,data/Mid224/train/horse/horse_02478.jpeg
train/horse/horse_02479.jpeg,horse,train,SUSPICIOUS_LABEL,939.69,99.56,68.05,0.0129,Great Dane,0.2835,data/Mid224/train/horse/horse_02479.jpeg
train/horse/horse_02480.jpeg,horse,train,SUSPICIOUS_LABEL,1054.55,156.68,41.09,0.0,Bedlington terrier,0.4068,data/Mid224/train/horse/horse_02480.jpeg
train/horse/horse_02481.jpeg,horse,train,SUSPICIOUS_LABEL,844.42,187.68,81.48,0.0003,Mexican hairless,0.5977,data/Mid224/train/horse/horse_02481.jpeg
train/horse/horse_02483.jpeg,horse,train,SUSPICIOUS_LABEL,293.48,126.02,54.1,0.0003,ram,0.357,data/Mid224/train/horse/horse_02483.jpeg
train/horse/horse_02485.jpeg,horse,train,SUSPICIOUS_LABEL,410.09,127.52,33.26,0.0017,Great Dane,0.2144,data/Mid224/train/horse/horse_02485.jpeg
train/horse/horse_02486.jpeg,horse,train,SUSPICIOUS_LABEL,541.94,155.97,42.09,0.0008,bluetick,0.3267,data/Mid224/train/horse/horse_02486.jpeg
train/horse/horse_02490.jpeg,horse,train,SUSPICIOUS_LABEL,1108.84,196.77,85.33,0.001,black-and-tan coonhound,0.3735,data/Mid224/train/horse/horse_02490.jpeg
train/horse/horse_02495.jpeg,horse,train,SUSPICIOUS_LABEL,651.21,141.04,68.34,0.0035,bison,0.209,data/Mid224/train/horse/horse_02495.jpeg
train/horse/horse_02497.jpeg,horse,train,SUSPICIOUS_LABEL,658.18,117.2,59.57,0.0,flat-coated retriever,0.7173,data/Mid224/train/horse/horse_02497.jpeg
train/horse/horse_02498.jpeg,horse,train,SUSPICIOUS_LABEL,471.87,175.95,64.16,0.0007,triceratops,0.5922,data/Mid224/train/horse/horse_02498.jpeg
train/horse/horse_02500.jpeg,horse,train,SUSPICIOUS_LABEL,412.09,139.48,56.62,0.0014,maypole,0.3978,data/Mid224/train/horse/horse_02500.jpeg
train/horse/horse_02509.jpeg,horse,train,SUSPICIOUS_LABEL,629.97,118.62,44.15,0.0009,ox,0.2562,data/Mid224/train/horse/horse_02509.jpeg
train/horse/horse_02511.jpeg,horse,train,SUSPICIOUS_LABEL,828.05,75.62,57.14,0.001,oxcart,0.2315,data/Mid224/train/horse/horse_02511.jpeg
train/horse/horse_02515.jpeg,horse,train,SUSPICIOUS_LABEL,741.73,157.71,36.03,0.002,bighorn,0.6031,data/Mid224/train/horse/horse_02515.jpeg
train/horse/horse_02519.jpeg,horse,train,SUSPICIOUS_LABEL,366.4,148.09,32.6,0.0013,Mexican hairless,0.584,data/Mid224/train/horse/horse_02519.jpeg
train/horse/horse_02520.jpeg,horse,train,SUSPICIOUS_LABEL,776.85,131.85,70.04,0.0,groenendael,0.8195,data/Mid224/train/horse/horse_02520.jpeg
train/horse/horse_02525.jpeg,horse,train,SUSPICIOUS_LABEL,545.48,163.48,68.05,0.0,triceratops,0.9118,data/Mid224/train/horse/horse_02525.jpeg
train/horse/horse_02530.jpeg,horse,train,SUSPICIOUS_LABEL,908.05,97.63,69.46,0.0013,curly-coated retriever,0.2888,data/Mid224/train/horse/horse_02530.jpeg
train/horse/horse_02534.jpeg,horse,train,SUSPICIOUS_LABEL,720.49,139.25,52.07,0.0002,military uniform,0.2144,data/Mid224/train/horse/horse_02534.jpeg
train/horse/horse_02535.jpeg,horse,train,SUSPICIOUS_LABEL,1105.24,130.6,60.84,0.0044,Great Dane,0.5326,data/Mid224/train/horse/horse_02535.jpeg
train/horse/horse_02539.jpeg,horse,train,SUSPICIOUS_LABEL,1248.17,85.79,49.24,0.0167,English foxhound,0.2358,data/Mid224/train/horse/horse_02539.jpeg
train/horse/horse_02541.jpeg,horse,train,SUSPICIOUS_LABEL,668.06,99.54,47.65,0.0002,bulletproof vest,0.2164,data/Mid224/train/horse/horse_02541.jpeg
train/horse/horse_02544.jpeg,horse,train,SUSPICIOUS_LABEL,680.43,135.34,70.48,0.0025,tusker,0.2454,data/Mid224/train/horse/horse_02544.jpeg
train/horse/horse_02548.jpeg,horse,train,SUSPICIOUS_LABEL,351.07,120.66,68.69,0.0003,kelpie,0.2151,data/Mid224/train/horse/horse_02548.jpeg
train/horse/horse_02550.jpeg,horse,train,SUSPICIOUS_LABEL,618.09,114.92,54.9,0.0009,solar dish,0.3478,data/Mid224/train/horse/horse_02550.jpeg
train/horse/horse_02552.jpeg,horse,train,SUSPICIOUS_LABEL,2884.12,118.86,57.3,0.0001,Great Dane,0.339,data/Mid224/train/horse/horse_02552.jpeg
train/horse/horse_02553.jpeg,horse,train,SUSPICIOUS_LABEL,747.88,106.8,63.88,0.0017,English foxhound,0.4062,data/Mid224/train/horse/horse_02553.jpeg
train/horse/horse_02554.jpeg,horse,train,SUSPICIOUS_LABEL,282.04,128.57,45.96,0.0171,gazelle,0.2952,data/Mid224/train/horse/horse_02554.jpeg
train/horse/horse_02556.jpeg,horse,train,SUSPICIOUS_LABEL,544.9,95.91,58.58,0.0012,llama,0.35,data/Mid224/train/horse/horse_02556.jpeg
train/horse/horse_02560.jpeg,horse,train,SUSPICIOUS_LABEL,655.43,173.26,77.71,0.0015,groenendael,0.2985,data/Mid224/train/horse/horse_02560.jpeg
train/horse/horse_02561.jpeg,horse,train,SUSPICIOUS_LABEL,1118.72,162.27,77.99,0.0008,black-and-tan coonhound,0.4808,data/Mid224/train/horse/horse_02561.jpeg
train/horse/horse_02567.jpeg,horse,train,SUSPICIOUS_LABEL,555.24,98.02,49.96,0.0145,curly-coated retriever,0.4276,data/Mid224/train/horse/horse_02567.jpeg
train/horse/horse_02568.jpeg,horse,train,SUSPICIOUS_LABEL,742.37,137.97,75.81,0.0002,groenendael,0.2019,data/Mid224/train/horse/horse_02568.jpeg
train/horse/horse_02569.jpeg,horse,train,SUSPICIOUS_LABEL,667.43,90.02,48.39,0.0017,German short-haired pointer,0.5214,data/Mid224/train/horse/horse_02569.jpeg
train/horse/horse_02575.jpeg,horse,train,SUSPICIOUS_LABEL,971.85,141.34,46.39,0.0002,dogsled,0.6579,data/Mid224/train/horse/horse_02575.jpeg
train/horse/horse_02578.jpeg,horse,train,SUSPICIOUS_LABEL,325.95,153.86,62.67,0.0134,Arabian camel,0.5678,data/Mid224/train/horse/horse_02578.jpeg
train/horse/horse_02580.jpeg,horse,train,SUSPICIOUS_LABEL,403.88,95.2,59.62,0.0002,balance beam,0.3512,data/Mid224/train/horse/horse_02580.jpeg
train/horse/horse_02582.jpeg,horse,train,SUSPICIOUS_LABEL,556.48,48.68,43.29,0.0,llama,0.3253,data/Mid224/train/horse/horse_02582.jpeg
train/horse/horse_02587.jpeg,horse,train,SUSPICIOUS_LABEL,477.23,114.78,63.22,0.0002,curly-coated retriever,0.7006,data/Mid224/train/horse/horse_02587.jpeg
train/horse/horse_02590.jpeg,horse,train,SUSPICIOUS_LABEL,1522.52,101.63,63.53,0.0012,tusker,0.7403,data/Mid224/train/horse/horse_02590.jpeg
train/horse/horse_02591.jpeg,horse,train,UNDEREXPOSED,325.51,29.53,33.52,0.032,llama,0.1944,data/Mid224/train/horse/horse_02591.jpeg
train/horse/horse_02593.jpeg,horse,train,SUSPICIOUS_LABEL,358.04,106.88,79.89,0.0001,curly-coated retriever,0.8138,data/Mid224/train/horse/horse_02593.jpeg
train/horse/horse_02594.jpeg,horse,train,SUSPICIOUS_LABEL,414.84,106.78,37.24,0.0025,white wolf,0.2897,data/Mid224/train/horse/horse_02594.jpeg
train/horse/horse_02596.jpeg,horse,train,SUSPICIOUS_LABEL,906.38,184.73,83.32,0.0057,red wolf,0.2594,data/Mid224/train/horse/horse_02596.jpeg
train/horse/horse_02598.jpeg,horse,train,SUSPICIOUS_LABEL,985.03,175.29,74.42,0.0,bighorn,0.6514,data/Mid224/train/horse/horse_02598.jpeg
train/horse/horse_02601.jpeg,horse,train,SUSPICIOUS_LABEL,531.58,89.94,52.42,0.0002,English setter,0.2914,data/Mid224/train/horse/horse_02601.jpeg
train/horse/horse_02605.jpeg,horse,train,SUSPICIOUS_LABEL,773.25,126.37,63.07,0.0005,Ibizan hound,0.3227,data/Mid224/train/horse/horse_02605.jpeg
train/horse/horse_02606.jpeg,horse,train,SUSPICIOUS_LABEL,503.68,127.22,50.32,0.0012,Mexican hairless,0.3437,data/Mid224/train/horse/horse_02606.jpeg
train/horse/horse_02610.jpeg,horse,train,SUSPICIOUS_LABEL,857.04,145.83,80.65,0.0002,black-and-tan coonhound,0.2354,data/Mid224/train/horse/horse_02610.jpeg
train/horse/horse_02611.jpeg,horse,train,SUSPICIOUS_LABEL,1312.97,153.91,46.74,0.0057,Mexican hairless,0.4291,data/Mid224/train/horse/horse_02611.jpeg
train/horse/horse_02614.jpeg,horse,train,SUSPICIOUS_LABEL,646.4,135.95,61.02,0.0,Great Dane,0.3456,data/Mid224/train/horse/horse_02614.jpeg
train/horse/horse_02615.jpeg,horse,train,SUSPICIOUS_LABEL,697.46,71.65,66.28,0.0,curly-coated retriever,0.7208,data/Mid224/train/horse/horse_02615.jpeg
train/horse/horse_02619.jpeg,horse,train,SUSPICIOUS_LABEL,353.98,141.33,52.07,0.0158,Great Dane,0.6996,data/Mid224/train/horse/horse_02619.jpeg
train/horse/horse_02627.jpeg,horse,train,SUSPICIOUS_LABEL,331.53,110.19,50.43,0.0024,bighorn,0.5393,data/Mid224/train/horse/horse_02627.jpeg
train/horse/horse_02630.jpeg,horse,train,SUSPICIOUS_LABEL,664.68,99.09,41.68,0.0034,Ibizan hound,0.2704,data/Mid224/train/horse/horse_02630.jpeg
train/horse/horse_02631.jpeg,horse,train,SUSPICIOUS_LABEL,1614.27,92.8,48.15,0.0001,bulletproof vest,0.332,data/Mid224/train/horse/horse_02631.jpeg
train/horse/horse_02634.jpeg,horse,train,SUSPICIOUS_LABEL,855.54,136.68,64.48,0.0028,oxcart,0.4216,data/Mid224/train/horse/horse_02634.jpeg
train/horse/horse_02635.jpeg,horse,train,SUSPICIOUS_LABEL,1091.36,140.02,65.05,0.0107,Great Dane,0.8339,data/Mid224/train/horse/horse_02635.jpeg
train/horse/horse_02637.jpeg,horse,train,SUSPICIOUS_LABEL,431.03,174.6,56.17,0.0001,wire-haired fox terrier,0.8857,data/Mid224/train/horse/horse_02637.jpeg
train/horse/horse_02641.jpeg,horse,train,SUSPICIOUS_LABEL,237.19,162.12,39.97,0.0001,kuvasz,0.5195,data/Mid224/train/horse/horse_02641.jpeg
train/horse/horse_02643.jpeg,horse,train,SUSPICIOUS_LABEL,814.87,145.99,74.13,0.0098,Great Dane,0.2406,data/Mid224/train/horse/horse_02643.jpeg
train/horse/horse_02645.jpeg,horse,train,SUSPICIOUS_LABEL,551.75,136.83,54.68,0.0,guillotine,0.2835,data/Mid224/train/horse/horse_02645.jpeg
train/horse/horse_02646.jpeg,horse,train,SUSPICIOUS_LABEL,589.3,167.85,53.74,0.0001,parallel bars,0.3733,data/Mid224/train/horse/horse_02646.jpeg
train/horse/horse_02647.jpeg,horse,train,SUSPICIOUS_LABEL,641.35,184.11,56.68,0.001,black-and-tan coonhound,0.6277,data/Mid224/train/horse/horse_02647.jpeg
train/horse/horse_02652.jpeg,horse,train,SUSPICIOUS_LABEL,1105.71,94.77,70.7,0.002,Great Dane,0.4164,data/Mid224/train/horse/horse_02652.jpeg
train/horse/horse_02653.jpeg,horse,train,SUSPICIOUS_LABEL,371.39,112.48,65.55,0.0001,bulletproof vest,0.434,data/Mid224/train/horse/horse_02653.jpeg
train/horse/horse_02654.jpeg,horse,train,OVEREXPOSED,517.31,221.58,51.0,0.0017,English foxhound,0.0744,data/Mid224/train/horse/horse_02654.jpeg
train/horse/horse_02656.jpeg,horse,train,SUSPICIOUS_LABEL,966.6,126.21,72.35,0.0017,African elephant,0.7009,data/Mid224/train/horse/horse_02656.jpeg
train/horse/horse_02658.jpeg,horse,train,SUSPICIOUS_LABEL,603.72,110.62,53.35,0.0129,English foxhound,0.4818,data/Mid224/train/horse/horse_02658.jpeg
train/horse/horse_02660.jpeg,horse,train,SUSPICIOUS_LABEL,641.35,141.14,53.25,0.0001,curly-coated retriever,0.4752,data/Mid224/train/horse/horse_02660.jpeg
train/horse/horse_02661.jpeg,horse,train,SUSPICIOUS_LABEL,1053.26,67.0,64.28,0.0001,dalmatian,0.3593,data/Mid224/train/horse/horse_02661.jpeg
train/horse/horse_02665.jpeg,horse,train,SUSPICIOUS_LABEL,314.33,161.42,50.31,0.0002,Saluki,0.5889,data/Mid224/train/horse/horse_02665.jpeg
train/horse/horse_02672.jpeg,horse,train,SUSPICIOUS_LABEL,486.49,125.4,77.48,0.0157,Mexican hairless,0.2714,data/Mid224/train/horse/horse_02672.jpeg
train/horse/horse_02674.jpeg,horse,train,SUSPICIOUS_LABEL,670.88,92.85,46.71,0.0197,hog,0.2071,data/Mid224/train/horse/horse_02674.jpeg
train/horse/horse_02676.jpeg,horse,train,SUSPICIOUS_LABEL,290.63,121.27,29.49,0.0004,Scottish deerhound,0.2209,data/Mid224/train/horse/horse_02676.jpeg
train/horse/horse_02677.jpeg,horse,train,SUSPICIOUS_LABEL,762.9,113.44,68.67,0.0002,wire-haired fox terrier,0.2165,data/Mid224/train/horse/horse_02677.jpeg
train/horse/horse_02681.jpeg,horse,train,SUSPICIOUS_LABEL,202.4,65.88,43.07,0.0122,groenendael,0.2168,data/Mid224/train/horse/horse_02681.jpeg
train/horse/horse_02682.jpeg,horse,train,SUSPICIOUS_LABEL,988.17,146.41,79.11,0.0001,Labrador retriever,0.3139,data/Mid224/train/horse/horse_02682.jpeg
train/horse/horse_02683.jpeg,horse,train,SUSPICIOUS_LABEL,458.78,124.23,41.18,0.0002,ski,0.2333,data/Mid224/train/horse/horse_02683.jpeg
train/horse/horse_02686.jpeg,horse,train,SUSPICIOUS_LABEL,2272.36,118.95,76.18,0.0055,German short-haired pointer,0.2891,data/Mid224/train/horse/horse_02686.jpeg
train/horse/horse_02687.jpeg,horse,train,SUSPICIOUS_LABEL,621.66,184.99,65.05,0.0024,Mexican hairless,0.3624,data/Mid224/train/horse/horse_02687.jpeg
train/horse/horse_02691.jpeg,horse,train,SUSPICIOUS_LABEL,1014.17,112.65,65.34,0.0127,English foxhound,0.4576,data/Mid224/train/horse/horse_02691.jpeg
train/horse/horse_02692.jpeg,horse,train,SUSPICIOUS_LABEL,225.71,87.03,33.95,0.0003,jellyfish,0.3492,data/Mid224/train/horse/horse_02692.jpeg
train/horse/horse_02695.jpeg,horse,train,SUSPICIOUS_LABEL,352.52,66.73,40.28,0.0002,curly-coated retriever,0.3744,data/Mid224/train/horse/horse_02695.jpeg
train/horse/horse_02696.jpeg,horse,train,SUSPICIOUS_LABEL,617.6,187.96,66.79,0.0109,Arabian camel,0.2881,data/Mid224/train/horse/horse_02696.jpeg
train/horse/horse_02702.jpeg,horse,train,SUSPICIOUS_LABEL,1687.23,125.98,78.01,0.0164,black-and-tan coonhound,0.5492,data/Mid224/train/horse/horse_02702.jpeg
train/horse/horse_02705.jpeg,horse,train,SUSPICIOUS_LABEL,895.51,106.98,66.45,0.0093,Great Dane,0.5573,data/Mid224/train/horse/horse_02705.jpeg
train/horse/horse_02708.jpeg,horse,train,SUSPICIOUS_LABEL,1788.01,122.77,77.15,0.0067,Great Dane,0.5211,data/Mid224/train/horse/horse_02708.jpeg
train/horse/horse_02711.jpeg,horse,train,SUSPICIOUS_LABEL,309.21,136.24,68.8,0.0002,black-and-tan coonhound,0.724,data/Mid224/train/horse/horse_02711.jpeg
train/horse/horse_02712.jpeg,horse,train,SUSPICIOUS_LABEL,2231.25,160.28,58.96,0.005,Arabian camel,0.314,data/Mid224/train/horse/horse_02712.jpeg
train/horse/horse_02714.jpeg,horse,train,SUSPICIOUS_LABEL,857.07,136.1,59.38,0.0263,Arabian camel,0.3732,data/Mid224/train/horse/horse_02714.jpeg
train/horse/horse_02715.jpeg,horse,train,SUSPICIOUS_LABEL,426.89,119.34,50.13,0.0002,African chameleon,0.2355,data/Mid224/train/horse/horse_02715.jpeg
train/horse/horse_02717.jpeg,horse,train,SUSPICIOUS_LABEL,660.62,173.05,62.41,0.0033,African elephant,0.2028,data/Mid224/train/horse/horse_02717.jpeg
train/horse/horse_02718.jpeg,horse,train,SUSPICIOUS_LABEL,478.65,132.07,40.54,0.0045,hartebeest,0.5794,data/Mid224/train/horse/horse_02718.jpeg
train/horse/horse_02719.jpeg,horse,train,SUSPICIOUS_LABEL,490.63,130.1,48.82,0.0149,hartebeest,0.6361,data/Mid224/train/horse/horse_02719.jpeg
train/horse/horse_02722.jpeg,horse,train,SUSPICIOUS_LABEL,772.33,150.52,60.74,0.0042,kelpie,0.2231,data/Mid224/train/horse/horse_02722.jpeg
train/horse/horse_02723.jpeg,horse,train,SUSPICIOUS_LABEL,340.12,163.69,77.52,0.0003,hog,0.4004,data/Mid224/train/horse/horse_02723.jpeg
train/horse/horse_02726.jpeg,horse,train,SUSPICIOUS_LABEL,890.89,97.24,49.6,0.0012,groenendael,0.3601,data/Mid224/train/horse/horse_02726.jpeg
train/horse/horse_02728.jpeg,horse,train,SUSPICIOUS_LABEL,1017.45,83.25,59.78,0.0085,ox,0.2968,data/Mid224/train/horse/horse_02728.jpeg
train/horse/horse_02729.jpeg,horse,train,SUSPICIOUS_LABEL,429.5,122.54,60.0,0.0006,bighorn,0.3641,data/Mid224/train/horse/horse_02729.jpeg
train/horse/horse_02734.jpeg,horse,train,SUSPICIOUS_LABEL,507.5,105.89,48.44,0.0001,Saluki,0.3084,data/Mid224/train/horse/horse_02734.jpeg
train/horse/horse_02737.jpeg,horse,train,SUSPICIOUS_LABEL,607.63,163.95,35.64,0.0008,llama,0.2778,data/Mid224/train/horse/horse_02737.jpeg
train/horse/horse_02738.jpeg,horse,train,SUSPICIOUS_LABEL,548.42,135.8,69.51,0.0,curly-coated retriever,0.6182,data/Mid224/train/horse/horse_02738.jpeg
train/horse/horse_02742.jpeg,horse,train,SUSPICIOUS_LABEL,413.33,171.34,41.77,0.0005,Great Dane,0.6973,data/Mid224/train/horse/horse_02742.jpeg
train/horse/horse_02745.jpeg,horse,train,SUSPICIOUS_LABEL,719.3,60.86,56.08,0.0,black stork,0.2382,data/Mid224/train/horse/horse_02745.jpeg
train/horse/horse_02749.jpeg,horse,train,SUSPICIOUS_LABEL,595.43,166.93,67.38,0.0021,groenendael,0.2182,data/Mid224/train/horse/horse_02749.jpeg
train/horse/horse_02754.jpeg,horse,train,SUSPICIOUS_LABEL,619.08,125.78,42.46,0.0022,German short-haired pointer,0.4083,data/Mid224/train/horse/horse_02754.jpeg
train/horse/horse_02761.jpeg,horse,train,SUSPICIOUS_LABEL,4063.33,104.6,59.79,0.0002,curly-coated retriever,0.2603,data/Mid224/train/horse/horse_02761.jpeg
train/horse/horse_02762.jpeg,horse,train,SUSPICIOUS_LABEL,384.87,51.15,35.57,0.0008,oxcart,0.3061,data/Mid224/train/horse/horse_02762.jpeg
train/horse/horse_02763.jpeg,horse,train,SUSPICIOUS_LABEL,540.78,147.96,44.87,0.0306,bighorn,0.3603,data/Mid224/train/horse/horse_02763.jpeg
train/horse/horse_02765.jpeg,horse,train,SUSPICIOUS_LABEL,598.71,103.73,51.52,0.0002,Ibizan hound,0.3259,data/Mid224/train/horse/horse_02765.jpeg
train/horse/horse_02766.jpeg,horse,train,SUSPICIOUS_LABEL,1262.89,100.94,61.95,0.0001,horse cart,0.6999,data/Mid224/train/horse/horse_02766.jpeg
train/horse/horse_02767.jpeg,horse,train,SUSPICIOUS_LABEL,1032.49,86.67,78.79,0.0002,punching bag,0.2722,data/Mid224/train/horse/horse_02767.jpeg
train/horse/horse_02773.jpeg,horse,train,SUSPICIOUS_LABEL,493.98,126.09,52.66,0.0027,Arabian camel,0.3117,data/Mid224/train/horse/horse_02773.jpeg
train/horse/horse_02778.jpeg,horse,train,SUSPICIOUS_LABEL,602.51,114.96,70.67,0.0165,thresher,0.6557,data/Mid224/train/horse/horse_02778.jpeg
train/horse/horse_02781.jpeg,horse,train,SUSPICIOUS_LABEL,681.61,108.26,67.97,0.0001,flat-coated retriever,0.3523,data/Mid224/train/horse/horse_02781.jpeg
train/horse/horse_02785.jpeg,horse,train,SUSPICIOUS_LABEL,187.39,103.19,53.3,0.0058,bison,0.2056,data/Mid224/train/horse/horse_02785.jpeg
train/horse/horse_02788.jpeg,horse,train,SUSPICIOUS_LABEL,587.47,99.31,64.18,0.0,curly-coated retriever,0.3749,data/Mid224/train/horse/horse_02788.jpeg
train/horse/horse_02789.jpeg,horse,train,SUSPICIOUS_LABEL,794.7,132.38,72.07,0.0001,ox,0.2015,data/Mid224/train/horse/horse_02789.jpeg
train/horse/horse_02790.jpeg,horse,train,SUSPICIOUS_LABEL,616.72,110.42,47.31,0.0113,Arabian camel,0.3781,data/Mid224/train/horse/horse_02790.jpeg
train/horse/horse_02791.jpeg,horse,train,SUSPICIOUS_LABEL,2319.59,155.32,51.72,0.0013,red wolf,0.3473,data/Mid224/train/horse/horse_02791.jpeg
train/horse/horse_02798.jpeg,horse,train,SUSPICIOUS_LABEL,2361.75,109.31,62.75,0.0,monitor,0.4344,data/Mid224/train/horse/horse_02798.jpeg
train/horse/horse_02800.jpeg,horse,train,SUSPICIOUS_LABEL,176.4,120.13,44.91,0.0001,curly-coated retriever,0.3262,data/Mid224/train/horse/horse_02800.jpeg
train/horse/horse_02802.jpeg,horse,train,SUSPICIOUS_LABEL,717.76,102.86,49.91,0.0014,Saluki,0.3794,data/Mid224/train/horse/horse_02802.jpeg
train/horse/horse_02809.jpeg,horse,train,SUSPICIOUS_LABEL,727.0,203.98,38.88,0.0001,Great Dane,0.4787,data/Mid224/train/horse/horse_02809.jpeg
train/horse/horse_02814.jpeg,horse,train,SUSPICIOUS_LABEL,1068.28,204.94,71.68,0.0,bloodhound,0.2541,data/Mid224/train/horse/horse_02814.jpeg
train/horse/horse_02815.jpeg,horse,train,SUSPICIOUS_LABEL,842.26,141.59,49.02,0.0188,Great Dane,0.3307,data/Mid224/train/horse/horse_02815.jpeg
train/horse/horse_02816.jpeg,horse,train,SUSPICIOUS_LABEL,796.63,154.1,66.86,0.0001,stretcher,0.4528,data/Mid224/train/horse/horse_02816.jpeg
train/horse/horse_02817.jpeg,horse,train,SUSPICIOUS_LABEL,472.03,133.65,52.41,0.0005,kelpie,0.3453,data/Mid224/train/horse/horse_02817.jpeg
train/horse/horse_02819.jpeg,horse,train,SUSPICIOUS_LABEL,1110.93,106.52,61.29,0.0,Bedlington terrier,0.231,data/Mid224/train/horse/horse_02819.jpeg
train/horse/horse_02823.jpeg,horse,train,SUSPICIOUS_LABEL,470.45,152.91,44.32,0.0005,warthog,0.3789,data/Mid224/train/horse/horse_02823.jpeg
train/horse/horse_02825.jpeg,horse,train,SUSPICIOUS_LABEL,326.43,96.72,38.95,0.0002,English setter,0.2846,data/Mid224/train/horse/horse_02825.jpeg
train/horse/horse_02826.jpeg,horse,train,SUSPICIOUS_LABEL,805.8,122.92,47.02,0.0011,hartebeest,0.9064,data/Mid224/train/horse/horse_02826.jpeg
train/horse/horse_02830.jpeg,horse,train,SUSPICIOUS_LABEL,1066.4,134.98,74.59,0.0014,thresher,0.5432,data/Mid224/train/horse/horse_02830.jpeg
train/horse/horse_02831.jpeg,horse,train,SUSPICIOUS_LABEL,1292.05,117.43,73.49,0.0001,gazelle,0.4965,data/Mid224/train/horse/horse_02831.jpeg
train/horse/horse_02837.jpeg,horse,train,SUSPICIOUS_LABEL,908.36,198.66,60.42,0.0064,black stork,0.2083,data/Mid224/train/horse/horse_02837.jpeg
train/horse/horse_02838.jpeg,horse,train,SUSPICIOUS_LABEL,462.16,124.3,77.86,0.0003,Great Dane,0.3861,data/Mid224/train/horse/horse_02838.jpeg
train/horse/horse_02843.jpeg,horse,train,OVEREXPOSED,618.28,221.32,50.74,0.2968,sorrel,0.2968,data/Mid224/train/horse/horse_02843.jpeg
train/horse/horse_02844.jpeg,horse,train,SUSPICIOUS_LABEL,1322.77,110.63,66.03,0.0,curly-coated retriever,0.2172,data/Mid224/train/horse/horse_02844.jpeg
train/horse/horse_02845.jpeg,horse,train,SUSPICIOUS_LABEL,380.48,149.88,65.62,0.0011,ox,0.3176,data/Mid224/train/horse/horse_02845.jpeg
train/horse/horse_02847.jpeg,horse,train,SUSPICIOUS_LABEL,702.7,114.2,74.31,0.0,Afghan hound,0.3527,data/Mid224/train/horse/horse_02847.jpeg
train/horse/horse_02850.jpeg,horse,train,SUSPICIOUS_LABEL,923.74,157.64,53.61,0.0018,English setter,0.208,data/Mid224/train/horse/horse_02850.jpeg
train/horse/horse_02854.jpeg,horse,train,SUSPICIOUS_LABEL,972.05,132.74,80.91,0.0254,groenendael,0.2399,data/Mid224/train/horse/horse_02854.jpeg
train/horse/horse_02856.jpeg,horse,train,SUSPICIOUS_LABEL,750.06,145.55,52.31,0.0083,black-and-tan coonhound,0.52,data/Mid224/train/horse/horse_02856.jpeg
train/horse/horse_02857.jpeg,horse,train,SUSPICIOUS_LABEL,417.02,142.03,46.21,0.0012,warthog,0.3358,data/Mid224/train/horse/horse_02857.jpeg
train/horse/horse_02859.jpeg,horse,train,SUSPICIOUS_LABEL,1389.2,97.21,55.92,0.0003,oxcart,0.2417,data/Mid224/train/horse/horse_02859.jpeg
train/horse/horse_02861.jpeg,horse,train,SUSPICIOUS_LABEL,863.97,165.32,56.42,0.0129,vizsla,0.2073,data/Mid224/train/horse/horse_02861.jpeg
train/horse/horse_02862.jpeg,horse,train,SUSPICIOUS_LABEL,753.62,131.23,78.37,0.0008,curly-coated retriever,0.3687,data/Mid224/train/horse/horse_02862.jpeg
train/horse/horse_02863.jpeg,horse,train,SUSPICIOUS_LABEL,1090.89,77.94,60.44,0.0003,English setter,0.3231,data/Mid224/train/horse/horse_02863.jpeg
train/horse/horse_02864.jpeg,horse,train,SUSPICIOUS_LABEL,536.39,129.09,53.93,0.0037,Doberman,0.4825,data/Mid224/train/horse/horse_02864.jpeg
train/horse/horse_02865.jpeg,horse,train,SUSPICIOUS_LABEL,720.26,165.94,44.99,0.0006,parallel bars,0.3006,data/Mid224/train/horse/horse_02865.jpeg
train/horse/horse_02866.jpeg,horse,train,SUSPICIOUS_LABEL,536.6,132.75,45.72,0.007,Mexican hairless,0.3208,data/Mid224/train/horse/horse_02866.jpeg
train/horse/horse_02867.jpeg,horse,train,SUSPICIOUS_LABEL,440.72,147.3,56.21,0.0034,black-and-tan coonhound,0.3432,data/Mid224/train/horse/horse_02867.jpeg
train/horse/horse_02869.jpeg,horse,train,SUSPICIOUS_LABEL,196.88,108.42,25.09,0.0016,standard poodle,0.2315,data/Mid224/train/horse/horse_02869.jpeg
train/horse/horse_02870.jpeg,horse,train,SUSPICIOUS_LABEL,860.5,167.36,80.91,0.0073,kelpie,0.2134,data/Mid224/train/horse/horse_02870.jpeg
train/horse/horse_02871.jpeg,horse,train,SUSPICIOUS_LABEL,466.62,145.15,59.35,0.0014,thresher,0.565,data/Mid224/train/horse/horse_02871.jpeg
train/horse/horse_02872.jpeg,horse,train,SUSPICIOUS_LABEL,411.2,105.49,55.33,0.0005,Great Dane,0.3696,data/Mid224/train/horse/horse_02872.jpeg
train/horse/horse_02878.jpeg,horse,train,SUSPICIOUS_LABEL,487.57,185.09,35.08,0.0,kuvasz,0.5454,data/Mid224/train/horse/horse_02878.jpeg
train/horse/horse_02881.jpeg,horse,train,SUSPICIOUS_LABEL,456.62,127.5,50.55,0.0019,Great Dane,0.2889,data/Mid224/train/horse/horse_02881.jpeg
train/horse/horse_02882.jpeg,horse,train,SUSPICIOUS_LABEL,378.97,140.44,43.24,0.0,clumber,0.3056,data/Mid224/train/horse/horse_02882.jpeg
train/horse/horse_02883.jpeg,horse,train,SUSPICIOUS_LABEL,610.89,132.17,44.11,0.0087,ox,0.2277,data/Mid224/train/horse/horse_02883.jpeg
train/horse/horse_02885.jpeg,horse,train,SUSPICIOUS_LABEL,637.94,104.38,46.37,0.0003,curly-coated retriever,0.2002,data/Mid224/train/horse/horse_02885.jpeg
train/horse/horse_02889.jpeg,horse,train,SUSPICIOUS_LABEL,2097.93,93.66,56.47,0.0107,tusker,0.2666,data/Mid224/train/horse/horse_02889.jpeg
train/horse/horse_02891.jpeg,horse,train,SUSPICIOUS_LABEL,947.78,112.71,55.67,0.0114,hartebeest,0.2775,data/Mid224/train/horse/horse_02891.jpeg
train/horse/horse_02892.jpeg,horse,train,SUSPICIOUS_LABEL,805.38,148.43,70.38,0.0015,worm fence,0.2399,data/Mid224/train/horse/horse_02892.jpeg
train/horse/horse_02893.jpeg,horse,train,SUSPICIOUS_LABEL,709.7,137.41,47.29,0.0057,hartebeest,0.3856,data/Mid224/train/horse/horse_02893.jpeg
train/horse/horse_02895.jpeg,horse,train,SUSPICIOUS_LABEL,289.24,187.99,43.43,0.0101,English foxhound,0.2943,data/Mid224/train/horse/horse_02895.jpeg
train/horse/horse_02897.jpeg,horse,train,SUSPICIOUS_LABEL,818.69,129.7,54.83,0.0018,kuvasz,0.5604,data/Mid224/train/horse/horse_02897.jpeg
train/horse/horse_02898.jpeg,horse,train,SUSPICIOUS_LABEL,773.59,108.63,41.47,0.0407,Mexican hairless,0.2168,data/Mid224/train/horse/horse_02898.jpeg
train/horse/horse_02900.jpeg,horse,train,SUSPICIOUS_LABEL,3273.17,137.51,63.32,0.0021,oxygen mask,0.2907,data/Mid224/train/horse/horse_02900.jpeg
train/horse/horse_02901.jpeg,horse,train,SUSPICIOUS_LABEL,350.72,54.57,49.98,0.0001,ox,0.2322,data/Mid224/train/horse/horse_02901.jpeg
train/horse/horse_02902.jpeg,horse,train,SUSPICIOUS_LABEL,855.97,130.27,78.4,0.0003,black-and-tan coonhound,0.3328,data/Mid224/train/horse/horse_02902.jpeg
train/horse/horse_02906.jpeg,horse,train,OVEREXPOSED;SUSPICIOUS_LABEL,722.57,228.54,47.93,0.0,dalmatian,0.7369,data/Mid224/train/horse/horse_02906.jpeg
train/horse/horse_02913.jpeg,horse,train,SUSPICIOUS_LABEL,715.33,151.75,47.48,0.0233,tusker,0.2099,data/Mid224/train/horse/horse_02913.jpeg
train/horse/horse_02914.jpeg,horse,train,SUSPICIOUS_LABEL,381.57,156.35,59.71,0.0021,Great Dane,0.3092,data/Mid224/train/horse/horse_02914.jpeg
train/horse/horse_02915.jpeg,horse,train,SUSPICIOUS_LABEL,286.17,110.38,56.62,0.0,Sealyham terrier,0.2263,data/Mid224/train/horse/horse_02915.jpeg
train/horse/horse_02918.jpeg,horse,train,SUSPICIOUS_LABEL,940.71,151.21,77.35,0.0001,curly-coated retriever,0.2625,data/Mid224/train/horse/horse_02918.jpeg
train/horse/horse_02921.jpeg,horse,train,SUSPICIOUS_LABEL,673.35,115.97,75.6,0.0005,black-and-tan coonhound,0.6461,data/Mid224/train/horse/horse_02921.jpeg
train/horse/horse_02924.jpeg,horse,train,SUSPICIOUS_LABEL,1432.84,138.28,72.18,0.0032,curly-coated retriever,0.4319,data/Mid224/train/horse/horse_02924.jpeg
train/horse/horse_02929.jpeg,horse,train,SUSPICIOUS_LABEL,770.83,127.16,66.02,0.0,English foxhound,0.3859,data/Mid224/train/horse/horse_02929.jpeg
train/horse/horse_02930.jpeg,horse,train,SUSPICIOUS_LABEL,232.14,128.94,26.69,0.0023,Arabian camel,0.5903,data/Mid224/train/horse/horse_02930.jpeg
train/horse/horse_02931.jpeg,horse,train,SUSPICIOUS_LABEL,405.73,111.56,49.11,0.0004,kuvasz,0.2286,data/Mid224/train/horse/horse_02931.jpeg
train/horse/horse_02934.jpeg,horse,train,SUSPICIOUS_LABEL,1217.29,100.13,73.56,0.0,Bedlington terrier,0.7176,data/Mid224/train/horse/horse_02934.jpeg
train/horse/horse_02935.jpeg,horse,train,SUSPICIOUS_LABEL,512.28,184.55,56.53,0.0003,Great Dane,0.8256,data/Mid224/train/horse/horse_02935.jpeg
train/horse/horse_02936.jpeg,horse,train,SUSPICIOUS_LABEL,301.41,120.18,38.45,0.0018,hartebeest,0.7823,data/Mid224/train/horse/horse_02936.jpeg
train/horse/horse_02939.jpeg,horse,train,SUSPICIOUS_LABEL,1192.96,191.21,68.68,0.0001,black-and-tan coonhound,0.383,data/Mid224/train/horse/horse_02939.jpeg
train/horse/horse_02940.jpeg,horse,train,SUSPICIOUS_LABEL,723.42,78.9,82.13,0.0,siamang,0.3198,data/Mid224/train/horse/horse_02940.jpeg
train/horse/horse_02945.jpeg,horse,train,SUSPICIOUS_LABEL,1062.97,159.77,64.02,0.002,Saluki,0.3478,data/Mid224/train/horse/horse_02945.jpeg
train/horse/horse_02947.jpeg,horse,train,SUSPICIOUS_LABEL,337.41,149.18,40.79,0.0098,hartebeest,0.3154,data/Mid224/train/horse/horse_02947.jpeg
train/horse/horse_02948.jpeg,horse,train,SUSPICIOUS_LABEL,1146.31,104.62,57.04,0.0216,ox,0.3112,data/Mid224/train/horse/horse_02948.jpeg
train/horse/horse_02950.jpeg,horse,train,SUSPICIOUS_LABEL,242.28,92.49,34.52,0.001,ox,0.3534,data/Mid224/train/horse/horse_02950.jpeg
train/horse/horse_02951.jpeg,horse,train,SUSPICIOUS_LABEL,479.29,151.87,48.01,0.0013,Bedlington terrier,0.2353,data/Mid224/train/horse/horse_02951.jpeg
train/horse/horse_02952.jpeg,horse,train,SUSPICIOUS_LABEL,535.53,118.79,54.12,0.0167,ibex,0.3143,data/Mid224/train/horse/horse_02952.jpeg
train/horse/horse_02953.jpeg,horse,train,SUSPICIOUS_LABEL,832.56,135.6,82.46,0.0008,tusker,0.3334,data/Mid224/train/horse/horse_02953.jpeg
train/horse/horse_02958.jpeg,horse,train,SUSPICIOUS_LABEL,443.28,72.1,54.19,0.0032,kelpie,0.265,data/Mid224/train/horse/horse_02958.jpeg
train/horse/horse_02959.jpeg,horse,train,SUSPICIOUS_LABEL,598.21,140.55,34.84,0.0001,Sealyham terrier,0.2415,data/Mid224/train/horse/horse_02959.jpeg
train/horse/horse_02960.jpeg,horse,train,SUSPICIOUS_LABEL,478.92,172.08,58.09,0.002,German shepherd,0.3596,data/Mid224/train/horse/horse_02960.jpeg
train/horse/horse_02963.jpeg,horse,train,SUSPICIOUS_LABEL,432.03,147.4,38.44,0.0004,Arabian camel,0.7758,data/Mid224/train/horse/horse_02963.jpeg
train/horse/horse_02964.jpeg,horse,train,SUSPICIOUS_LABEL,795.74,143.42,67.66,0.0015,Doberman,0.2423,data/Mid224/train/horse/horse_02964.jpeg
train/horse/horse_02965.jpeg,horse,train,SUSPICIOUS_LABEL,454.36,134.68,43.16,0.0,kuvasz,0.2951,data/Mid224/train/horse/horse_02965.jpeg
train/horse/horse_02966.jpeg,horse,train,SUSPICIOUS_LABEL,305.32,152.56,53.8,0.0004,ox,0.6024,data/Mid224/train/horse/horse_02966.jpeg
train/horse/horse_02971.jpeg,horse,train,SUSPICIOUS_LABEL,776.11,110.99,53.08,0.0054,Great Dane,0.4897,data/Mid224/train/horse/horse_02971.jpeg
train/horse/horse_02974.jpeg,horse,train,SUSPICIOUS_LABEL,397.6,122.17,57.35,0.0141,Great Dane,0.3883,data/Mid224/train/horse/horse_02974.jpeg
train/horse/horse_02975.jpeg,horse,train,SUSPICIOUS_LABEL,1343.95,160.19,71.73,0.0096,Mexican hairless,0.359,data/Mid224/train/horse/horse_02975.jpeg
train/horse/horse_02978.jpeg,horse,train,SUSPICIOUS_LABEL,292.66,106.73,53.96,0.0001,curly-coated retriever,0.8533,data/Mid224/train/horse/horse_02978.jpeg
train/horse/horse_02982.jpeg,horse,train,SUSPICIOUS_LABEL,226.31,46.87,35.67,0.0003,alp,0.2923,data/Mid224/train/horse/horse_02982.jpeg
train/horse/horse_02990.jpeg,horse,train,UNDEREXPOSED,128.42,30.17,39.43,0.0003,Bedlington terrier,0.0944,data/Mid224/train/horse/horse_02990.jpeg
train/horse/horse_02994.jpeg,horse,train,SUSPICIOUS_LABEL,1389.12,122.36,68.45,0.0033,Saluki,0.4683,data/Mid224/train/horse/horse_02994.jpeg
train/horse/horse_03000.jpeg,horse,train,SUSPICIOUS_LABEL,388.02,144.5,79.9,0.0002,flat-coated retriever,0.3169,data/Mid224/train/horse/horse_03000.jpeg
train/horse/horse_03002.jpeg,horse,train,SUSPICIOUS_LABEL,1242.9,158.84,53.63,0.0,German short-haired pointer,0.5711,data/Mid224/train/horse/horse_03002.jpeg
train/horse/horse_03007.jpeg,horse,train,SUSPICIOUS_LABEL,468.91,137.09,50.23,0.0001,Great Dane,0.3151,data/Mid224/train/horse/horse_03007.jpeg
train/horse/horse_03008.jpeg,horse,train,SUSPICIOUS_LABEL,1118.66,127.13,57.56,0.0267,ox,0.3138,data/Mid224/train/horse/horse_03008.jpeg
train/horse/horse_03010.jpeg,horse,train,SUSPICIOUS_LABEL,510.55,115.66,52.9,0.0258,Mexican hairless,0.2824,data/Mid224/train/horse/horse_03010.jpeg
train/horse/horse_03014.jpeg,horse,train,SUSPICIOUS_LABEL,1042.97,164.33,94.32,0.012,bloodhound,0.2612,data/Mid224/train/horse/horse_03014.jpeg
train/horse/horse_03016.jpeg,horse,train,SUSPICIOUS_LABEL,221.09,99.96,32.15,0.0001,Japanese spaniel,0.2649,data/Mid224/train/horse/horse_03016.jpeg
train/horse/horse_03017.jpeg,horse,train,SUSPICIOUS_LABEL,431.71,143.97,49.6,0.01,tusker,0.4488,data/Mid224/train/horse/horse_03017.jpeg
train/horse/horse_03019.jpeg,horse,train,SUSPICIOUS_LABEL,1184.79,131.05,77.38,0.0,Great Dane,0.5034,data/Mid224/train/horse/horse_03019.jpeg
train/horse/horse_03021.jpeg,horse,train,SUSPICIOUS_LABEL,728.98,136.31,66.0,0.0482,ox,0.2672,data/Mid224/train/horse/horse_03021.jpeg
train/horse/horse_03024.jpeg,horse,train,SUSPICIOUS_LABEL,1035.84,120.77,53.55,0.0079,redbone,0.2137,data/Mid224/train/horse/horse_03024.jpeg
train/horse/horse_03026.jpeg,horse,train,SUSPICIOUS_LABEL,1186.87,104.65,58.83,0.0255,oxcart,0.2312,data/Mid224/train/horse/horse_03026.jpeg
train/horse/horse_03027.jpeg,horse,train,SUSPICIOUS_LABEL,297.54,57.35,37.38,0.0194,bloodhound,0.3444,data/Mid224/train/horse/horse_03027.jpeg
train/horse/horse_03028.jpeg,horse,train,SUSPICIOUS_LABEL,733.77,182.54,63.02,0.0002,Great Dane,0.2329,data/Mid224/train/horse/horse_03028.jpeg
train/horse/horse_03030.jpeg,horse,train,SUSPICIOUS_LABEL,441.89,119.68,39.94,0.0024,groenendael,0.42,data/Mid224/train/horse/horse_03030.jpeg
train/horse/horse_03031.jpeg,horse,train,SUSPICIOUS_LABEL,558.85,115.16,61.39,0.0048,Doberman,0.4754,data/Mid224/train/horse/horse_03031.jpeg
train/horse/horse_03032.jpeg,horse,train,SUSPICIOUS_LABEL,943.81,155.04,60.84,0.0012,black-and-tan coonhound,0.2134,data/Mid224/train/horse/horse_03032.jpeg
train/horse/horse_03034.jpeg,horse,train,SUSPICIOUS_LABEL,522.35,94.33,61.22,0.0006,llama,0.3322,data/Mid224/train/horse/horse_03034.jpeg
train/horse/horse_03037.jpeg,horse,train,SUSPICIOUS_LABEL,882.62,130.52,75.79,0.002,Great Dane,0.345,data/Mid224/train/horse/horse_03037.jpeg
train/horse/horse_03039.jpeg,horse,train,SUSPICIOUS_LABEL,241.75,113.0,34.46,0.0009,Bedlington terrier,0.6052,data/Mid224/train/horse/horse_03039.jpeg
train/horse/horse_03041.jpeg,horse,train,SUSPICIOUS_LABEL,2397.19,118.22,75.6,0.0076,komondor,0.2318,data/Mid224/train/horse/horse_03041.jpeg
train/horse/horse_03043.jpeg,horse,train,OVEREXPOSED,236.27,225.47,36.05,0.0019,Ibizan hound,0.1765,data/Mid224/train/horse/horse_03043.jpeg
train/horse/horse_03044.jpeg,horse,train,SUSPICIOUS_LABEL,878.29,123.54,58.15,0.0013,thresher,0.2788,data/Mid224/train/horse/horse_03044.jpeg
train/horse/horse_03046.jpeg,horse,train,SUSPICIOUS_LABEL,1279.46,118.12,63.33,0.0002,jinrikisha,0.239,data/Mid224/train/horse/horse_03046.jpeg
train/horse/horse_03049.jpeg,horse,train,SUSPICIOUS_LABEL,477.91,177.99,50.9,0.0136,Arabian camel,0.2484,data/Mid224/train/horse/horse_03049.jpeg
train/horse/horse_03050.jpeg,horse,train,SUSPICIOUS_LABEL,523.28,135.68,69.36,0.0,curly-coated retriever,0.7498,data/Mid224/train/horse/horse_03050.jpeg
train/horse/horse_03051.jpeg,horse,train,SUSPICIOUS_LABEL,1680.94,119.14,63.98,0.0015,German short-haired pointer,0.5031,data/Mid224/train/horse/horse_03051.jpeg
train/horse/horse_03055.jpeg,horse,train,SUSPICIOUS_LABEL,522.32,120.53,39.43,0.0012,mink,0.289,data/Mid224/train/horse/horse_03055.jpeg
train/horse/horse_03058.jpeg,horse,train,SUSPICIOUS_LABEL,1084.16,91.37,53.88,0.0014,Kerry blue terrier,0.2113,data/Mid224/train/horse/horse_03058.jpeg
train/horse/horse_03059.jpeg,horse,train,SUSPICIOUS_LABEL,637.27,129.14,55.73,0.0148,Arabian camel,0.2038,data/Mid224/train/horse/horse_03059.jpeg
train/horse/horse_03061.jpeg,horse,train,SUSPICIOUS_LABEL,2542.4,111.05,64.33,0.0025,African elephant,0.2502,data/Mid224/train/horse/horse_03061.jpeg
train/horse/horse_03064.jpeg,horse,train,SUSPICIOUS_LABEL,997.6,141.44,55.58,0.0,komondor,0.4458,data/Mid224/train/horse/horse_03064.jpeg
train/horse/horse_03068.jpeg,horse,train,SUSPICIOUS_LABEL,822.62,134.35,43.33,0.0032,hog,0.3388,data/Mid224/train/horse/horse_03068.jpeg
train/horse/horse_03069.jpeg,horse,train,SUSPICIOUS_LABEL,553.99,126.17,84.54,0.0005,oxcart,0.3843,data/Mid224/train/horse/horse_03069.jpeg
train/horse/horse_03071.jpeg,horse,train,SUSPICIOUS_LABEL,1025.23,78.56,49.29,0.0012,oxcart,0.26,data/Mid224/train/horse/horse_03071.jpeg
train/horse/horse_03072.jpeg,horse,train,SUSPICIOUS_LABEL,607.44,61.57,66.43,0.0,abaya,0.3005,data/Mid224/train/horse/horse_03072.jpeg
train/horse/horse_03076.jpeg,horse,train,SUSPICIOUS_LABEL,520.73,98.26,68.94,0.0,giant schnauzer,0.3611,data/Mid224/train/horse/horse_03076.jpeg
train/horse/horse_03079.jpeg,horse,train,SUSPICIOUS_LABEL,1287.1,122.49,54.05,0.0001,proboscis monkey,0.2841,data/Mid224/train/horse/horse_03079.jpeg
train/horse/horse_03081.jpeg,horse,train,SUSPICIOUS_LABEL,881.92,145.94,73.26,0.0005,curly-coated retriever,0.4614,data/Mid224/train/horse/horse_03081.jpeg
train/horse/horse_03085.jpeg,horse,train,SUSPICIOUS_LABEL,1253.7,107.44,70.87,0.0002,curly-coated retriever,0.5243,data/Mid224/train/horse/horse_03085.jpeg
train/horse/horse_03087.jpeg,horse,train,SUSPICIOUS_LABEL,666.91,124.11,59.73,0.0103,oxcart,0.2831,data/Mid224/train/horse/horse_03087.jpeg
train/horse/horse_03088.jpeg,horse,train,SUSPICIOUS_LABEL,499.32,78.95,45.78,0.0008,abaya,0.2822,data/Mid224/train/horse/horse_03088.jpeg
train/horse/horse_03089.jpeg,horse,train,SUSPICIOUS_LABEL,136.47,98.67,18.68,0.0003,hartebeest,0.939,data/Mid224/train/horse/horse_03089.jpeg
train/horse/horse_03090.jpeg,horse,train,SUSPICIOUS_LABEL,1704.95,101.86,72.18,0.0051,ox,0.4609,data/Mid224/train/horse/horse_03090.jpeg
train/horse/horse_03093.jpeg,horse,train,SUSPICIOUS_LABEL,1837.05,98.8,68.46,0.0204,ox,0.2444,data/Mid224/train/horse/horse_03093.jpeg
train/horse/horse_03094.jpeg,horse,train,SUSPICIOUS_LABEL,1045.6,146.0,57.46,0.0005,oxcart,0.6994,data/Mid224/train/horse/horse_03094.jpeg
train/horse/horse_03097.jpeg,horse,train,SUSPICIOUS_LABEL,536.67,119.72,49.82,0.0,English foxhound,0.453,data/Mid224/train/horse/horse_03097.jpeg
train/horse/horse_03099.jpeg,horse,train,SUSPICIOUS_LABEL,362.41,149.47,74.77,0.0112,Mexican hairless,0.407,data/Mid224/train/horse/horse_03099.jpeg
train/horse/horse_03103.jpeg,horse,train,SUSPICIOUS_LABEL,748.39,181.69,47.36,0.0001,dalmatian,0.3667,data/Mid224/train/horse/horse_03103.jpeg
train/horse/horse_03104.jpeg,horse,train,SUSPICIOUS_LABEL,486.28,106.3,59.91,0.0003,ox,0.3751,data/Mid224/train/horse/horse_03104.jpeg
train/horse/horse_03106.jpeg,horse,train,SUSPICIOUS_LABEL,1234.16,107.23,47.93,0.0001,German short-haired pointer,0.368,data/Mid224/train/horse/horse_03106.jpeg
train/horse/horse_03108.jpeg,horse,train,SUSPICIOUS_LABEL,490.69,88.14,43.47,0.0011,Great Dane,0.4179,data/Mid224/train/horse/horse_03108.jpeg
train/horse/horse_03109.jpeg,horse,train,SUSPICIOUS_LABEL,1231.47,82.92,48.52,0.0002,assault rifle,0.322,data/Mid224/train/horse/horse_03109.jpeg
train/horse/horse_03117.jpeg,horse,train,SUSPICIOUS_LABEL,2142.65,117.63,62.75,0.0009,Great Dane,0.2572,data/Mid224/train/horse/horse_03117.jpeg
train/horse/horse_03122.jpeg,horse,train,SUSPICIOUS_LABEL,417.56,151.2,50.78,0.0038,Arabian camel,0.7359,data/Mid224/train/horse/horse_03122.jpeg
train/horse/horse_03123.jpeg,horse,train,SUSPICIOUS_LABEL,669.26,114.39,55.09,0.0104,ox,0.2657,data/Mid224/train/horse/horse_03123.jpeg
train/horse/horse_03124.jpeg,horse,train,SUSPICIOUS_LABEL,615.68,161.59,55.27,0.021,hartebeest,0.3095,data/Mid224/train/horse/horse_03124.jpeg
train/horse/horse_03128.jpeg,horse,train,SUSPICIOUS_LABEL,586.06,152.7,34.21,0.0055,Arabian camel,0.3116,data/Mid224/train/horse/horse_03128.jpeg
train/horse/horse_03129.jpeg,horse,train,SUSPICIOUS_LABEL,1153.48,132.83,58.27,0.0443,Saluki,0.2074,data/Mid224/train/horse/horse_03129.jpeg
train/horse/horse_03135.jpeg,horse,train,SUSPICIOUS_LABEL,1349.52,141.56,71.55,0.0015,Great Dane,0.3186,data/Mid224/train/horse/horse_03135.jpeg
train/horse/horse_03136.jpeg,horse,train,SUSPICIOUS_LABEL,384.93,160.1,66.91,0.0002,ox,0.8443,data/Mid224/train/horse/horse_03136.jpeg
train/horse/horse_03137.jpeg,horse,train,SUSPICIOUS_LABEL,346.59,140.26,67.17,0.0098,curly-coated retriever,0.227,data/Mid224/train/horse/horse_03137.jpeg
train/horse/horse_03138.jpeg,horse,train,SUSPICIOUS_LABEL,510.06,97.44,55.12,0.0,curly-coated retriever,0.4801,data/Mid224/train/horse/horse_03138.jpeg
train/horse/horse_03139.jpeg,horse,train,SUSPICIOUS_LABEL,693.27,98.47,55.19,0.0,Ibizan hound,0.545,data/Mid224/train/horse/horse_03139.jpeg
train/horse/horse_03150.jpeg,horse,train,SUSPICIOUS_LABEL,300.77,179.9,46.75,0.0005,bighorn,0.3969,data/Mid224/train/horse/horse_03150.jpeg
train/horse/horse_03152.jpeg,horse,train,SUSPICIOUS_LABEL,792.6,72.48,60.76,0.0059,Saluki,0.4261,data/Mid224/train/horse/horse_03152.jpeg
train/horse/horse_03156.jpeg,horse,train,SUSPICIOUS_LABEL,389.98,154.83,83.66,0.0043,wire-haired fox terrier,0.2257,data/Mid224/train/horse/horse_03156.jpeg
train/horse/horse_03158.jpeg,horse,train,SUSPICIOUS_LABEL,633.27,137.6,73.93,0.009,Great Dane,0.4302,data/Mid224/train/horse/horse_03158.jpeg
train/horse/horse_03159.jpeg,horse,train,SUSPICIOUS_LABEL,566.19,155.63,45.31,0.0013,hartebeest,0.5945,data/Mid224/train/horse/horse_03159.jpeg
train/horse/horse_03160.jpeg,horse,train,SUSPICIOUS_LABEL,965.85,137.38,63.15,0.0004,triceratops,0.558,data/Mid224/train/horse/horse_03160.jpeg
train/horse/horse_03161.jpeg,horse,train,SUSPICIOUS_LABEL,276.28,122.01,73.0,0.0,groenendael,0.7331,data/Mid224/train/horse/horse_03161.jpeg
train/horse/horse_03163.jpeg,horse,train,SUSPICIOUS_LABEL,904.9,83.74,41.49,0.0012,ox,0.2592,data/Mid224/train/horse/horse_03163.jpeg
train/horse/horse_03164.jpeg,horse,train,SUSPICIOUS_LABEL,1002.28,111.55,46.74,0.0009,ibex,0.274,data/Mid224/train/horse/horse_03164.jpeg
train/horse/horse_03166.jpeg,horse,train,SUSPICIOUS_LABEL,1334.37,106.89,55.5,0.0036,tusker,0.3694,data/Mid224/train/horse/horse_03166.jpeg
train/horse/horse_03171.jpeg,horse,train,SUSPICIOUS_LABEL,441.01,146.33,48.7,0.0167,Arabian camel,0.4135,data/Mid224/train/horse/horse_03171.jpeg
train/horse/horse_03173.jpeg,horse,train,SUSPICIOUS_LABEL,964.91,91.18,56.1,0.0168,ox,0.5794,data/Mid224/train/horse/horse_03173.jpeg
train/horse/horse_03174.jpeg,horse,train,SUSPICIOUS_LABEL,471.55,124.81,69.55,0.0002,giant schnauzer,0.2581,data/Mid224/train/horse/horse_03174.jpeg
train/horse/horse_03175.jpeg,horse,train,SUSPICIOUS_LABEL,566.07,92.04,72.13,0.0117,English foxhound,0.2679,data/Mid224/train/horse/horse_03175.jpeg
train/horse/horse_03177.jpeg,horse,train,SUSPICIOUS_LABEL,989.55,96.13,55.19,0.0061,kuvasz,0.2727,data/Mid224/train/horse/horse_03177.jpeg
train/horse/horse_03178.jpeg,horse,train,SUSPICIOUS_LABEL,509.8,132.09,36.65,0.0028,gazelle,0.2024,data/Mid224/train/horse/horse_03178.jpeg
train/horse/horse_03180.jpeg,horse,train,SUSPICIOUS_LABEL,1469.05,83.86,52.87,0.0001,steam locomotive,0.595,data/Mid224/train/horse/horse_03180.jpeg
train/horse/horse_03181.jpeg,horse,train,UNDEREXPOSED,517.41,34.31,44.75,0.0712,red wolf,0.3011,data/Mid224/train/horse/horse_03181.jpeg
train/horse/horse_03183.jpeg,horse,train,SUSPICIOUS_LABEL,1427.81,150.91,72.03,0.0007,English setter,0.2732,data/Mid224/train/horse/horse_03183.jpeg
train/horse/horse_03187.jpeg,horse,train,SUSPICIOUS_LABEL,473.67,110.97,57.5,0.0008,Great Dane,0.2267,data/Mid224/train/horse/horse_03187.jpeg
train/horse/horse_03188.jpeg,horse,train,SUSPICIOUS_LABEL,1047.13,95.18,56.44,0.0,clumber,0.6402,data/Mid224/train/horse/horse_03188.jpeg
train/horse/horse_03189.jpeg,horse,train,SUSPICIOUS_LABEL,721.45,119.75,48.49,0.0017,curly-coated retriever,0.3064,data/Mid224/train/horse/horse_03189.jpeg
train/horse/horse_03192.jpeg,horse,train,SUSPICIOUS_LABEL,777.93,108.1,58.04,0.0022,horse cart,0.3655,data/Mid224/train/horse/horse_03192.jpeg
train/horse/horse_03193.jpeg,horse,train,SUSPICIOUS_LABEL,393.96,108.36,57.62,0.0297,ibex,0.3114,data/Mid224/train/horse/horse_03193.jpeg
train/horse/horse_03194.jpeg,horse,train,SUSPICIOUS_LABEL,496.22,66.68,63.82,0.0041,bighorn,0.3361,data/Mid224/train/horse/horse_03194.jpeg
train/horse/horse_03195.jpeg,horse,train,SUSPICIOUS_LABEL,394.15,181.0,67.23,0.01,groenendael,0.4509,data/Mid224/train/horse/horse_03195.jpeg
train/horse/horse_03197.jpeg,horse,train,SUSPICIOUS_LABEL,444.61,113.72,66.99,0.0001,Cardigan,0.2069,data/Mid224/train/horse/horse_03197.jpeg
train/horse/horse_03200.jpeg,horse,train,SUSPICIOUS_LABEL,758.93,100.81,59.91,0.0067,dalmatian,0.2178,data/Mid224/train/horse/horse_03200.jpeg
train/horse/horse_03201.jpeg,horse,train,SUSPICIOUS_LABEL,586.42,146.66,64.61,0.0093,Arabian camel,0.5985,data/Mid224/train/horse/horse_03201.jpeg
train/horse/horse_03204.jpeg,horse,train,SUSPICIOUS_LABEL,722.88,129.67,52.35,0.0037,bighorn,0.2512,data/Mid224/train/horse/horse_03204.jpeg
train/horse/horse_03214.jpeg,horse,train,SUSPICIOUS_LABEL,979.7,117.37,49.23,0.0022,crane bird,0.376,data/Mid224/train/horse/horse_03214.jpeg
train/horse/horse_03215.jpeg,horse,train,SUSPICIOUS_LABEL,996.28,108.14,65.15,0.0006,EntleBucher,0.349,data/Mid224/train/horse/horse_03215.jpeg
train/horse/horse_03218.jpeg,horse,train,SUSPICIOUS_LABEL,723.15,90.99,47.67,0.0006,impala,0.3104,data/Mid224/train/horse/horse_03218.jpeg
train/horse/horse_03219.jpeg,horse,train,SUSPICIOUS_LABEL,386.86,131.22,51.52,0.004,black-and-tan coonhound,0.201,data/Mid224/train/horse/horse_03219.jpeg
train/horse/horse_03221.jpeg,horse,train,SUSPICIOUS_LABEL,438.82,95.0,74.21,0.0,kuvasz,0.4053,data/Mid224/train/horse/horse_03221.jpeg
train/horse/horse_03224.jpeg,horse,train,SUSPICIOUS_LABEL,816.2,191.6,48.93,0.0065,ibex,0.3299,data/Mid224/train/horse/horse_03224.jpeg
train/horse/horse_03227.jpeg,horse,train,SUSPICIOUS_LABEL,1463.34,130.6,75.16,0.0,Great Dane,0.2349,data/Mid224/train/horse/horse_03227.jpeg
train/horse/horse_03229.jpeg,horse,train,SUSPICIOUS_LABEL,1133.29,127.93,46.44,0.0004,German short-haired pointer,0.375,data/Mid224/train/horse/horse_03229.jpeg
train/horse/horse_03230.jpeg,horse,train,SUSPICIOUS_LABEL,541.77,108.75,58.51,0.0003,flat-coated retriever,0.2426,data/Mid224/train/horse/horse_03230.jpeg
train/horse/horse_03231.jpeg,horse,train,SUSPICIOUS_LABEL,1219.0,114.86,55.2,0.0193,Rhodesian ridgeback,0.3881,data/Mid224/train/horse/horse_03231.jpeg
train/horse/horse_03233.jpeg,horse,train,SUSPICIOUS_LABEL,718.94,119.24,40.25,0.0006,ballplayer,0.3745,data/Mid224/train/horse/horse_03233.jpeg
train/horse/horse_03234.jpeg,horse,train,SUSPICIOUS_LABEL,747.14,156.99,69.15,0.002,Arabian camel,0.5458,data/Mid224/train/horse/horse_03234.jpeg
train/horse/horse_03236.jpeg,horse,train,SUSPICIOUS_LABEL,380.46,113.67,38.11,0.0017,Arabian camel,0.259,data/Mid224/train/horse/horse_03236.jpeg
train/horse/horse_03237.jpeg,horse,train,SUSPICIOUS_LABEL,535.06,116.24,41.09,0.0304,Arabian camel,0.2653,data/Mid224/train/horse/horse_03237.jpeg
train/horse/horse_03238.jpeg,horse,train,SUSPICIOUS_LABEL,1405.84,140.27,69.77,0.0001,Rottweiler,0.3529,data/Mid224/train/horse/horse_03238.jpeg
train/horse/horse_03239.jpeg,horse,train,SUSPICIOUS_LABEL,789.8,112.56,41.32,0.0124,hartebeest,0.5358,data/Mid224/train/horse/horse_03239.jpeg
train/horse/horse_03241.jpeg,horse,train,SUSPICIOUS_LABEL,436.93,148.0,49.1,0.0007,tusker,0.2255,data/Mid224/train/horse/horse_03241.jpeg
train/horse/horse_03243.jpeg,horse,train,SUSPICIOUS_LABEL,808.71,80.27,56.22,0.0,curly-coated retriever,0.3049,data/Mid224/train/horse/horse_03243.jpeg
train/horse/horse_03246.jpeg,horse,train,SUSPICIOUS_LABEL,283.64,169.35,48.82,0.0003,curly-coated retriever,0.2181,data/Mid224/train/horse/horse_03246.jpeg
train/horse/horse_03249.jpeg,horse,train,SUSPICIOUS_LABEL,425.13,96.86,41.42,0.0132,brown bear,0.3393,data/Mid224/train/horse/horse_03249.jpeg
train/horse/horse_03251.jpeg,horse,train,SUSPICIOUS_LABEL,453.99,167.98,73.59,0.0004,curly-coated retriever,0.2372,data/Mid224/train/horse/horse_03251.jpeg
train/horse/horse_03252.jpeg,horse,train,SUSPICIOUS_LABEL,346.08,103.16,64.6,0.001,curly-coated retriever,0.3386,data/Mid224/train/horse/horse_03252.jpeg
train/horse/horse_03254.jpeg,horse,train,SUSPICIOUS_LABEL,397.85,129.45,52.68,0.0,Japanese spaniel,0.3906,data/Mid224/train/horse/horse_03254.jpeg
train/horse/horse_03256.jpeg,horse,train,SUSPICIOUS_LABEL,196.4,138.53,35.13,0.0001,space shuttle,0.4801,data/Mid224/train/horse/horse_03256.jpeg
train/horse/horse_03261.jpeg,horse,train,SUSPICIOUS_LABEL,501.38,153.69,44.42,0.0001,parallel bars,0.42,data/Mid224/train/horse/horse_03261.jpeg
train/horse/horse_03262.jpeg,horse,train,SUSPICIOUS_LABEL,745.52,143.38,75.26,0.0126,Great Dane,0.2401,data/Mid224/train/horse/horse_03262.jpeg
train/horse/horse_03269.jpeg,horse,train,SUSPICIOUS_LABEL,202.25,56.03,38.51,0.0004,ox,0.2782,data/Mid224/train/horse/horse_03269.jpeg
train/horse/horse_03270.jpeg,horse,train,SUSPICIOUS_LABEL,2133.82,107.65,75.53,0.0007,curly-coated retriever,0.2094,data/Mid224/train/horse/horse_03270.jpeg
train/horse/horse_03274.jpeg,horse,train,SUSPICIOUS_LABEL,410.61,199.12,59.58,0.0003,Great Dane,0.496,data/Mid224/train/horse/horse_03274.jpeg
train/horse/horse_03286.jpeg,horse,train,SUSPICIOUS_LABEL,1041.63,89.35,54.92,0.0034,EntleBucher,0.2143,data/Mid224/train/horse/horse_03286.jpeg
train/horse/horse_03288.jpeg,horse,train,SUSPICIOUS_LABEL,552.23,120.5,51.47,0.0254,ibex,0.4071,data/Mid224/train/horse/horse_03288.jpeg
train/horse/horse_03294.jpeg,horse,train,SUSPICIOUS_LABEL,412.89,87.91,66.77,0.0003,cloak,0.6949,data/Mid224/train/horse/horse_03294.jpeg
train/horse/horse_03301.jpeg,horse,train,SUSPICIOUS_LABEL,262.73,150.25,43.83,0.0016,missile,0.2136,data/Mid224/train/horse/horse_03301.jpeg
train/horse/horse_03304.jpeg,horse,train,SUSPICIOUS_LABEL,1405.33,93.09,58.21,0.0006,black-and-tan coonhound,0.6179,data/Mid224/train/horse/horse_03304.jpeg
train/horse/horse_03305.jpeg,horse,train,SUSPICIOUS_LABEL,427.68,85.15,72.94,0.0069,llama,0.4786,data/Mid224/train/horse/horse_03305.jpeg
train/horse/horse_03306.jpeg,horse,train,SUSPICIOUS_LABEL,1445.24,135.59,70.52,0.0024,black-and-tan coonhound,0.3757,data/Mid224/train/horse/horse_03306.jpeg
train/horse/horse_03307.jpeg,horse,train,SUSPICIOUS_LABEL,323.92,115.39,37.57,0.0164,wire-haired fox terrier,0.223,data/Mid224/train/horse/horse_03307.jpeg
train/horse/horse_03308.jpeg,horse,train,SUSPICIOUS_LABEL,1204.53,138.73,66.0,0.0031,Mexican hairless,0.5229,data/Mid224/train/horse/horse_03308.jpeg
train/horse/horse_03310.jpeg,horse,train,SUSPICIOUS_LABEL,442.04,108.55,59.93,0.0002,Saluki,0.275,data/Mid224/train/horse/horse_03310.jpeg
train/horse/horse_03313.jpeg,horse,train,SUSPICIOUS_LABEL,1223.45,114.9,60.0,0.0003,Great Dane,0.4528,data/Mid224/train/horse/horse_03313.jpeg
train/horse/horse_03317.jpeg,horse,train,SUSPICIOUS_LABEL,1121.67,148.32,52.87,0.0004,bighorn,0.2838,data/Mid224/train/horse/horse_03317.jpeg
train/horse/horse_03318.jpeg,horse,train,SUSPICIOUS_LABEL,845.72,112.56,60.6,0.0142,Mexican hairless,0.4519,data/Mid224/train/horse/horse_03318.jpeg
train/horse/horse_03323.jpeg,horse,train,SUSPICIOUS_LABEL,447.03,120.86,46.15,0.0165,bloodhound,0.3411,data/Mid224/train/horse/horse_03323.jpeg
train/horse/horse_03326.jpeg,horse,train,SUSPICIOUS_LABEL,1423.54,107.83,76.96,0.005,black-and-tan coonhound,0.4448,data/Mid224/train/horse/horse_03326.jpeg
train/horse/horse_03330.jpeg,horse,train,SUSPICIOUS_LABEL,646.1,96.98,49.56,0.0002,bighorn,0.2663,data/Mid224/train/horse/horse_03330.jpeg
train/horse/horse_03331.jpeg,horse,train,SUSPICIOUS_LABEL,429.37,133.52,74.69,0.0,curly-coated retriever,0.8649,data/Mid224/train/horse/horse_03331.jpeg
train/horse/horse_03332.jpeg,horse,train,SUSPICIOUS_LABEL,654.44,116.49,67.08,0.0,curly-coated retriever,0.8796,data/Mid224/train/horse/horse_03332.jpeg
train/horse/horse_03333.jpeg,horse,train,SUSPICIOUS_LABEL,820.56,107.67,67.32,0.0002,flat-coated retriever,0.2824,data/Mid224/train/horse/horse_03333.jpeg
train/horse/horse_03334.jpeg,horse,train,SUSPICIOUS_LABEL,198.47,95.03,57.49,0.0002,Boston bull,0.2097,data/Mid224/train/horse/horse_03334.jpeg
train/horse/horse_03337.jpeg,horse,train,SUSPICIOUS_LABEL,874.05,134.04,52.18,0.001,Border collie,0.2758,data/Mid224/train/horse/horse_03337.jpeg
train/horse/horse_03338.jpeg,horse,train,SUSPICIOUS_LABEL,278.64,159.6,65.24,0.0176,Arabian camel,0.4876,data/Mid224/train/horse/horse_03338.jpeg
train/horse/horse_03342.jpeg,horse,train,SUSPICIOUS_LABEL,329.08,113.19,51.46,0.0055,Arabian camel,0.2882,data/Mid224/train/horse/horse_03342.jpeg
train/horse/horse_03343.jpeg,horse,train,SUSPICIOUS_LABEL,1394.76,87.37,81.56,0.0001,ox,0.2066,data/Mid224/train/horse/horse_03343.jpeg
train/horse/horse_03345.jpeg,horse,train,SUSPICIOUS_LABEL,869.24,119.39,57.38,0.0039,Arabian camel,0.4261,data/Mid224/train/horse/horse_03345.jpeg
train/horse/horse_03348.jpeg,horse,train,SUSPICIOUS_LABEL,928.9,145.67,90.33,0.0112,Saluki,0.5655,data/Mid224/train/horse/horse_03348.jpeg
train/horse/horse_03352.jpeg,horse,train,SUSPICIOUS_LABEL,401.37,131.53,41.4,0.0004,tusker,0.3341,data/Mid224/train/horse/horse_03352.jpeg
train/horse/horse_03353.jpeg,horse,train,SUSPICIOUS_LABEL,288.2,159.78,53.55,0.0033,llama,0.2133,data/Mid224/train/horse/horse_03353.jpeg
train/horse/horse_03357.jpeg,horse,train,SUSPICIOUS_LABEL,335.11,62.88,75.02,0.0015,bighorn,0.4358,data/Mid224/train/horse/horse_03357.jpeg
train/horse/horse_03358.jpeg,horse,train,SUSPICIOUS_LABEL,412.1,178.28,66.15,0.0114,Great Dane,0.4949,data/Mid224/train/horse/horse_03358.jpeg
train/horse/horse_03366.jpeg,horse,train,SUSPICIOUS_LABEL,775.0,137.4,55.56,0.0005,Ibizan hound,0.5188,data/Mid224/train/horse/horse_03366.jpeg
train/horse/horse_03367.jpeg,horse,train,SUSPICIOUS_LABEL,520.94,115.31,48.7,0.0036,Walker hound,0.6367,data/Mid224/train/horse/horse_03367.jpeg
train/horse/horse_03371.jpeg,horse,train,SUSPICIOUS_LABEL,2035.96,132.75,43.64,0.0058,Cardigan,0.3431,data/Mid224/train/horse/horse_03371.jpeg
train/horse/horse_03373.jpeg,horse,train,SUSPICIOUS_LABEL,844.23,137.68,50.88,0.0103,Great Dane,0.3335,data/Mid224/train/horse/horse_03373.jpeg
train/horse/horse_03374.jpeg,horse,train,SUSPICIOUS_LABEL,831.88,170.82,72.13,0.0,Labrador retriever,0.4043,data/Mid224/train/horse/horse_03374.jpeg
train/horse/horse_03377.jpeg,horse,train,SUSPICIOUS_LABEL,671.58,163.78,68.97,0.0002,black-and-tan coonhound,0.5849,data/Mid224/train/horse/horse_03377.jpeg
train/horse/horse_03378.jpeg,horse,train,SUSPICIOUS_LABEL,227.28,85.03,37.64,0.0008,Doberman,0.2344,data/Mid224/train/horse/horse_03378.jpeg
train/horse/horse_03379.jpeg,horse,train,SUSPICIOUS_LABEL,444.49,87.75,49.66,0.0027,Tibetan mastiff,0.2012,data/Mid224/train/horse/horse_03379.jpeg
train/horse/horse_03380.jpeg,horse,train,SUSPICIOUS_LABEL,1202.6,104.02,64.69,0.012,muzzle,0.2539,data/Mid224/train/horse/horse_03380.jpeg
train/horse/horse_03383.jpeg,horse,train,SUSPICIOUS_LABEL,473.0,162.01,58.02,0.0001,German short-haired pointer,0.2669,data/Mid224/train/horse/horse_03383.jpeg
train/horse/horse_03384.jpeg,horse,train,SUSPICIOUS_LABEL,476.37,133.42,65.62,0.0125,Great Dane,0.5096,data/Mid224/train/horse/horse_03384.jpeg
train/horse/horse_03385.jpeg,horse,train,SUSPICIOUS_LABEL,2543.69,141.42,44.16,0.0294,bulletproof vest,0.2205,data/Mid224/train/horse/horse_03385.jpeg
train/horse/horse_03389.jpeg,horse,train,SUSPICIOUS_LABEL,423.97,102.25,50.11,0.0124,Sussex spaniel,0.3332,data/Mid224/train/horse/horse_03389.jpeg
train/horse/horse_03396.jpeg,horse,train,SUSPICIOUS_LABEL,379.77,116.5,47.91,0.0013,Kerry blue terrier,0.2341,data/Mid224/train/horse/horse_03396.jpeg
train/horse/horse_03397.jpeg,horse,train,SUSPICIOUS_LABEL,1291.31,125.98,66.87,0.0016,Bedlington terrier,0.4118,data/Mid224/train/horse/horse_03397.jpeg
train/horse/horse_03398.jpeg,horse,train,SUSPICIOUS_LABEL,1540.81,101.16,61.44,0.0002,Great Dane,0.4221,data/Mid224/train/horse/horse_03398.jpeg
train/horse/horse_03400.jpeg,horse,train,SUSPICIOUS_LABEL,414.06,100.67,46.46,0.0,groenendael,0.3418,data/Mid224/train/horse/horse_03400.jpeg
train/horse/horse_03401.jpeg,horse,train,SUSPICIOUS_LABEL,476.89,162.11,67.43,0.0018,Saluki,0.2127,data/Mid224/train/horse/horse_03401.jpeg
train/horse/horse_03403.jpeg,horse,train,SUSPICIOUS_LABEL,1146.03,102.72,48.45,0.0031,llama,0.4115,data/Mid224/train/horse/horse_03403.jpeg
train/horse/horse_03404.jpeg,horse,train,SUSPICIOUS_LABEL,1175.2,103.74,43.05,0.0033,tusker,0.2632,data/Mid224/train/horse/horse_03404.jpeg
train/horse/horse_03405.jpeg,horse,train,SUSPICIOUS_LABEL,661.87,159.39,45.23,0.0006,Saluki,0.2452,data/Mid224/train/horse/horse_03405.jpeg
train/horse/horse_03406.jpeg,horse,train,SUSPICIOUS_LABEL,642.69,115.9,58.13,0.0006,Great Dane,0.6724,data/Mid224/train/horse/horse_03406.jpeg
train/horse/horse_03407.jpeg,horse,train,SUSPICIOUS_LABEL,975.34,153.85,55.41,0.007,German short-haired pointer,0.2034,data/Mid224/train/horse/horse_03407.jpeg
train/horse/horse_03409.jpeg,horse,train,SUSPICIOUS_LABEL,1155.86,92.4,61.83,0.0182,Great Dane,0.3999,data/Mid224/train/horse/horse_03409.jpeg
train/horse/horse_03411.jpeg,horse,train,SUSPICIOUS_LABEL,448.3,177.85,52.44,0.0076,Arabian camel,0.7616,data/Mid224/train/horse/horse_03411.jpeg
train/horse/horse_03422.jpeg,horse,train,SUSPICIOUS_LABEL,178.03,87.08,83.17,0.001,Arabian camel,0.3809,data/Mid224/train/horse/horse_03422.jpeg
train/horse/horse_03428.jpeg,horse,train,SUSPICIOUS_LABEL,324.72,97.02,50.5,0.001,curly-coated retriever,0.2636,data/Mid224/train/horse/horse_03428.jpeg
train/horse/horse_03433.jpeg,horse,train,SUSPICIOUS_LABEL,521.64,79.63,57.67,0.0003,oxcart,0.4832,data/Mid224/train/horse/horse_03433.jpeg
train/horse/horse_03434.jpeg,horse,train,SUSPICIOUS_LABEL,350.63,55.03,50.3,0.0004,wire-haired fox terrier,0.2408,data/Mid224/train/horse/horse_03434.jpeg
train/horse/horse_03436.jpeg,horse,train,SUSPICIOUS_LABEL,406.63,137.59,58.68,0.0102,Arabian camel,0.5035,data/Mid224/train/horse/horse_03436.jpeg
train/horse/horse_03437.jpeg,horse,train,SUSPICIOUS_LABEL,567.45,131.78,44.94,0.0025,assault rifle,0.4304,data/Mid224/train/horse/horse_03437.jpeg
train/horse/horse_03439.jpeg,horse,train,SUSPICIOUS_LABEL,2041.96,84.59,48.8,0.0134,hog,0.278,data/Mid224/train/horse/horse_03439.jpeg
train/horse/horse_03440.jpeg,horse,train,SUSPICIOUS_LABEL,515.32,135.34,64.23,0.0046,Great Dane,0.2018,data/Mid224/train/horse/horse_03440.jpeg
train/horse/horse_03442.jpeg,horse,train,SUSPICIOUS_LABEL,1027.38,158.09,75.06,0.0,Great Dane,0.7528,data/Mid224/train/horse/horse_03442.jpeg
train/horse/horse_03443.jpeg,horse,train,SUSPICIOUS_LABEL,1891.28,131.0,60.65,0.028,curly-coated retriever,0.2055,data/Mid224/train/horse/horse_03443.jpeg
train/horse/horse_03445.jpeg,horse,train,SUSPICIOUS_LABEL,248.09,82.32,23.68,0.0004,Scottish deerhound,0.3756,data/Mid224/train/horse/horse_03445.jpeg
train/horse/horse_03446.jpeg,horse,train,SUSPICIOUS_LABEL,707.97,145.38,59.35,0.0012,German short-haired pointer,0.3309,data/Mid224/train/horse/horse_03446.jpeg
train/horse/horse_03447.jpeg,horse,train,SUSPICIOUS_LABEL,629.91,171.01,59.82,0.0,curly-coated retriever,0.2197,data/Mid224/train/horse/horse_03447.jpeg
train/horse/horse_03449.jpeg,horse,train,SUSPICIOUS_LABEL,850.27,117.47,54.92,0.0415,English foxhound,0.226,data/Mid224/train/horse/horse_03449.jpeg
train/horse/horse_03453.jpeg,horse,train,SUSPICIOUS_LABEL,815.29,137.56,57.0,0.003,black-and-tan coonhound,0.2704,data/Mid224/train/horse/horse_03453.jpeg
train/horse/horse_03454.jpeg,horse,train,SUSPICIOUS_LABEL,340.55,164.13,54.58,0.0009,Arabian camel,0.7223,data/Mid224/train/horse/horse_03454.jpeg
train/horse/horse_03455.jpeg,horse,train,SUSPICIOUS_LABEL,1001.99,137.31,43.03,0.0186,dhole,0.2811,data/Mid224/train/horse/horse_03455.jpeg
train/horse/horse_03461.jpeg,horse,train,SUSPICIOUS_LABEL,219.11,70.54,31.36,0.0079,Arabian camel,0.2194,data/Mid224/train/horse/horse_03461.jpeg
train/horse/horse_03464.jpeg,horse,train,SUSPICIOUS_LABEL,375.65,154.45,68.31,0.0,curly-coated retriever,0.781,data/Mid224/train/horse/horse_03464.jpeg
train/horse/horse_03473.jpeg,horse,train,SUSPICIOUS_LABEL,993.27,156.14,68.98,0.0136,curly-coated retriever,0.3862,data/Mid224/train/horse/horse_03473.jpeg
train/horse/horse_03474.jpeg,horse,train,SUSPICIOUS_LABEL,383.34,130.05,61.77,0.0016,Arabian camel,0.8011,data/Mid224/train/horse/horse_03474.jpeg
train/horse/horse_03477.jpeg,horse,train,SUSPICIOUS_LABEL,1099.97,144.83,67.22,0.0,half track,0.2706,data/Mid224/train/horse/horse_03477.jpeg
train/horse/horse_03478.jpeg,horse,train,SUSPICIOUS_LABEL,541.27,155.67,42.34,0.0001,Arabian camel,0.9638,data/Mid224/train/horse/horse_03478.jpeg
train/horse/horse_03479.jpeg,horse,train,SUSPICIOUS_LABEL,745.56,140.07,47.16,0.0021,bighorn,0.2827,data/Mid224/train/horse/horse_03479.jpeg
train/horse/horse_03480.jpeg,horse,train,SUSPICIOUS_LABEL,850.3,152.05,78.63,0.0122,Great Dane,0.5718,data/Mid224/train/horse/horse_03480.jpeg
train/horse/horse_03481.jpeg,horse,train,SUSPICIOUS_LABEL,1112.48,126.3,79.72,0.0001,Great Dane,0.3092,data/Mid224/train/horse/horse_03481.jpeg
train/horse/horse_03482.jpeg,horse,train,SUSPICIOUS_LABEL,2274.93,92.13,69.47,0.0055,dalmatian,0.5843,data/Mid224/train/horse/horse_03482.jpeg
train/horse/horse_03483.jpeg,horse,train,SUSPICIOUS_LABEL,1205.4,94.63,50.66,0.0016,llama,0.5714,data/Mid224/train/horse/horse_03483.jpeg
train/horse/horse_03495.jpeg,horse,train,SUSPICIOUS_LABEL,1749.75,124.69,74.18,0.0,kuvasz,0.3196,data/Mid224/train/horse/horse_03495.jpeg
train/horse/horse_03498.jpeg,horse,train,UNDEREXPOSED;SUSPICIOUS_LABEL,390.38,32.1,50.98,0.0004,Great Dane,0.3732,data/Mid224/train/horse/horse_03498.jpeg
train/horse/horse_03501.jpeg,horse,train,SUSPICIOUS_LABEL,2504.97,106.94,67.19,0.0014,horse cart,0.3054,data/Mid224/train/horse/horse_03501.jpeg
train/horse/horse_03502.jpeg,horse,train,SUSPICIOUS_LABEL,601.75,159.92,46.71,0.0,Arabian camel,0.969,data/Mid224/train/horse/horse_03502.jpeg
train/horse/horse_03503.jpeg,horse,train,SUSPICIOUS_LABEL,531.08,64.59,43.7,0.005,Great Dane,0.3126,data/Mid224/train/horse/horse_03503.jpeg
train/horse/horse_03508.jpeg,horse,train,SUSPICIOUS_LABEL,900.53,107.96,85.62,0.0012,Saluki,0.2016,data/Mid224/train/horse/horse_03508.jpeg
train/horse/horse_03509.jpeg,horse,train,SUSPICIOUS_LABEL,304.7,133.8,52.28,0.0042,Arabian camel,0.8478,data/Mid224/train/horse/horse_03509.jpeg
train/horse/horse_03510.jpeg,horse,train,SUSPICIOUS_LABEL,1194.68,139.77,71.44,0.0023,kuvasz,0.5597,data/Mid224/train/horse/horse_03510.jpeg
train/horse/horse_03511.jpeg,horse,train,UNDEREXPOSED;SUSPICIOUS_LABEL,230.93,33.72,50.18,0.0,American Staffordshire terrier,0.2979,data/Mid224/train/horse/horse_03511.jpeg
train/horse/horse_03512.jpeg,horse,train,SUSPICIOUS_LABEL,667.31,114.08,53.82,0.0005,Irish wolfhound,0.3262,data/Mid224/train/horse/horse_03512.jpeg
train/horse/horse_03514.jpeg,horse,train,SUSPICIOUS_LABEL,1939.39,162.2,66.11,0.0419,hartebeest,0.487,data/Mid224/train/horse/horse_03514.jpeg
train/horse/horse_03515.jpeg,horse,train,SUSPICIOUS_LABEL,1647.36,142.51,57.76,0.0401,hartebeest,0.2389,data/Mid224/train/horse/horse_03515.jpeg
train/horse/horse_03516.jpeg,horse,train,SUSPICIOUS_LABEL,909.01,85.03,67.58,0.0,curly-coated retriever,0.2983,data/Mid224/train/horse/horse_03516.jpeg
train/horse/horse_03518.jpeg,horse,train,SUSPICIOUS_LABEL,463.78,109.15,67.64,0.0,kuvasz,0.2755,data/Mid224/train/horse/horse_03518.jpeg
train/horse/horse_03520.jpeg,horse,train,SUSPICIOUS_LABEL,343.33,145.04,52.85,0.0049,hartebeest,0.6919,data/Mid224/train/horse/horse_03520.jpeg
train/horse/horse_03523.jpeg,horse,train,SUSPICIOUS_LABEL,1049.2,188.36,46.6,0.0003,dalmatian,0.4248,data/Mid224/train/horse/horse_03523.jpeg
train/horse/horse_03524.jpeg,horse,train,SUSPICIOUS_LABEL,906.05,167.65,65.3,0.0011,hartebeest,0.2014,data/Mid224/train/horse/horse_03524.jpeg
train/horse/horse_03526.jpeg,horse,train,SUSPICIOUS_LABEL,905.27,130.08,61.97,0.0,curly-coated retriever,0.262,data/Mid224/train/horse/horse_03526.jpeg
train/horse/horse_03529.jpeg,horse,train,SUSPICIOUS_LABEL,878.11,119.66,64.84,0.0081,black-and-tan coonhound,0.5737,data/Mid224/train/horse/horse_03529.jpeg
train/horse/horse_03530.jpeg,horse,train,SUSPICIOUS_LABEL,871.68,125.51,46.74,0.0,black-and-tan coonhound,0.3603,data/Mid224/train/horse/horse_03530.jpeg
train/horse/horse_03534.jpeg,horse,train,SUSPICIOUS_LABEL,1006.97,116.79,46.38,0.0196,bighorn,0.3049,data/Mid224/train/horse/horse_03534.jpeg
train/horse/horse_03536.jpeg,horse,train,SUSPICIOUS_LABEL,1087.82,114.28,62.83,0.0319,bearskin,0.4572,data/Mid224/train/horse/horse_03536.jpeg
train/horse/horse_03540.jpeg,horse,train,SUSPICIOUS_LABEL,497.76,106.7,52.81,0.0004,parallel bars,0.3311,data/Mid224/train/horse/horse_03540.jpeg
train/horse/horse_03543.jpeg,horse,train,SUSPICIOUS_LABEL,478.78,107.98,41.41,0.0027,Great Dane,0.2299,data/Mid224/train/horse/horse_03543.jpeg
train/horse/horse_03545.jpeg,horse,train,SUSPICIOUS_LABEL,786.73,113.95,48.63,0.0009,kelpie,0.3352,data/Mid224/train/horse/horse_03545.jpeg
train/horse/horse_03547.jpeg,horse,train,SUSPICIOUS_LABEL,483.74,104.01,47.74,0.0006,Bouvier des Flandres,0.2248,data/Mid224/train/horse/horse_03547.jpeg
train/horse/horse_03548.jpeg,horse,train,SUSPICIOUS_LABEL,3748.8,143.99,78.61,0.0,Labrador retriever,0.3094,data/Mid224/train/horse/horse_03548.jpeg
train/horse/horse_03555.jpeg,horse,train,SUSPICIOUS_LABEL,308.3,113.64,39.9,0.0073,hartebeest,0.2336,data/Mid224/train/horse/horse_03555.jpeg
train/horse/horse_03561.jpeg,horse,train,SUSPICIOUS_LABEL,763.86,144.5,66.82,0.0002,tusker,0.4181,data/Mid224/train/horse/horse_03561.jpeg
train/horse/horse_03564.jpeg,horse,train,SUSPICIOUS_LABEL,701.27,125.01,43.31,0.0029,ski,0.5866,data/Mid224/train/horse/horse_03564.jpeg
train/horse/horse_03567.jpeg,horse,train,SUSPICIOUS_LABEL,705.38,160.25,76.89,0.0002,triceratops,0.6722,data/Mid224/train/horse/horse_03567.jpeg
train/horse/horse_03568.jpeg,horse,train,SUSPICIOUS_LABEL,229.93,182.64,46.91,0.0002,parallel bars,0.3346,data/Mid224/train/horse/horse_03568.jpeg
train/horse/horse_03569.jpeg,horse,train,SUSPICIOUS_LABEL,405.24,105.84,90.17,0.0,academic gown,0.237,data/Mid224/train/horse/horse_03569.jpeg
train/horse/horse_03570.jpeg,horse,train,SUSPICIOUS_LABEL,689.2,119.48,49.06,0.0006,dhole,0.2315,data/Mid224/train/horse/horse_03570.jpeg
train/horse/horse_03571.jpeg,horse,train,SUSPICIOUS_LABEL,1324.8,146.48,64.56,0.0001,book jacket,0.3488,data/Mid224/train/horse/horse_03571.jpeg
train/horse/horse_03573.jpeg,horse,train,SUSPICIOUS_LABEL,1014.82,103.17,53.83,0.0098,Great Dane,0.2072,data/Mid224/train/horse/horse_03573.jpeg
train/horse/horse_03574.jpeg,horse,train,SUSPICIOUS_LABEL,560.32,150.08,51.7,0.0001,Arabian camel,0.9644,data/Mid224/train/horse/horse_03574.jpeg
train/horse/horse_03578.jpeg,horse,train,SUSPICIOUS_LABEL,742.07,135.95,74.82,0.0007,Gordon setter,0.2728,data/Mid224/train/horse/horse_03578.jpeg
train/horse/horse_03584.jpeg,horse,train,SUSPICIOUS_LABEL,558.86,124.53,43.84,0.0163,Arabian camel,0.5598,data/Mid224/train/horse/horse_03584.jpeg
train/horse/horse_03585.jpeg,horse,train,SUSPICIOUS_LABEL,470.79,143.42,34.83,0.0023,ox,0.2457,data/Mid224/train/horse/horse_03585.jpeg
train/horse/horse_03586.jpeg,horse,train,SUSPICIOUS_LABEL,1665.25,162.52,67.72,0.0008,dogsled,0.2268,data/Mid224/train/horse/horse_03586.jpeg
train/horse/horse_03588.jpeg,horse,train,SUSPICIOUS_LABEL,1533.09,122.87,38.9,0.0001,assault rifle,0.408,data/Mid224/train/horse/horse_03588.jpeg
train/horse/horse_03589.jpeg,horse,train,SUSPICIOUS_LABEL,333.58,111.27,60.48,0.0,curly-coated retriever,0.2973,data/Mid224/train/horse/horse_03589.jpeg
train/horse/horse_03591.jpeg,horse,train,SUSPICIOUS_LABEL,961.93,201.49,69.81,0.001,triceratops,0.4973,data/Mid224/train/horse/horse_03591.jpeg
train/horse/horse_03598.jpeg,horse,train,SUSPICIOUS_LABEL,707.28,108.42,56.85,0.0137,Sussex spaniel,0.2683,data/Mid224/train/horse/horse_03598.jpeg
train/horse/horse_03599.jpeg,horse,train,SUSPICIOUS_LABEL,583.4,144.32,66.47,0.0001,kuvasz,0.3476,data/Mid224/train/horse/horse_03599.jpeg
train/horse/horse_03604.jpeg,horse,train,SUSPICIOUS_LABEL,397.57,146.71,39.09,0.001,bighorn,0.5528,data/Mid224/train/horse/horse_03604.jpeg
train/horse/horse_03611.jpeg,horse,train,SUSPICIOUS_LABEL,614.53,133.92,63.71,0.0001,black-and-tan coonhound,0.4242,data/Mid224/train/horse/horse_03611.jpeg
train/horse/horse_03612.jpeg,horse,train,SUSPICIOUS_LABEL,780.95,154.81,65.08,0.0015,flat-coated retriever,0.2066,data/Mid224/train/horse/horse_03612.jpeg
train/horse/horse_03613.jpeg,horse,train,SUSPICIOUS_LABEL,920.25,116.16,78.3,0.0005,Doberman,0.2615,data/Mid224/train/horse/horse_03613.jpeg
train/horse/horse_03615.jpeg,horse,train,SUSPICIOUS_LABEL,739.75,108.37,71.65,0.0007,fur coat,0.2558,data/Mid224/train/horse/horse_03615.jpeg
train/horse/horse_03616.jpeg,horse,train,SUSPICIOUS_LABEL,825.5,142.25,60.93,0.0112,African elephant,0.3583,data/Mid224/train/horse/horse_03616.jpeg
train/horse/horse_03617.jpeg,horse,train,SUSPICIOUS_LABEL,1695.89,83.54,65.0,0.0001,English setter,0.5296,data/Mid224/train/horse/horse_03617.jpeg
train/horse/horse_03618.jpeg,horse,train,SUSPICIOUS_LABEL,1125.77,152.42,57.67,0.0008,studio couch,0.2958,data/Mid224/train/horse/horse_03618.jpeg
train/horse/horse_03619.jpeg,horse,train,SUSPICIOUS_LABEL,823.31,172.88,59.09,0.0018,parallel bars,0.4111,data/Mid224/train/horse/horse_03619.jpeg
train/horse/horse_03620.jpeg,horse,train,SUSPICIOUS_LABEL,443.83,108.65,74.82,0.0003,Kerry blue terrier,0.204,data/Mid224/train/horse/horse_03620.jpeg
train/horse/horse_03623.jpeg,horse,train,SUSPICIOUS_LABEL,635.19,113.18,77.33,0.0001,black-and-tan coonhound,0.5536,data/Mid224/train/horse/horse_03623.jpeg
train/horse/horse_03625.jpeg,horse,train,SUSPICIOUS_LABEL,226.26,132.96,33.37,0.0101,komondor,0.2707,data/Mid224/train/horse/horse_03625.jpeg
train/horse/horse_03635.jpeg,horse,train,SUSPICIOUS_LABEL,529.71,175.62,55.72,0.0025,redbone,0.2658,data/Mid224/train/horse/horse_03635.jpeg
train/horse/horse_03636.jpeg,horse,train,SUSPICIOUS_LABEL,1107.31,137.37,80.51,0.0001,flat-coated retriever,0.4646,data/Mid224/train/horse/horse_03636.jpeg
train/horse/horse_03639.jpeg,horse,train,SUSPICIOUS_LABEL,528.82,102.52,66.85,0.0176,Saluki,0.4347,data/Mid224/train/horse/horse_03639.jpeg
train/horse/horse_03640.jpeg,horse,train,SUSPICIOUS_LABEL,620.61,141.97,48.85,0.0006,curly-coated retriever,0.2249,data/Mid224/train/horse/horse_03640.jpeg
train/horse/horse_03643.jpeg,horse,train,SUSPICIOUS_LABEL,387.56,120.4,51.91,0.0011,Arabian camel,0.3027,data/Mid224/train/horse/horse_03643.jpeg
train/horse/horse_03644.jpeg,horse,train,SUSPICIOUS_LABEL,485.02,126.64,63.1,0.0,curly-coated retriever,0.8738,data/Mid224/train/horse/horse_03644.jpeg
train/horse/horse_03645.jpeg,horse,train,SUSPICIOUS_LABEL,396.58,160.27,49.88,0.0092,Arabian camel,0.4272,data/Mid224/train/horse/horse_03645.jpeg
train/horse/horse_03647.jpeg,horse,train,SUSPICIOUS_LABEL,3432.71,121.16,63.12,0.001,dalmatian,0.3028,data/Mid224/train/horse/horse_03647.jpeg
train/horse/horse_03649.jpeg,horse,train,SUSPICIOUS_LABEL,308.93,128.27,74.4,0.0001,schipperke,0.2024,data/Mid224/train/horse/horse_03649.jpeg
train/horse/horse_03650.jpeg,horse,train,SUSPICIOUS_LABEL,460.48,115.51,41.37,0.0,bighorn,0.4225,data/Mid224/train/horse/horse_03650.jpeg
train/horse/horse_03651.jpeg,horse,train,SUSPICIOUS_LABEL,508.6,139.15,69.47,0.0,Newfoundland,0.342,data/Mid224/train/horse/horse_03651.jpeg
train/horse/horse_03654.jpeg,horse,train,SUSPICIOUS_LABEL,778.74,94.01,58.68,0.0,solar dish,0.2226,data/Mid224/train/horse/horse_03654.jpeg
train/horse/horse_03655.jpeg,horse,train,SUSPICIOUS_LABEL,1466.2,108.96,62.72,0.0016,Great Dane,0.358,data/Mid224/train/horse/horse_03655.jpeg
train/horse/horse_03657.jpeg,horse,train,SUSPICIOUS_LABEL,311.8,155.11,48.86,0.0042,megalith,0.4243,data/Mid224/train/horse/horse_03657.jpeg
train/horse/horse_03660.jpeg,horse,train,SUSPICIOUS_LABEL,429.61,133.84,42.57,0.0003,Arabian camel,0.9666,data/Mid224/train/horse/horse_03660.jpeg
train/horse/horse_03664.jpeg,horse,train,SUSPICIOUS_LABEL,2378.43,133.38,55.86,0.002,Arabian camel,0.39,data/Mid224/train/horse/horse_03664.jpeg
train/horse/horse_03665.jpeg,horse,train,SUSPICIOUS_LABEL,295.77,121.79,65.3,0.0039,Arabian camel,0.2493,data/Mid224/train/horse/horse_03665.jpeg
train/horse/horse_03669.jpeg,horse,train,SUSPICIOUS_LABEL,392.47,150.35,73.27,0.0182,ibex,0.2339,data/Mid224/train/horse/horse_03669.jpeg
train/horse/horse_03672.jpeg,horse,train,SUSPICIOUS_LABEL,900.5,143.53,85.19,0.0039,ground beetle,0.2757,data/Mid224/train/horse/horse_03672.jpeg
train/horse/horse_03673.jpeg,horse,train,SUSPICIOUS_LABEL,321.53,100.2,33.18,0.0025,gazelle,0.3065,data/Mid224/train/horse/horse_03673.jpeg
train/horse/horse_03674.jpeg,horse,train,SUSPICIOUS_LABEL,1538.12,150.64,78.64,0.0024,Great Dane,0.3172,data/Mid224/train/horse/horse_03674.jpeg
train/horse/horse_03682.jpeg,horse,train,SUSPICIOUS_LABEL,1201.19,88.65,60.18,0.0,Bedlington terrier,0.5085,data/Mid224/train/horse/horse_03682.jpeg
train/horse/horse_03684.jpeg,horse,train,SUSPICIOUS_LABEL,349.17,112.27,55.49,0.0,groenendael,0.6532,data/Mid224/train/horse/horse_03684.jpeg
train/horse/horse_03686.jpeg,horse,train,SUSPICIOUS_LABEL,680.39,127.96,50.71,0.0013,Arabian camel,0.5882,data/Mid224/train/horse/horse_03686.jpeg
train/horse/horse_03689.jpeg,horse,train,SUSPICIOUS_LABEL,544.41,77.66,34.23,0.0,Great Dane,0.3343,data/Mid224/train/horse/horse_03689.jpeg
train/horse/horse_03693.jpeg,horse,train,SUSPICIOUS_LABEL,480.38,147.92,50.25,0.0148,German short-haired pointer,0.4248,data/Mid224/train/horse/horse_03693.jpeg
train/horse/horse_03694.jpeg,horse,train,SUSPICIOUS_LABEL,836.96,141.09,46.9,0.0223,gazelle,0.5834,data/Mid224/train/horse/horse_03694.jpeg
train/horse/horse_03700.jpeg,horse,train,SUSPICIOUS_LABEL,1343.58,125.36,72.18,0.0115,horse cart,0.519,data/Mid224/train/horse/horse_03700.jpeg
train/horse/horse_03702.jpeg,horse,train,SUSPICIOUS_LABEL,523.58,69.54,65.14,0.0,Bedlington terrier,0.3994,data/Mid224/train/horse/horse_03702.jpeg
train/horse/horse_03705.jpeg,horse,train,SUSPICIOUS_LABEL,350.34,102.9,56.26,0.0,black-and-tan coonhound,0.302,data/Mid224/train/horse/horse_03705.jpeg
train/horse/horse_03706.jpeg,horse,train,SUSPICIOUS_LABEL,793.02,89.14,51.26,0.0128,Afghan hound,0.2631,data/Mid224/train/horse/horse_03706.jpeg
train/horse/horse_03708.jpeg,horse,train,SUSPICIOUS_LABEL,1799.15,157.05,58.13,0.0052,Arabian camel,0.8183,data/Mid224/train/horse/horse_03708.jpeg
train/horse/horse_03709.jpeg,horse,train,SUSPICIOUS_LABEL,808.33,115.28,67.75,0.0,Great Dane,0.517,data/Mid224/train/horse/horse_03709.jpeg
train/horse/horse_03713.jpeg,horse,train,SUSPICIOUS_LABEL,729.32,158.11,36.53,0.0027,ibex,0.3526,data/Mid224/train/horse/horse_03713.jpeg
train/horse/horse_03714.jpeg,horse,train,SUSPICIOUS_LABEL,2630.63,112.93,60.02,0.0015,oxcart,0.2133,data/Mid224/train/horse/horse_03714.jpeg
train/horse/horse_03716.jpeg,horse,train,SUSPICIOUS_LABEL,457.48,66.85,73.1,0.0018,Bedlington terrier,0.219,data/Mid224/train/horse/horse_03716.jpeg
train/horse/horse_03717.jpeg,horse,train,SUSPICIOUS_LABEL,244.35,136.96,52.38,0.0004,hartebeest,0.5151,data/Mid224/train/horse/horse_03717.jpeg
train/horse/horse_03720.jpeg,horse,train,SUSPICIOUS_LABEL,885.7,158.3,64.58,0.0089,oxcart,0.2252,data/Mid224/train/horse/horse_03720.jpeg
train/horse/horse_03722.jpeg,horse,train,SUSPICIOUS_LABEL,1075.34,119.22,67.64,0.0006,black-and-tan coonhound,0.2754,data/Mid224/train/horse/horse_03722.jpeg
train/horse/horse_03725.jpeg,horse,train,SUSPICIOUS_LABEL,349.05,100.76,69.58,0.0006,kuvasz,0.2946,data/Mid224/train/horse/horse_03725.jpeg
train/horse/horse_03726.jpeg,horse,train,SUSPICIOUS_LABEL,866.09,143.51,67.21,0.0001,German short-haired pointer,0.5784,data/Mid224/train/horse/horse_03726.jpeg
train/horse/horse_03727.jpeg,horse,train,SUSPICIOUS_LABEL,2469.22,110.97,57.5,0.0046,bloodhound,0.36,data/Mid224/train/horse/horse_03727.jpeg
train/horse/horse_03728.jpeg,horse,train,SUSPICIOUS_LABEL,463.07,109.52,49.35,0.003,Great Dane,0.4628,data/Mid224/train/horse/horse_03728.jpeg
train/horse/horse_03730.jpeg,horse,train,SUSPICIOUS_LABEL,744.83,150.02,57.5,0.0001,Ibizan hound,0.5234,data/Mid224/train/horse/horse_03730.jpeg
train/horse/horse_03732.jpeg,horse,train,SUSPICIOUS_LABEL,624.17,136.99,61.84,0.0044,llama,0.802,data/Mid224/train/horse/horse_03732.jpeg
train/horse/horse_03733.jpeg,horse,train,SUSPICIOUS_LABEL,842.07,159.49,66.67,0.0002,groenendael,0.2489,data/Mid224/train/horse/horse_03733.jpeg
train/horse/horse_03734.jpeg,horse,train,SUSPICIOUS_LABEL,303.91,120.54,42.04,0.0001,Great Dane,0.8262,data/Mid224/train/horse/horse_03734.jpeg
train/horse/horse_03736.jpeg,horse,train,SUSPICIOUS_LABEL,361.77,120.55,77.84,0.0001,submarine,0.2046,data/Mid224/train/horse/horse_03736.jpeg
train/horse/horse_03737.jpeg,horse,train,SUSPICIOUS_LABEL,170.82,132.58,53.4,0.0024,Mexican hairless,0.3873,data/Mid224/train/horse/horse_03737.jpeg
train/horse/horse_03739.jpeg,horse,train,SUSPICIOUS_LABEL,1203.75,77.22,63.55,0.0001,limpkin,0.2012,data/Mid224/train/horse/horse_03739.jpeg
train/horse/horse_03745.jpeg,horse,train,SUSPICIOUS_LABEL,2089.6,179.11,86.41,0.0035,red wolf,0.3063,data/Mid224/train/horse/horse_03745.jpeg
train/horse/horse_03746.jpeg,horse,train,SUSPICIOUS_LABEL,496.09,130.52,60.03,0.0003,cloak,0.2435,data/Mid224/train/horse/horse_03746.jpeg
train/horse/horse_03748.jpeg,horse,train,SUSPICIOUS_LABEL,738.82,158.33,65.2,0.0304,hartebeest,0.2644,data/Mid224/train/horse/horse_03748.jpeg
train/horse/horse_03749.jpeg,horse,train,SUSPICIOUS_LABEL,1094.26,150.37,50.16,0.0006,Afghan hound,0.3626,data/Mid224/train/horse/horse_03749.jpeg
train/horse/horse_03752.jpeg,horse,train,SUSPICIOUS_LABEL,348.69,131.41,54.4,0.0,Afghan hound,0.3275,data/Mid224/train/horse/horse_03752.jpeg
train/horse/horse_03754.jpeg,horse,train,SUSPICIOUS_LABEL,614.03,147.84,72.8,0.0017,oxcart,0.2158,data/Mid224/train/horse/horse_03754.jpeg
train/horse/horse_03762.jpeg,horse,train,SUSPICIOUS_LABEL,990.55,186.85,68.05,0.003,hartebeest,0.4356,data/Mid224/train/horse/horse_03762.jpeg
train/horse/horse_03767.jpeg,horse,train,SUSPICIOUS_LABEL,805.43,102.66,51.26,0.0004,ox,0.5484,data/Mid224/train/horse/horse_03767.jpeg
train/horse/horse_03771.jpeg,horse,train,SUSPICIOUS_LABEL,856.2,123.91,57.61,0.0001,curly-coated retriever,0.22,data/Mid224/train/horse/horse_03771.jpeg
train/horse/horse_03772.jpeg,horse,train,SUSPICIOUS_LABEL,989.73,158.92,55.55,0.0172,Great Dane,0.342,data/Mid224/train/horse/horse_03772.jpeg
train/horse/horse_03774.jpeg,horse,train,SUSPICIOUS_LABEL,1041.96,113.27,55.51,0.0373,gazelle,0.4911,data/Mid224/train/horse/horse_03774.jpeg
train/horse/horse_03776.jpeg,horse,train,SUSPICIOUS_LABEL,316.24,74.68,50.37,0.0026,English foxhound,0.5728,data/Mid224/train/horse/horse_03776.jpeg
train/horse/horse_03777.jpeg,horse,train,SUSPICIOUS_LABEL,958.68,117.84,76.41,0.0001,Great Dane,0.3989,data/Mid224/train/horse/horse_03777.jpeg
train/horse/horse_03780.jpeg,horse,train,SUSPICIOUS_LABEL,273.48,132.57,52.56,0.0,Sealyham terrier,0.4815,data/Mid224/train/horse/horse_03780.jpeg
train/horse/horse_03783.jpeg,horse,train,SUSPICIOUS_LABEL,557.54,137.07,74.07,0.0,flat-coated retriever,0.5741,data/Mid224/train/horse/horse_03783.jpeg
train/horse/horse_03789.jpeg,horse,train,SUSPICIOUS_LABEL,1291.29,98.1,62.29,0.0161,bearskin,0.2422,data/Mid224/train/horse/horse_03789.jpeg
train/horse/horse_03791.jpeg,horse,train,SUSPICIOUS_LABEL,484.73,92.89,37.67,0.0014,Saluki,0.3157,data/Mid224/train/horse/horse_03791.jpeg
train/horse/horse_03794.jpeg,horse,train,SUSPICIOUS_LABEL,767.76,113.52,68.21,0.0,Walker hound,0.3421,data/Mid224/train/horse/horse_03794.jpeg
train/horse/horse_03795.jpeg,horse,train,SUSPICIOUS_LABEL,505.76,124.22,60.76,0.0049,thresher,0.2713,data/Mid224/train/horse/horse_03795.jpeg
train/horse/horse_03796.jpeg,horse,train,SUSPICIOUS_LABEL,446.02,139.2,80.07,0.0006,ox,0.5616,data/Mid224/train/horse/horse_03796.jpeg
train/horse/horse_03798.jpeg,horse,train,SUSPICIOUS_LABEL,808.45,95.5,41.34,0.0001,dalmatian,0.8856,data/Mid224/train/horse/horse_03798.jpeg
train/horse/horse_03800.jpeg,horse,train,SUSPICIOUS_LABEL,630.36,174.59,64.4,0.0,thresher,0.5491,data/Mid224/train/horse/horse_03800.jpeg
train/horse/horse_03807.jpeg,horse,train,SUSPICIOUS_LABEL,261.77,39.04,55.47,0.0018,English foxhound,0.4218,data/Mid224/train/horse/horse_03807.jpeg
train/horse/horse_03808.jpeg,horse,train,SUSPICIOUS_LABEL,172.73,203.92,32.19,0.0002,parallel bars,0.2729,data/Mid224/train/horse/horse_03808.jpeg
train/horse/horse_03810.jpeg,horse,train,SUSPICIOUS_LABEL,753.97,115.46,55.66,0.0,Sealyham terrier,0.3346,data/Mid224/train/horse/horse_03810.jpeg
train/horse/horse_03816.jpeg,horse,train,SUSPICIOUS_LABEL,391.1,134.97,48.53,0.0003,Great Dane,0.6145,data/Mid224/train/horse/horse_03816.jpeg
train/horse/horse_03823.jpeg,horse,train,SUSPICIOUS_LABEL,372.42,118.2,39.37,0.0076,kelpie,0.2438,data/Mid224/train/horse/horse_03823.jpeg
train/horse/horse_03828.jpeg,horse,train,SUSPICIOUS_LABEL,357.44,143.63,45.62,0.038,Arabian camel,0.2097,data/Mid224/train/horse/horse_03828.jpeg
train/horse/horse_03829.jpeg,horse,train,SUSPICIOUS_LABEL,448.2,156.22,83.9,0.0071,cradle,0.3302,data/Mid224/train/horse/horse_03829.jpeg
train/horse/horse_03831.jpeg,horse,train,SUSPICIOUS_LABEL,1325.38,129.18,79.68,0.0011,black-and-tan coonhound,0.2482,data/Mid224/train/horse/horse_03831.jpeg
train/horse/horse_03842.jpeg,horse,train,SUSPICIOUS_LABEL,278.63,157.8,49.13,0.0002,swimming trunks,0.2697,data/Mid224/train/horse/horse_03842.jpeg
train/horse/horse_03843.jpeg,horse,train,SUSPICIOUS_LABEL,540.84,131.91,75.98,0.0001,flat-coated retriever,0.2627,data/Mid224/train/horse/horse_03843.jpeg
train/horse/horse_03846.jpeg,horse,train,SUSPICIOUS_LABEL,1001.91,115.28,43.54,0.0446,red wolf,0.2381,data/Mid224/train/horse/horse_03846.jpeg
train/horse/horse_03848.jpeg,horse,train,SUSPICIOUS_LABEL,498.27,134.58,52.79,0.0007,curly-coated retriever,0.2311,data/Mid224/train/horse/horse_03848.jpeg
train/horse/horse_03850.jpeg,horse,train,SUSPICIOUS_LABEL,3274.13,116.99,63.15,0.0,groenendael,0.2574,data/Mid224/train/horse/horse_03850.jpeg
train/horse/horse_03853.jpeg,horse,train,SUSPICIOUS_LABEL,291.06,183.43,44.04,0.0001,bluetick,0.3679,data/Mid224/train/horse/horse_03853.jpeg
train/horse/horse_03855.jpeg,horse,train,SUSPICIOUS_LABEL,258.25,146.49,23.91,0.0078,hartebeest,0.797,data/Mid224/train/horse/horse_03855.jpeg
train/horse/horse_03857.jpeg,horse,train,SUSPICIOUS_LABEL,428.16,137.0,72.13,0.0123,ice bear,0.2024,data/Mid224/train/horse/horse_03857.jpeg
train/horse/horse_03858.jpeg,horse,train,SUSPICIOUS_LABEL,417.6,176.61,61.38,0.0282,kelpie,0.3099,data/Mid224/train/horse/horse_03858.jpeg
train/horse/horse_03860.jpeg,horse,train,SUSPICIOUS_LABEL,1074.22,139.01,70.34,0.0,standard poodle,0.36,data/Mid224/train/horse/horse_03860.jpeg
train/horse/horse_03861.jpeg,horse,train,SUSPICIOUS_LABEL,406.32,193.41,33.4,0.0024,dhole,0.4129,data/Mid224/train/horse/horse_03861.jpeg
train/horse/horse_03862.jpeg,horse,train,SUSPICIOUS_LABEL,433.98,134.55,52.3,0.0,kuvasz,0.4135,data/Mid224/train/horse/horse_03862.jpeg
train/horse/horse_03863.jpeg,horse,train,SUSPICIOUS_LABEL,550.44,112.23,59.93,0.0169,black-and-tan coonhound,0.2428,data/Mid224/train/horse/horse_03863.jpeg
train/horse/horse_03864.jpeg,horse,train,SUSPICIOUS_LABEL,229.36,150.91,35.15,0.0002,African elephant,0.608,data/Mid224/train/horse/horse_03864.jpeg
train/horse/horse_03865.jpeg,horse,train,SUSPICIOUS_LABEL,393.19,104.37,56.8,0.0098,wire-haired fox terrier,0.3061,data/Mid224/train/horse/horse_03865.jpeg
train/horse/horse_03871.jpeg,horse,train,SUSPICIOUS_LABEL,922.85,81.29,54.18,0.0106,oxcart,0.2848,data/Mid224/train/horse/horse_03871.jpeg
train/horse/horse_03880.jpeg,horse,train,SUSPICIOUS_LABEL,893.41,123.89,56.17,0.014,Mexican hairless,0.5529,data/Mid224/train/horse/horse_03880.jpeg
train/horse/horse_03881.jpeg,horse,train,SUSPICIOUS_LABEL,1547.83,131.99,52.59,0.0001,Ibizan hound,0.5965,data/Mid224/train/horse/horse_03881.jpeg
train/horse/horse_03883.jpeg,horse,train,SUSPICIOUS_LABEL,433.23,149.41,61.88,0.0172,Arabian camel,0.4064,data/Mid224/train/horse/horse_03883.jpeg
train/horse/horse_03885.jpeg,horse,train,SUSPICIOUS_LABEL,574.51,108.24,57.05,0.0002,llama,0.3861,data/Mid224/train/horse/horse_03885.jpeg
train/horse/horse_03889.jpeg,horse,train,SUSPICIOUS_LABEL,788.41,106.44,54.42,0.0092,hog,0.3283,data/Mid224/train/horse/horse_03889.jpeg
train/horse/horse_03890.jpeg,horse,train,SUSPICIOUS_LABEL,545.73,150.56,77.83,0.0004,groenendael,0.3519,data/Mid224/train/horse/horse_03890.jpeg
train/horse/horse_03894.jpeg,horse,train,SUSPICIOUS_LABEL,1847.43,116.53,56.14,0.0104,Arabian camel,0.2398,data/Mid224/train/horse/horse_03894.jpeg
train/horse/horse_03896.jpeg,horse,train,SUSPICIOUS_LABEL,296.98,98.15,39.12,0.0094,Arabian camel,0.2417,data/Mid224/train/horse/horse_03896.jpeg
train/horse/horse_03897.jpeg,horse,train,SUSPICIOUS_LABEL,312.08,94.08,30.81,0.0001,Arctic fox,0.5689,data/Mid224/train/horse/horse_03897.jpeg
train/horse/horse_03898.jpeg,horse,train,SUSPICIOUS_LABEL,942.55,207.85,62.13,0.0029,Scottish deerhound,0.5828,data/Mid224/train/horse/horse_03898.jpeg
train/horse/horse_03900.jpeg,horse,train,SUSPICIOUS_LABEL,648.46,146.08,67.63,0.0011,tusker,0.302,data/Mid224/train/horse/horse_03900.jpeg
train/horse/horse_03902.jpeg,horse,train,SUSPICIOUS_LABEL,682.02,143.58,59.38,0.0,English setter,0.269,data/Mid224/train/horse/horse_03902.jpeg
train/horse/horse_03903.jpeg,horse,train,SUSPICIOUS_LABEL,1223.67,110.26,50.59,0.0006,Afghan hound,0.2594,data/Mid224/train/horse/horse_03903.jpeg
train/horse/horse_03906.jpeg,horse,train,SUSPICIOUS_LABEL,171.42,146.88,30.12,0.0001,English setter,0.2921,data/Mid224/train/horse/horse_03906.jpeg
train/horse/horse_03908.jpeg,horse,train,SUSPICIOUS_LABEL,262.21,168.46,43.13,0.0002,radio telescope,0.2708,data/Mid224/train/horse/horse_03908.jpeg
train/horse/horse_03909.jpeg,horse,train,SUSPICIOUS_LABEL,342.64,113.19,38.68,0.0099,llama,0.2444,data/Mid224/train/horse/horse_03909.jpeg
train/horse/horse_03912.jpeg,horse,train,SUSPICIOUS_LABEL,1120.17,132.04,46.03,0.0,bighorn,0.669,data/Mid224/train/horse/horse_03912.jpeg
train/horse/horse_03915.jpeg,horse,train,SUSPICIOUS_LABEL,786.77,98.69,62.46,0.0006,kuvasz,0.2148,data/Mid224/train/horse/horse_03915.jpeg
train/horse/horse_03916.jpeg,horse,train,SUSPICIOUS_LABEL,506.76,151.19,68.09,0.0002,Saluki,0.2565,data/Mid224/train/horse/horse_03916.jpeg
train/horse/horse_03921.jpeg,horse,train,SUSPICIOUS_LABEL,711.75,164.09,69.59,0.0002,Mexican hairless,0.9481,data/Mid224/train/horse/horse_03921.jpeg
train/horse/horse_03927.jpeg,horse,train,SUSPICIOUS_LABEL,1171.11,127.43,61.44,0.0028,Great Dane,0.8663,data/Mid224/train/horse/horse_03927.jpeg
train/horse/horse_03929.jpeg,horse,train,SUSPICIOUS_LABEL,688.02,122.87,55.34,0.0,komondor,0.2181,data/Mid224/train/horse/horse_03929.jpeg
train/horse/horse_03931.jpeg,horse,train,SUSPICIOUS_LABEL,349.65,179.78,40.01,0.0002,bighorn,0.2201,data/Mid224/train/horse/horse_03931.jpeg
train/horse/horse_03932.jpeg,horse,train,SUSPICIOUS_LABEL,1144.17,108.1,55.24,0.0219,bloodhound,0.3822,data/Mid224/train/horse/horse_03932.jpeg
train/horse/horse_03934.jpeg,horse,train,SUSPICIOUS_LABEL,1049.57,120.66,72.46,0.0001,Scottish deerhound,0.2862,data/Mid224/train/horse/horse_03934.jpeg
train/horse/horse_03936.jpeg,horse,train,SUSPICIOUS_LABEL,443.87,129.64,80.0,0.0126,groenendael,0.2074,data/Mid224/train/horse/horse_03936.jpeg
train/horse/horse_03939.jpeg,horse,train,SUSPICIOUS_LABEL,2036.03,142.4,61.7,0.0117,Arabian camel,0.4242,data/Mid224/train/horse/horse_03939.jpeg
train/horse/horse_03944.jpeg,horse,train,SUSPICIOUS_LABEL,706.95,86.84,51.44,0.0,curly-coated retriever,0.6292,data/Mid224/train/horse/horse_03944.jpeg
train/horse/horse_03945.jpeg,horse,train,SUSPICIOUS_LABEL,954.66,93.04,65.13,0.0004,Ibizan hound,0.5965,data/Mid224/train/horse/horse_03945.jpeg
train/horse/horse_03948.jpeg,horse,train,SUSPICIOUS_LABEL,678.34,105.0,70.51,0.0008,Rottweiler,0.3683,data/Mid224/train/horse/horse_03948.jpeg
train/horse/horse_03949.jpeg,horse,train,SUSPICIOUS_LABEL,692.6,74.1,60.07,0.0048,llama,0.4955,data/Mid224/train/horse/horse_03949.jpeg
train/horse/horse_03954.jpeg,horse,train,SUSPICIOUS_LABEL,800.41,150.19,89.09,0.0127,black-and-tan coonhound,0.3353,data/Mid224/train/horse/horse_03954.jpeg
train/horse/horse_03955.jpeg,horse,train,SUSPICIOUS_LABEL,718.21,96.65,49.82,0.0,Bedlington terrier,0.3576,data/Mid224/train/horse/horse_03955.jpeg
train/horse/horse_03957.jpeg,horse,train,SUSPICIOUS_LABEL,1213.72,115.08,63.38,0.0307,black-and-tan coonhound,0.3781,data/Mid224/train/horse/horse_03957.jpeg
train/horse/horse_03959.jpeg,horse,train,SUSPICIOUS_LABEL,540.89,156.87,30.59,0.0251,bloodhound,0.2402,data/Mid224/train/horse/horse_03959.jpeg
train/horse/horse_03962.jpeg,horse,train,SUSPICIOUS_LABEL,462.0,114.5,50.14,0.0233,tusker,0.5654,data/Mid224/train/horse/horse_03962.jpeg
train/horse/horse_03963.jpeg,horse,train,SUSPICIOUS_LABEL,442.91,141.09,41.16,0.0076,Arabian camel,0.5138,data/Mid224/train/horse/horse_03963.jpeg
train/horse/horse_03964.jpeg,horse,train,SUSPICIOUS_LABEL,1549.44,154.47,60.37,0.0093,dalmatian,0.5436,data/Mid224/train/horse/horse_03964.jpeg
train/horse/horse_03966.jpeg,horse,train,SUSPICIOUS_LABEL,1165.57,197.47,80.11,0.0058,black-and-tan coonhound,0.4716,data/Mid224/train/horse/horse_03966.jpeg
train/horse/horse_03967.jpeg,horse,train,SUSPICIOUS_LABEL,564.15,178.4,57.39,0.0022,ox,0.2332,data/Mid224/train/horse/horse_03967.jpeg
train/horse/horse_03968.jpeg,horse,train,SUSPICIOUS_LABEL,579.19,131.85,66.25,0.0093,Arabian camel,0.5509,data/Mid224/train/horse/horse_03968.jpeg
train/horse/horse_03969.jpeg,horse,train,SUSPICIOUS_LABEL,666.51,149.43,48.8,0.0115,Great Dane,0.2413,data/Mid224/train/horse/horse_03969.jpeg
train/horse/horse_03978.jpeg,horse,train,SUSPICIOUS_LABEL,571.9,108.7,49.89,0.0006,Great Dane,0.5188,data/Mid224/train/horse/horse_03978.jpeg
train/horse/horse_03979.jpeg,horse,train,SUSPICIOUS_LABEL,598.93,126.07,39.54,0.0061,Arabian camel,0.3684,data/Mid224/train/horse/horse_03979.jpeg
train/horse/horse_03985.jpeg,horse,train,SUSPICIOUS_LABEL,1518.06,86.08,46.6,0.0111,jinrikisha,0.2861,data/Mid224/train/horse/horse_03985.jpeg
train/horse/horse_03986.jpeg,horse,train,SUSPICIOUS_LABEL,307.49,95.49,56.98,0.0001,milk can,0.3468,data/Mid224/train/horse/horse_03986.jpeg
train/horse/horse_03990.jpeg,horse,train,SUSPICIOUS_LABEL,645.29,107.85,81.38,0.0007,curly-coated retriever,0.38,data/Mid224/train/horse/horse_03990.jpeg
train/horse/horse_03994.jpeg,horse,train,SUSPICIOUS_LABEL,709.1,122.78,79.41,0.001,black-and-tan coonhound,0.276,data/Mid224/train/horse/horse_03994.jpeg
train/horse/horse_04000.jpeg,horse,train,SUSPICIOUS_LABEL,928.98,157.99,75.21,0.0002,triceratops,0.4703,data/Mid224/train/horse/horse_04000.jpeg
train/horse/horse_04004.jpeg,horse,train,SUSPICIOUS_LABEL,566.56,103.99,41.87,0.0007,toy terrier,0.5391,data/Mid224/train/horse/horse_04004.jpeg
train/horse/horse_04005.jpeg,horse,train,SUSPICIOUS_LABEL,514.65,105.84,67.06,0.0001,curly-coated retriever,0.2982,data/Mid224/train/horse/horse_04005.jpeg
train/horse/horse_04010.jpeg,horse,train,SUSPICIOUS_LABEL,881.44,132.41,64.89,0.0014,African elephant,0.3867,data/Mid224/train/horse/horse_04010.jpeg
train/horse/horse_04012.jpeg,horse,train,SUSPICIOUS_LABEL,828.44,159.71,56.24,0.0012,Great Dane,0.3087,data/Mid224/train/horse/horse_04012.jpeg
train/horse/horse_04013.jpeg,horse,train,SUSPICIOUS_LABEL,522.46,171.47,49.6,0.0155,hartebeest,0.2097,data/Mid224/train/horse/horse_04013.jpeg
train/horse/horse_04014.jpeg,horse,train,SUSPICIOUS_LABEL,578.45,100.07,49.44,0.0002,Scottish deerhound,0.7712,data/Mid224/train/horse/horse_04014.jpeg
train/horse/horse_04015.jpeg,horse,train,SUSPICIOUS_LABEL,311.37,161.37,71.54,0.0009,curly-coated retriever,0.438,data/Mid224/train/horse/horse_04015.jpeg
train/horse/horse_04016.jpeg,horse,train,SUSPICIOUS_LABEL,435.12,87.92,40.02,0.0048,Arabian camel,0.2688,data/Mid224/train/horse/horse_04016.jpeg
train/horse/horse_04017.jpeg,horse,train,SUSPICIOUS_LABEL,690.59,95.43,52.02,0.0,giant schnauzer,0.7202,data/Mid224/train/horse/horse_04017.jpeg
train/horse/horse_04018.jpeg,horse,train,SUSPICIOUS_LABEL,637.69,79.37,52.67,0.0,Bedlington terrier,0.2586,data/Mid224/train/horse/horse_04018.jpeg
train/horse/horse_04021.jpeg,horse,train,SUSPICIOUS_LABEL,826.26,115.45,48.99,0.0002,warthog,0.4125,data/Mid224/train/horse/horse_04021.jpeg
train/horse/horse_04024.jpeg,horse,train,SUSPICIOUS_LABEL,679.44,122.3,43.65,0.0018,standard poodle,0.2222,data/Mid224/train/horse/horse_04024.jpeg
train/horse/horse_04028.jpeg,horse,train,SUSPICIOUS_LABEL,1025.53,89.73,82.05,0.0,llama,0.2477,data/Mid224/train/horse/horse_04028.jpeg
train/horse/horse_04029.jpeg,horse,train,SUSPICIOUS_LABEL,747.09,165.06,73.32,0.0007,assault rifle,0.2228,data/Mid224/train/horse/horse_04029.jpeg
train/horse/horse_04030.jpeg,horse,train,SUSPICIOUS_LABEL,473.97,99.5,58.94,0.0,Bedlington terrier,0.7163,data/Mid224/train/horse/horse_04030.jpeg
train/horse/horse_04031.jpeg,horse,train,SUSPICIOUS_LABEL,552.46,147.98,61.9,0.024,African elephant,0.3064,data/Mid224/train/horse/horse_04031.jpeg
train/horse/horse_04033.jpeg,horse,train,SUSPICIOUS_LABEL,405.54,93.9,35.55,0.0,English foxhound,0.5168,data/Mid224/train/horse/horse_04033.jpeg
train/horse/horse_04034.jpeg,horse,train,SUSPICIOUS_LABEL,382.46,141.64,54.32,0.0042,Great Dane,0.3598,data/Mid224/train/horse/horse_04034.jpeg
train/horse/horse_04035.jpeg,horse,train,SUSPICIOUS_LABEL,506.5,92.87,41.86,0.0028,Arabian camel,0.4258,data/Mid224/train/horse/horse_04035.jpeg
train/horse/horse_04036.jpeg,horse,train,SUSPICIOUS_LABEL,556.54,135.98,50.03,0.0001,ox,0.3133,data/Mid224/train/horse/horse_04036.jpeg
train/horse/horse_04038.jpeg,horse,train,SUSPICIOUS_LABEL,805.46,73.76,48.75,0.0008,Saluki,0.6752,data/Mid224/train/horse/horse_04038.jpeg
train/horse/horse_04039.jpeg,horse,train,SUSPICIOUS_LABEL,379.7,86.97,44.23,0.0,Kerry blue terrier,0.4284,data/Mid224/train/horse/horse_04039.jpeg
train/horse/horse_04041.jpeg,horse,train,SUSPICIOUS_LABEL,647.94,157.18,45.4,0.0019,tusker,0.6141,data/Mid224/train/horse/horse_04041.jpeg
train/horse/horse_04042.jpeg,horse,train,SUSPICIOUS_LABEL,856.44,56.13,53.51,0.0003,oxcart,0.5724,data/Mid224/train/horse/horse_04042.jpeg
train/horse/horse_04045.jpeg,horse,train,SUSPICIOUS_LABEL,476.67,126.65,47.8,0.0145,Great Dane,0.3607,data/Mid224/train/horse/horse_04045.jpeg
train/horse/horse_04046.jpeg,horse,train,SUSPICIOUS_LABEL,250.27,167.21,55.47,0.0004,Bedlington terrier,0.6206,data/Mid224/train/horse/horse_04046.jpeg
train/horse/horse_04049.jpeg,horse,train,SUSPICIOUS_LABEL,1544.63,93.38,85.85,0.0069,Great Dane,0.4729,data/Mid224/train/horse/horse_04049.jpeg
train/horse/horse_04051.jpeg,horse,train,SUSPICIOUS_LABEL,589.18,104.27,70.48,0.0007,Great Dane,0.6164,data/Mid224/train/horse/horse_04051.jpeg
train/horse/horse_04053.jpeg,horse,train,SUSPICIOUS_LABEL,703.23,76.32,51.25,0.0,curly-coated retriever,0.6531,data/Mid224/train/horse/horse_04053.jpeg
train/horse/horse_04057.jpeg,horse,train,SUSPICIOUS_LABEL,3087.73,144.05,74.7,0.0024,amphibian,0.2364,data/Mid224/train/horse/horse_04057.jpeg
train/horse/horse_04060.jpeg,horse,train,SUSPICIOUS_LABEL,549.94,118.39,68.76,0.0004,Great Dane,0.446,data/Mid224/train/horse/horse_04060.jpeg
train/horse/horse_04061.jpeg,horse,train,SUSPICIOUS_LABEL,473.97,90.33,36.89,0.0004,bow,0.2649,data/Mid224/train/horse/horse_04061.jpeg
train/horse/horse_04062.jpeg,horse,train,SUSPICIOUS_LABEL,665.89,131.8,60.34,0.0013,Great Dane,0.3091,data/Mid224/train/horse/horse_04062.jpeg
train/horse/horse_04063.jpeg,horse,train,SUSPICIOUS_LABEL,728.06,110.67,56.44,0.0018,Arabian camel,0.936,data/Mid224/train/horse/horse_04063.jpeg
train/horse/horse_04064.jpeg,horse,train,SUSPICIOUS_LABEL,904.34,104.88,58.74,0.0,folding chair,0.5653,data/Mid224/train/horse/horse_04064.jpeg
train/horse/horse_04066.jpeg,horse,train,SUSPICIOUS_LABEL,532.54,115.86,77.94,0.0,snowmobile,0.2184,data/Mid224/train/horse/horse_04066.jpeg
train/horse/horse_04067.jpeg,horse,train,SUSPICIOUS_LABEL,173.11,103.3,58.07,0.0091,Sussex spaniel,0.2894,data/Mid224/train/horse/horse_04067.jpeg
train/horse/horse_04068.jpeg,horse,train,SUSPICIOUS_LABEL,588.9,172.24,81.68,0.0004,kelpie,0.2478,data/Mid224/train/horse/horse_04068.jpeg
train/horse/horse_04070.jpeg,horse,train,SUSPICIOUS_LABEL,429.28,83.76,53.97,0.02,bloodhound,0.4922,data/Mid224/train/horse/horse_04070.jpeg
train/horse/horse_04071.jpeg,horse,train,SUSPICIOUS_LABEL,916.1,110.06,54.96,0.0018,bluetick,0.7018,data/Mid224/train/horse/horse_04071.jpeg
train/horse/horse_04072.jpeg,horse,train,SUSPICIOUS_LABEL,266.47,160.63,57.82,0.0,space shuttle,0.4536,data/Mid224/train/horse/horse_04072.jpeg
train/horse/horse_04073.jpeg,horse,train,SUSPICIOUS_LABEL,531.91,199.5,58.78,0.0004,black-and-tan coonhound,0.4895,data/Mid224/train/horse/horse_04073.jpeg
train/horse/horse_04074.jpeg,horse,train,SUSPICIOUS_LABEL,1099.56,121.82,69.49,0.0051,EntleBucher,0.7809,data/Mid224/train/horse/horse_04074.jpeg
train/horse/horse_04077.jpeg,horse,train,SUSPICIOUS_LABEL,500.29,100.62,53.1,0.0006,black grouse,0.379,data/Mid224/train/horse/horse_04077.jpeg
train/horse/horse_04079.jpeg,horse,train,SUSPICIOUS_LABEL,908.72,124.06,46.01,0.0039,curly-coated retriever,0.2763,data/Mid224/train/horse/horse_04079.jpeg
train/horse/horse_04080.jpeg,horse,train,SUSPICIOUS_LABEL,619.11,131.01,58.9,0.0017,triceratops,0.3213,data/Mid224/train/horse/horse_04080.jpeg
train/horse/horse_04082.jpeg,horse,train,SUSPICIOUS_LABEL,290.61,116.34,83.94,0.0001,Kerry blue terrier,0.3087,data/Mid224/train/horse/horse_04082.jpeg
train/horse/horse_04087.jpeg,horse,train,SUSPICIOUS_LABEL,525.5,181.06,34.74,0.0115,Arabian camel,0.2467,data/Mid224/train/horse/horse_04087.jpeg
train/horse/horse_04088.jpeg,horse,train,SUSPICIOUS_LABEL,1281.44,108.71,72.67,0.0015,bloodhound,0.5313,data/Mid224/train/horse/horse_04088.jpeg
train/horse/horse_04089.jpeg,horse,train,SUSPICIOUS_LABEL,475.49,210.29,32.84,0.0,dalmatian,0.5279,data/Mid224/train/horse/horse_04089.jpeg
train/horse/horse_04090.jpeg,horse,train,SUSPICIOUS_LABEL,665.65,173.54,68.39,0.005,Great Dane,0.451,data/Mid224/train/horse/horse_04090.jpeg
train/horse/horse_04093.jpeg,horse,train,SUSPICIOUS_LABEL,780.49,105.72,55.09,0.003,black-and-tan coonhound,0.7364,data/Mid224/train/horse/horse_04093.jpeg
train/horse/horse_04094.jpeg,horse,train,SUSPICIOUS_LABEL,475.46,191.88,52.62,0.0135,Arabian camel,0.7548,data/Mid224/train/horse/horse_04094.jpeg
train/horse/horse_04097.jpeg,horse,train,SUSPICIOUS_LABEL,262.02,99.33,31.92,0.0003,Bedlington terrier,0.3387,data/Mid224/train/horse/horse_04097.jpeg
train/horse/horse_04098.jpeg,horse,train,SUSPICIOUS_LABEL,761.98,118.06,69.52,0.0006,Ibizan hound,0.5429,data/Mid224/train/horse/horse_04098.jpeg
train/horse/horse_04101.jpeg,horse,train,SUSPICIOUS_LABEL,469.2,105.21,43.08,0.0005,Arabian camel,0.3885,data/Mid224/train/horse/horse_04101.jpeg
train/horse/horse_04104.jpeg,horse,train,SUSPICIOUS_LABEL,653.66,82.58,55.14,0.0003,bighorn,0.6186,data/Mid224/train/horse/horse_04104.jpeg
train/horse/horse_04105.jpeg,horse,train,SUSPICIOUS_LABEL,545.95,171.0,65.28,0.0021,ox,0.3641,data/Mid224/train/horse/horse_04105.jpeg
train/horse/horse_04106.jpeg,horse,train,SUSPICIOUS_LABEL,709.39,124.7,72.92,0.0003,bulletproof vest,0.6076,data/Mid224/train/horse/horse_04106.jpeg
train/horse/horse_04107.jpeg,horse,train,SUSPICIOUS_LABEL,337.23,145.76,47.3,0.0001,tusker,0.8607,data/Mid224/train/horse/horse_04107.jpeg
train/horse/horse_04108.jpeg,horse,train,SUSPICIOUS_LABEL,572.61,195.4,76.16,0.0015,Great Dane,0.4793,data/Mid224/train/horse/horse_04108.jpeg
train/horse/horse_04110.jpeg,horse,train,SUSPICIOUS_LABEL,304.39,82.09,35.18,0.0055,ox,0.2053,data/Mid224/train/horse/horse_04110.jpeg
train/horse/horse_04112.jpeg,horse,train,SUSPICIOUS_LABEL,488.51,156.63,46.03,0.0235,hartebeest,0.3246,data/Mid224/train/horse/horse_04112.jpeg
train/horse/horse_04114.jpeg,horse,train,SUSPICIOUS_LABEL,1363.74,105.09,47.13,0.0097,Doberman,0.2292,data/Mid224/train/horse/horse_04114.jpeg
train/horse/horse_04119.jpeg,horse,train,SUSPICIOUS_LABEL,943.79,130.54,81.48,0.0001,curly-coated retriever,0.403,data/Mid224/train/horse/horse_04119.jpeg
train/horse/horse_04120.jpeg,horse,train,SUSPICIOUS_LABEL,376.37,70.94,54.21,0.006,black-and-tan coonhound,0.2479,data/Mid224/train/horse/horse_04120.jpeg
train/horse/horse_04122.jpeg,horse,train,SUSPICIOUS_LABEL,458.31,122.73,73.85,0.0,steam locomotive,0.2973,data/Mid224/train/horse/horse_04122.jpeg
train/horse/horse_04127.jpeg,horse,train,SUSPICIOUS_LABEL,1001.19,127.88,56.24,0.0013,groenendael,0.2255,data/Mid224/train/horse/horse_04127.jpeg
train/horse/horse_04129.jpeg,horse,train,SUSPICIOUS_LABEL,876.6,91.47,54.04,0.0311,tusker,0.5047,data/Mid224/train/horse/horse_04129.jpeg
train/horse/horse_04136.jpeg,horse,train,SUSPICIOUS_LABEL,348.84,68.89,41.58,0.0179,bloodhound,0.2023,data/Mid224/train/horse/horse_04136.jpeg
train/horse/horse_04146.jpeg,horse,train,OVEREXPOSED;SUSPICIOUS_LABEL,1020.96,221.51,63.0,0.0004,Mexican hairless,0.2805,data/Mid224/train/horse/horse_04146.jpeg
train/horse/horse_04148.jpeg,horse,train,SUSPICIOUS_LABEL,961.67,123.43,58.01,0.0004,Arabian camel,0.9095,data/Mid224/train/horse/horse_04148.jpeg
train/horse/horse_04149.jpeg,horse,train,SUSPICIOUS_LABEL,414.45,80.72,49.96,0.0015,curly-coated retriever,0.4333,data/Mid224/train/horse/horse_04149.jpeg
train/horse/horse_04153.jpeg,horse,train,SUSPICIOUS_LABEL,815.8,182.27,78.36,0.0,curly-coated retriever,0.2059,data/Mid224/train/horse/horse_04153.jpeg
train/horse/horse_04154.jpeg,horse,train,SUSPICIOUS_LABEL,1233.73,119.62,53.21,0.0019,Great Dane,0.5624,data/Mid224/train/horse/horse_04154.jpeg
train/horse/horse_04155.jpeg,horse,train,SUSPICIOUS_LABEL,380.21,139.48,66.97,0.0011,ox,0.4966,data/Mid224/train/horse/horse_04155.jpeg
train/horse/horse_04159.jpeg,horse,train,SUSPICIOUS_LABEL,2554.59,119.1,71.92,0.0236,German short-haired pointer,0.3618,data/Mid224/train/horse/horse_04159.jpeg
train/horse/horse_04161.jpeg,horse,train,SUSPICIOUS_LABEL,684.82,130.75,60.79,0.0003,Bedlington terrier,0.5218,data/Mid224/train/horse/horse_04161.jpeg
train/horse/horse_04162.jpeg,horse,train,SUSPICIOUS_LABEL,751.07,114.52,62.56,0.0002,Saluki,0.5802,data/Mid224/train/horse/horse_04162.jpeg
train/horse/horse_04163.jpeg,horse,train,SUSPICIOUS_LABEL,645.35,148.01,48.18,0.0007,ski,0.3271,data/Mid224/train/horse/horse_04163.jpeg
train/horse/horse_04164.jpeg,horse,train,SUSPICIOUS_LABEL,412.11,151.31,78.97,0.0019,Doberman,0.3355,data/Mid224/train/horse/horse_04164.jpeg
train/horse/horse_04165.jpeg,horse,train,SUSPICIOUS_LABEL,448.44,103.16,64.66,0.0,groenendael,0.2924,data/Mid224/train/horse/horse_04165.jpeg
train/horse/horse_04166.jpeg,horse,train,SUSPICIOUS_LABEL,265.73,93.35,38.43,0.002,hartebeest,0.7616,data/Mid224/train/horse/horse_04166.jpeg
train/horse/horse_04171.jpeg,horse,train,SUSPICIOUS_LABEL,1023.3,122.19,53.98,0.0265,kelpie,0.2616,data/Mid224/train/horse/horse_04171.jpeg
train/horse/horse_04172.jpeg,horse,train,OVEREXPOSED;SUSPICIOUS_LABEL,1435.89,227.8,49.1,0.0007,dalmatian,0.4149,data/Mid224/train/horse/horse_04172.jpeg
train/horse/horse_04176.jpeg,horse,train,SUSPICIOUS_LABEL,437.74,147.07,62.76,0.0001,curly-coated retriever,0.4549,data/Mid224/train/horse/horse_04176.jpeg
train/horse/horse_04180.jpeg,horse,train,SUSPICIOUS_LABEL,872.81,108.77,63.33,0.0054,kuvasz,0.2816,data/Mid224/train/horse/horse_04180.jpeg
train/horse/horse_04183.jpeg,horse,train,SUSPICIOUS_LABEL,631.08,142.96,44.64,0.0017,warthog,0.2468,data/Mid224/train/horse/horse_04183.jpeg
train/horse/horse_04185.jpeg,horse,train,SUSPICIOUS_LABEL,815.57,122.05,65.4,0.0015,flat-coated retriever,0.2766,data/Mid224/train/horse/horse_04185.jpeg
train/horse/horse_04186.jpeg,horse,train,SUSPICIOUS_LABEL,954.2,81.86,55.81,0.0014,EntleBucher,0.2042,data/Mid224/train/horse/horse_04186.jpeg
train/horse/horse_04188.jpeg,horse,train,SUSPICIOUS_LABEL,615.62,114.93,48.33,0.0003,kuvasz,0.3263,data/Mid224/train/horse/horse_04188.jpeg
train/horse/horse_04191.jpeg,horse,train,SUSPICIOUS_LABEL,771.73,101.74,42.37,0.0004,worm fence,0.8515,data/Mid224/train/horse/horse_04191.jpeg
train/horse/horse_04199.jpeg,horse,train,SUSPICIOUS_LABEL,267.05,148.25,66.11,0.0002,tusker,0.5132,data/Mid224/train/horse/horse_04199.jpeg
train/horse/horse_04200.jpeg,horse,train,SUSPICIOUS_LABEL,1005.1,110.4,65.14,0.0,black-and-tan coonhound,0.4882,data/Mid224/train/horse/horse_04200.jpeg
train/horse/horse_04202.jpeg,horse,train,SUSPICIOUS_LABEL,889.19,110.45,45.03,0.013,standard poodle,0.311,data/Mid224/train/horse/horse_04202.jpeg
train/horse/horse_04205.jpeg,horse,train,SUSPICIOUS_LABEL,393.98,146.12,69.38,0.0006,curly-coated retriever,0.4197,data/Mid224/train/horse/horse_04205.jpeg
train/horse/horse_04206.jpeg,horse,train,SUSPICIOUS_LABEL,434.72,121.8,64.62,0.0002,Great Dane,0.3673,data/Mid224/train/horse/horse_04206.jpeg
train/horse/horse_04207.jpeg,horse,train,SUSPICIOUS_LABEL,314.7,116.37,37.34,0.002,worm fence,0.2006,data/Mid224/train/horse/horse_04207.jpeg
train/horse/horse_04208.jpeg,horse,train,SUSPICIOUS_LABEL,1030.71,121.25,62.75,0.0004,curly-coated retriever,0.2194,data/Mid224/train/horse/horse_04208.jpeg
train/horse/horse_04210.jpeg,horse,train,SUSPICIOUS_LABEL,359.6,99.74,51.14,0.0,Great Dane,0.6312,data/Mid224/train/horse/horse_04210.jpeg
train/horse/horse_04214.jpeg,horse,train,SUSPICIOUS_LABEL,655.6,120.7,56.84,0.0004,tusker,0.6538,data/Mid224/train/horse/horse_04214.jpeg
train/horse/horse_04215.jpeg,horse,train,SUSPICIOUS_LABEL,1763.86,138.9,46.43,0.0002,Labrador retriever,0.232,data/Mid224/train/horse/horse_04215.jpeg
train/horse/horse_04217.jpeg,horse,train,SUSPICIOUS_LABEL,306.42,146.89,64.81,0.0002,black-and-tan coonhound,0.2699,data/Mid224/train/horse/horse_04217.jpeg
train/horse/horse_04219.jpeg,horse,train,SUSPICIOUS_LABEL,457.44,71.45,41.48,0.0072,oxcart,0.2696,data/Mid224/train/horse/horse_04219.jpeg
train/horse/horse_04220.jpeg,horse,train,SUSPICIOUS_LABEL,1124.58,88.82,69.53,0.0001,borzoi,0.5311,data/Mid224/train/horse/horse_04220.jpeg
train/horse/horse_04221.jpeg,horse,train,SUSPICIOUS_LABEL,851.47,107.68,71.55,0.012,Great Dane,0.3075,data/Mid224/train/horse/horse_04221.jpeg
train/horse/horse_04222.jpeg,horse,train,SUSPICIOUS_LABEL,890.16,122.88,58.71,0.0033,bighorn,0.324,data/Mid224/train/horse/horse_04222.jpeg
train/horse/horse_04223.jpeg,horse,train,SUSPICIOUS_LABEL,1214.46,150.08,95.05,0.0085,half track,0.2674,data/Mid224/train/horse/horse_04223.jpeg
train/horse/horse_04225.jpeg,horse,train,SUSPICIOUS_LABEL,832.55,124.91,71.8,0.0155,EntleBucher,0.5104,data/Mid224/train/horse/horse_04225.jpeg
train/horse/horse_04226.jpeg,horse,train,SUSPICIOUS_LABEL,710.33,126.22,73.01,0.031,black-and-tan coonhound,0.2821,data/Mid224/train/horse/horse_04226.jpeg
train/horse/horse_04230.jpeg,horse,train,SUSPICIOUS_LABEL,833.19,143.85,43.88,0.0037,book jacket,0.3133,data/Mid224/train/horse/horse_04230.jpeg
train/horse/horse_04237.jpeg,horse,train,SUSPICIOUS_LABEL,300.61,104.77,57.27,0.0206,Arabian camel,0.218,data/Mid224/train/horse/horse_04237.jpeg
train/horse/horse_04240.jpeg,horse,train,SUSPICIOUS_LABEL,455.08,123.41,86.84,0.0019,bulletproof vest,0.2207,data/Mid224/train/horse/horse_04240.jpeg
train/horse/horse_04243.jpeg,horse,train,SUSPICIOUS_LABEL,1027.41,118.4,46.12,0.0098,komondor,0.2152,data/Mid224/train/horse/horse_04243.jpeg
train/horse/horse_04251.jpeg,horse,train,SUSPICIOUS_LABEL,940.05,137.56,75.77,0.0,English setter,0.4274,data/Mid224/train/horse/horse_04251.jpeg
train/horse/horse_04256.jpeg,horse,train,SUSPICIOUS_LABEL,1116.71,127.65,94.49,0.0007,curly-coated retriever,0.3997,data/Mid224/train/horse/horse_04256.jpeg
train/horse/horse_04259.jpeg,horse,train,SUSPICIOUS_LABEL,412.84,119.5,57.63,0.0008,black-and-tan coonhound,0.304,data/Mid224/train/horse/horse_04259.jpeg
train/horse/horse_04267.jpeg,horse,train,SUSPICIOUS_LABEL,348.79,105.99,61.99,0.0002,giant schnauzer,0.2303,data/Mid224/train/horse/horse_04267.jpeg
train/horse/horse_04270.jpeg,horse,train,SUSPICIOUS_LABEL,773.31,147.54,49.75,0.0001,hog,0.348,data/Mid224/train/horse/horse_04270.jpeg
train/horse/horse_04271.jpeg,horse,train,SUSPICIOUS_LABEL,372.52,119.03,46.79,0.0042,English foxhound,0.2271,data/Mid224/train/horse/horse_04271.jpeg
train/horse/horse_04272.jpeg,horse,train,SUSPICIOUS_LABEL,675.51,103.79,66.84,0.0002,wire-haired fox terrier,0.3075,data/Mid224/train/horse/horse_04272.jpeg
train/horse/horse_04273.jpeg,horse,train,SUSPICIOUS_LABEL,186.96,141.5,48.22,0.0014,Sealyham terrier,0.3522,data/Mid224/train/horse/horse_04273.jpeg
train/horse/horse_04276.jpeg,horse,train,SUSPICIOUS_LABEL,849.59,71.93,82.9,0.0009,Saluki,0.3017,data/Mid224/train/horse/horse_04276.jpeg
train/horse/horse_04279.jpeg,horse,train,SUSPICIOUS_LABEL,1187.18,105.01,58.59,0.0003,Scottish deerhound,0.358,data/Mid224/train/horse/horse_04279.jpeg
train/horse/horse_04282.jpeg,horse,train,SUSPICIOUS_LABEL,567.68,152.89,52.88,0.0015,Lakeland terrier,0.3405,data/Mid224/train/horse/horse_04282.jpeg
train/horse/horse_04286.jpeg,horse,train,SUSPICIOUS_LABEL,757.62,149.53,86.45,0.0008,Great Dane,0.5194,data/Mid224/train/horse/horse_04286.jpeg
train/horse/horse_04287.jpeg,horse,train,SUSPICIOUS_LABEL,424.34,117.25,43.01,0.0008,English foxhound,0.2717,data/Mid224/train/horse/horse_04287.jpeg
train/horse/horse_04288.jpeg,horse,train,SUSPICIOUS_LABEL,909.73,154.56,48.38,0.002,hartebeest,0.5318,data/Mid224/train/horse/horse_04288.jpeg
train/horse/horse_04289.jpeg,horse,train,SUSPICIOUS_LABEL,1051.33,188.09,46.69,0.0001,dalmatian,0.3703,data/Mid224/train/horse/horse_04289.jpeg
train/horse/horse_04291.jpeg,horse,train,SUSPICIOUS_LABEL,606.87,152.01,56.04,0.0004,ox,0.3712,data/Mid224/train/horse/horse_04291.jpeg
train/horse/horse_04296.jpeg,horse,train,SUSPICIOUS_LABEL,634.85,134.85,59.39,0.027,tusker,0.204,data/Mid224/train/horse/horse_04296.jpeg
train/horse/horse_04300.jpeg,horse,train,SUSPICIOUS_LABEL,953.6,125.94,52.62,0.0013,Ibizan hound,0.2161,data/Mid224/train/horse/horse_04300.jpeg
train/horse/horse_04303.jpeg,horse,train,SUSPICIOUS_LABEL,226.62,138.03,53.34,0.0022,Bedlington terrier,0.2008,data/Mid224/train/horse/horse_04303.jpeg
train/horse/horse_04304.jpeg,horse,train,SUSPICIOUS_LABEL,766.66,124.31,58.24,0.0017,Great Dane,0.2373,data/Mid224/train/horse/horse_04304.jpeg
train/horse/horse_04305.jpeg,horse,train,SUSPICIOUS_LABEL,389.84,167.35,52.36,0.0064,Arabian camel,0.8105,data/Mid224/train/horse/horse_04305.jpeg
train/horse/horse_04308.jpeg,horse,train,SUSPICIOUS_LABEL,356.47,103.63,64.15,0.0003,ox,0.2106,data/Mid224/train/horse/horse_04308.jpeg
train/horse/horse_04311.jpeg,horse,train,SUSPICIOUS_LABEL,2564.19,110.93,45.61,0.0012,fire screen,0.2707,data/Mid224/train/horse/horse_04311.jpeg
train/horse/horse_04312.jpeg,horse,train,SUSPICIOUS_LABEL,2575.25,117.46,57.01,0.0001,Scottish deerhound,0.4833,data/Mid224/train/horse/horse_04312.jpeg
train/horse/horse_04315.jpeg,horse,train,SUSPICIOUS_LABEL,640.26,99.4,63.62,0.0058,black-and-tan coonhound,0.6195,data/Mid224/train/horse/horse_04315.jpeg
train/horse/horse_04317.jpeg,horse,train,SUSPICIOUS_LABEL,1095.75,126.13,45.02,0.0007,dalmatian,0.6213,data/Mid224/train/horse/horse_04317.jpeg
train/horse/horse_04318.jpeg,horse,train,SUSPICIOUS_LABEL,541.76,72.55,46.48,0.0,standard schnauzer,0.2744,data/Mid224/train/horse/horse_04318.jpeg
train/horse/horse_04319.jpeg,horse,train,SUSPICIOUS_LABEL,1361.37,135.87,72.02,0.0026,Great Dane,0.3279,data/Mid224/train/horse/horse_04319.jpeg
train/horse/horse_04321.jpeg,horse,train,SUSPICIOUS_LABEL,2054.14,120.32,72.04,0.0002,dalmatian,0.8093,data/Mid224/train/horse/horse_04321.jpeg
train/horse/horse_04324.jpeg,horse,train,SUSPICIOUS_LABEL,742.4,122.61,65.98,0.0015,Great Dane,0.3212,data/Mid224/train/horse/horse_04324.jpeg
train/horse/horse_04325.jpeg,horse,train,SUSPICIOUS_LABEL,254.48,82.49,67.04,0.0,Sealyham terrier,0.6644,data/Mid224/train/horse/horse_04325.jpeg
train/horse/horse_04329.jpeg,horse,train,SUSPICIOUS_LABEL,1430.67,99.94,67.73,0.0226,black-and-tan coonhound,0.2601,data/Mid224/train/horse/horse_04329.jpeg
train/horse/horse_04330.jpeg,horse,train,SUSPICIOUS_LABEL,496.99,136.5,49.84,0.0013,Staffordshire bullterrier,0.2328,data/Mid224/train/horse/horse_04330.jpeg
train/horse/horse_04334.jpeg,horse,train,SUSPICIOUS_LABEL,2084.24,112.43,56.72,0.0106,dalmatian,0.5298,data/Mid224/train/horse/horse_04334.jpeg
train/horse/horse_04339.jpeg,horse,train,SUSPICIOUS_LABEL,765.76,149.12,54.62,0.006,ox,0.3832,data/Mid224/train/horse/horse_04339.jpeg
train/horse/horse_04341.jpeg,horse,train,SUSPICIOUS_LABEL,543.7,86.69,62.27,0.0,Sealyham terrier,0.5971,data/Mid224/train/horse/horse_04341.jpeg
train/horse/horse_04344.jpeg,horse,train,SUSPICIOUS_LABEL,852.81,114.75,60.08,0.0184,horse cart,0.2411,data/Mid224/train/horse/horse_04344.jpeg
train/horse/horse_04348.jpeg,horse,train,SUSPICIOUS_LABEL,307.27,168.18,50.84,0.006,black-and-tan coonhound,0.2293,data/Mid224/train/horse/horse_04348.jpeg
train/horse/horse_04349.jpeg,horse,train,SUSPICIOUS_LABEL,436.14,111.15,93.77,0.0014,Ibizan hound,0.251,data/Mid224/train/horse/horse_04349.jpeg
train/horse/horse_04351.jpeg,horse,train,SUSPICIOUS_LABEL,2608.25,129.5,60.25,0.0245,turnstile,0.4003,data/Mid224/train/horse/horse_04351.jpeg
train/horse/horse_04354.jpeg,horse,train,SUSPICIOUS_LABEL,856.2,120.5,61.57,0.0013,tusker,0.4515,data/Mid224/train/horse/horse_04354.jpeg
train/horse/horse_04358.jpeg,horse,train,SUSPICIOUS_LABEL,1324.49,133.58,47.16,0.002,dalmatian,0.3537,data/Mid224/train/horse/horse_04358.jpeg
train/horse/horse_04360.jpeg,horse,train,SUSPICIOUS_LABEL,840.52,168.24,98.24,0.0,curly-coated retriever,0.6805,data/Mid224/train/horse/horse_04360.jpeg
train/horse/horse_04369.jpeg,horse,train,SUSPICIOUS_LABEL,748.16,150.36,47.38,0.0002,bighorn,0.33,data/Mid224/train/horse/horse_04369.jpeg
train/horse/horse_04370.jpeg,horse,train,SUSPICIOUS_LABEL,434.04,125.29,41.65,0.0003,tusker,0.2993,data/Mid224/train/horse/horse_04370.jpeg
train/horse/horse_04371.jpeg,horse,train,SUSPICIOUS_LABEL,392.02,147.05,53.75,0.0051,curly-coated retriever,0.3303,data/Mid224/train/horse/horse_04371.jpeg
train/horse/horse_04373.jpeg,horse,train,SUSPICIOUS_LABEL,820.17,159.31,53.42,0.0,dalmatian,0.4624,data/Mid224/train/horse/horse_04373.jpeg
train/horse/horse_04376.jpeg,horse,train,SUSPICIOUS_LABEL,646.48,109.71,52.65,0.0017,English foxhound,0.5654,data/Mid224/train/horse/horse_04376.jpeg
train/horse/horse_04377.jpeg,horse,train,SUSPICIOUS_LABEL,480.53,119.75,68.73,0.0012,llama,0.4765,data/Mid224/train/horse/horse_04377.jpeg
train/horse/horse_04378.jpeg,horse,train,SUSPICIOUS_LABEL,789.22,130.89,74.91,0.0005,barracouta,0.2373,data/Mid224/train/horse/horse_04378.jpeg
train/horse/horse_04379.jpeg,horse,train,SUSPICIOUS_LABEL,899.62,132.36,37.43,0.0251,dhole,0.4212,data/Mid224/train/horse/horse_04379.jpeg
train/horse/horse_04381.jpeg,horse,train,SUSPICIOUS_LABEL,396.28,128.24,54.86,0.0,curly-coated retriever,0.3663,data/Mid224/train/horse/horse_04381.jpeg
train/horse/horse_04383.jpeg,horse,train,SUSPICIOUS_LABEL,1015.63,126.49,64.6,0.0004,Great Dane,0.3676,data/Mid224/train/horse/horse_04383.jpeg
train/horse/horse_04384.jpeg,horse,train,SUSPICIOUS_LABEL,920.52,88.83,75.72,0.0003,Arabian camel,0.4026,data/Mid224/train/horse/horse_04384.jpeg
train/horse/horse_04387.jpeg,horse,train,SUSPICIOUS_LABEL,123.84,86.43,29.46,0.0007,Arabian camel,0.4152,data/Mid224/train/horse/horse_04387.jpeg
train/horse/horse_04388.jpeg,horse,train,SUSPICIOUS_LABEL,559.11,118.86,65.18,0.0001,groenendael,0.2131,data/Mid224/train/horse/horse_04388.jpeg
train/horse/horse_04390.jpeg,horse,train,SUSPICIOUS_LABEL,532.36,93.24,50.66,0.0,kuvasz,0.4814,data/Mid224/train/horse/horse_04390.jpeg
train/horse/horse_04393.jpeg,horse,train,SUSPICIOUS_LABEL,764.42,96.28,58.9,0.0047,black-and-tan coonhound,0.4649,data/Mid224/train/horse/horse_04393.jpeg
train/horse/horse_04403.jpeg,horse,train,SUSPICIOUS_LABEL,877.09,147.03,80.81,0.0,Kerry blue terrier,0.2475,data/Mid224/train/horse/horse_04403.jpeg
train/horse/horse_04404.jpeg,horse,train,SUSPICIOUS_LABEL,324.48,124.91,33.46,0.0,Norwegian elkhound,0.5227,data/Mid224/train/horse/horse_04404.jpeg
train/horse/horse_04405.jpeg,horse,train,SUSPICIOUS_LABEL,1388.72,95.52,56.18,0.0011,oxcart,0.3825,data/Mid224/train/horse/horse_04405.jpeg
train/horse/horse_04407.jpeg,horse,train,SUSPICIOUS_LABEL,325.97,91.84,57.17,0.0301,ox,0.3888,data/Mid224/train/horse/horse_04407.jpeg
train/horse/horse_04408.jpeg,horse,train,SUSPICIOUS_LABEL,149.66,97.24,34.96,0.0,Mexican hairless,0.7042,data/Mid224/train/horse/horse_04408.jpeg
train/horse/horse_04409.jpeg,horse,train,SUSPICIOUS_LABEL,769.7,114.59,75.0,0.0006,moving van,0.4665,data/Mid224/train/horse/horse_04409.jpeg
train/horse/horse_04410.jpeg,horse,train,SUSPICIOUS_LABEL,770.08,148.86,82.43,0.0002,assault rifle,0.2594,data/Mid224/train/horse/horse_04410.jpeg
train/horse/horse_04411.jpeg,horse,train,SUSPICIOUS_LABEL,390.83,130.63,56.99,0.0002,komondor,0.2082,data/Mid224/train/horse/horse_04411.jpeg
train/horse/horse_04415.jpeg,horse,train,SUSPICIOUS_LABEL,244.87,130.48,33.27,0.0012,brown bear,0.465,data/Mid224/train/horse/horse_04415.jpeg
train/horse/horse_04422.jpeg,horse,train,SUSPICIOUS_LABEL,376.5,158.36,54.71,0.0003,Great Dane,0.2661,data/Mid224/train/horse/horse_04422.jpeg
train/horse/horse_04423.jpeg,horse,train,SUSPICIOUS_LABEL,339.75,186.76,45.03,0.0006,borzoi,0.217,data/Mid224/train/horse/horse_04423.jpeg
train/horse/horse_04424.jpeg,horse,train,SUSPICIOUS_LABEL,314.06,119.89,55.42,0.0058,Arabian camel,0.598,data/Mid224/train/horse/horse_04424.jpeg
train/horse/horse_04428.jpeg,horse,train,SUSPICIOUS_LABEL,232.03,107.42,31.2,0.0024,Arabian camel,0.4481,data/Mid224/train/horse/horse_04428.jpeg
train/horse/horse_04431.jpeg,horse,train,SUSPICIOUS_LABEL,623.96,69.88,58.29,0.0,abaya,0.3292,data/Mid224/train/horse/horse_04431.jpeg
train/horse/horse_04432.jpeg,horse,train,SUSPICIOUS_LABEL,351.96,101.29,58.61,0.0003,ice bear,0.2521,data/Mid224/train/horse/horse_04432.jpeg
train/horse/horse_04433.jpeg,horse,train,SUSPICIOUS_LABEL,372.17,117.12,59.18,0.0001,curly-coated retriever,0.2409,data/Mid224/train/horse/horse_04433.jpeg
train/horse/horse_04435.jpeg,horse,train,SUSPICIOUS_LABEL,396.78,140.72,54.79,0.006,curly-coated retriever,0.3393,data/Mid224/train/horse/horse_04435.jpeg
train/horse/horse_04436.jpeg,horse,train,SUSPICIOUS_LABEL,769.04,138.88,50.02,0.0006,Bedlington terrier,0.223,data/Mid224/train/horse/horse_04436.jpeg
train/horse/horse_04438.jpeg,horse,train,SUSPICIOUS_LABEL,543.93,168.04,61.54,0.0004,Ibizan hound,0.2993,data/Mid224/train/horse/horse_04438.jpeg
train/horse/horse_04445.jpeg,horse,train,SUSPICIOUS_LABEL,1752.14,144.07,72.81,0.0,Great Dane,0.5147,data/Mid224/train/horse/horse_04445.jpeg
train/horse/horse_04446.jpeg,horse,train,SUSPICIOUS_LABEL,779.35,101.06,57.08,0.0094,tusker,0.7151,data/Mid224/train/horse/horse_04446.jpeg
train/horse/horse_04447.jpeg,horse,train,SUSPICIOUS_LABEL,520.31,154.02,51.79,0.0055,oxcart,0.2136,data/Mid224/train/horse/horse_04447.jpeg
train/horse/horse_04448.jpeg,horse,train,SUSPICIOUS_LABEL,388.34,93.45,64.78,0.0207,ox,0.32,data/Mid224/train/horse/horse_04448.jpeg
train/horse/horse_04450.jpeg,horse,train,SUSPICIOUS_LABEL,197.75,145.96,51.48,0.0005,hartebeest,0.3265,data/Mid224/train/horse/horse_04450.jpeg
train/horse/horse_04454.jpeg,horse,train,SUSPICIOUS_LABEL,669.06,130.3,41.08,0.0012,thresher,0.2434,data/Mid224/train/horse/horse_04454.jpeg
train/horse/horse_04456.jpeg,horse,train,SUSPICIOUS_LABEL,505.68,212.82,38.57,0.0,dalmatian,0.3051,data/Mid224/train/horse/horse_04456.jpeg
train/horse/horse_04458.jpeg,horse,train,SUSPICIOUS_LABEL,940.34,83.79,46.81,0.0,curly-coated retriever,0.3132,data/Mid224/train/horse/horse_04458.jpeg
train/horse/horse_04459.jpeg,horse,train,SUSPICIOUS_LABEL,558.33,159.44,59.19,0.0174,Arabian camel,0.4596,data/Mid224/train/horse/horse_04459.jpeg
train/horse/horse_04460.jpeg,horse,train,SUSPICIOUS_LABEL,427.49,159.88,67.58,0.0009,Doberman,0.256,data/Mid224/train/horse/horse_04460.jpeg
train/horse/horse_04461.jpeg,horse,train,SUSPICIOUS_LABEL,1299.34,168.6,74.38,0.0102,overskirt,0.4502,data/Mid224/train/horse/horse_04461.jpeg
train/horse/horse_04463.jpeg,horse,train,SUSPICIOUS_LABEL,550.92,112.66,75.7,0.0,flat-coated retriever,0.2496,data/Mid224/train/horse/horse_04463.jpeg
train/horse/horse_04465.jpeg,horse,train,SUSPICIOUS_LABEL,1087.36,103.58,71.62,0.0007,Great Dane,0.6596,data/Mid224/train/horse/horse_04465.jpeg
train/horse/horse_04468.jpeg,horse,train,SUSPICIOUS_LABEL,158.09,117.62,38.93,0.0012,white wolf,0.3467,data/Mid224/train/horse/horse_04468.jpeg
train/horse/horse_04469.jpeg,horse,train,SUSPICIOUS_LABEL,683.0,132.69,60.74,0.0,English foxhound,0.3012,data/Mid224/train/horse/horse_04469.jpeg
train/horse/horse_04470.jpeg,horse,train,SUSPICIOUS_LABEL,610.03,169.84,76.48,0.0,ox,0.5091,data/Mid224/train/horse/horse_04470.jpeg
train/horse/horse_04478.jpeg,horse,train,SUSPICIOUS_LABEL,804.93,139.62,61.16,0.0001,Scottish deerhound,0.2552,data/Mid224/train/horse/horse_04478.jpeg
train/horse/horse_04481.jpeg,horse,train,SUSPICIOUS_LABEL,401.22,130.33,58.16,0.0003,Bedlington terrier,0.2228,data/Mid224/train/horse/horse_04481.jpeg
train/horse/horse_04483.jpeg,horse,train,SUSPICIOUS_LABEL,751.08,156.97,69.1,0.0045,Arabian camel,0.467,data/Mid224/train/horse/horse_04483.jpeg
train/horse/horse_04486.jpeg,horse,train,SUSPICIOUS_LABEL,621.89,61.26,47.05,0.0063,groenendael,0.2461,data/Mid224/train/horse/horse_04486.jpeg
train/horse/horse_04490.jpeg,horse,train,SUSPICIOUS_LABEL,380.29,95.38,53.74,0.0,Arabian camel,0.2656,data/Mid224/train/horse/horse_04490.jpeg
train/horse/horse_04491.jpeg,horse,train,SUSPICIOUS_LABEL,702.88,111.89,74.88,0.0001,Afghan hound,0.2221,data/Mid224/train/horse/horse_04491.jpeg
train/horse/horse_04492.jpeg,horse,train,SUSPICIOUS_LABEL,239.67,136.15,49.71,0.0004,black grouse,0.3605,data/Mid224/train/horse/horse_04492.jpeg
train/horse/horse_04493.jpeg,horse,train,SUSPICIOUS_LABEL,1044.31,165.08,71.4,0.0,curly-coated retriever,0.4539,data/Mid224/train/horse/horse_04493.jpeg
train/horse/horse_04496.jpeg,horse,train,SUSPICIOUS_LABEL,780.58,89.54,55.67,0.0022,komondor,0.3548,data/Mid224/train/horse/horse_04496.jpeg
train/horse/horse_04498.jpeg,horse,train,SUSPICIOUS_LABEL,2019.41,91.64,50.57,0.0,English setter,0.3839,data/Mid224/train/horse/horse_04498.jpeg
train/horse/horse_04500.jpeg,horse,train,SUSPICIOUS_LABEL,766.12,135.66,50.51,0.0006,hartebeest,0.2813,data/Mid224/train/horse/horse_04500.jpeg
train/horse/horse_04505.jpeg,horse,train,SUSPICIOUS_LABEL,519.67,136.13,40.13,0.0072,German shepherd,0.2163,data/Mid224/train/horse/horse_04505.jpeg
train/horse/horse_04507.jpeg,horse,train,SUSPICIOUS_LABEL,1814.47,142.31,66.62,0.0,bicycle-built-for-two,0.4961,data/Mid224/train/horse/horse_04507.jpeg
train/horse/horse_04508.jpeg,horse,train,SUSPICIOUS_LABEL,268.16,113.34,37.03,0.0028,Arabian camel,0.7419,data/Mid224/train/horse/horse_04508.jpeg
train/horse/horse_04513.jpeg,horse,train,SUSPICIOUS_LABEL,394.27,94.67,38.85,0.0154,Arabian camel,0.5008,data/Mid224/train/horse/horse_04513.jpeg
train/horse/horse_04514.jpeg,horse,train,SUSPICIOUS_LABEL,624.6,177.73,66.66,0.014,Great Dane,0.4611,data/Mid224/train/horse/horse_04514.jpeg
train/horse/horse_04515.jpeg,horse,train,SUSPICIOUS_LABEL,1055.59,118.44,47.1,0.0001,ox,0.2618,data/Mid224/train/horse/horse_04515.jpeg
train/horse/horse_04516.jpeg,horse,train,SUSPICIOUS_LABEL,860.99,127.96,72.01,0.0,flat-coated retriever,0.2036,data/Mid224/train/horse/horse_04516.jpeg
train/horse/horse_04517.jpeg,horse,train,SUSPICIOUS_LABEL,467.94,171.79,68.32,0.0182,dhole,0.2058,data/Mid224/train/horse/horse_04517.jpeg
train/horse/horse_04524.jpeg,horse,train,SUSPICIOUS_LABEL,749.88,120.63,73.05,0.0029,black-and-tan coonhound,0.3348,data/Mid224/train/horse/horse_04524.jpeg
train/horse/horse_04525.jpeg,horse,train,SUSPICIOUS_LABEL,511.12,154.42,72.69,0.0001,curly-coated retriever,0.4672,data/Mid224/train/horse/horse_04525.jpeg
train/horse/horse_04526.jpeg,horse,train,SUSPICIOUS_LABEL,378.93,120.21,42.51,0.0017,container ship,0.2063,data/Mid224/train/horse/horse_04526.jpeg
train/horse/horse_04527.jpeg,horse,train,SUSPICIOUS_LABEL,506.13,143.17,77.71,0.0037,black-and-tan coonhound,0.242,data/Mid224/train/horse/horse_04527.jpeg
train/horse/horse_04528.jpeg,horse,train,SUSPICIOUS_LABEL,433.71,149.25,31.18,0.0026,African elephant,0.5177,data/Mid224/train/horse/horse_04528.jpeg
train/horse/horse_04530.jpeg,horse,train,SUSPICIOUS_LABEL,280.93,120.78,32.43,0.0015,Great Dane,0.2756,data/Mid224/train/horse/horse_04530.jpeg
train/horse/horse_04531.jpeg,horse,train,SUSPICIOUS_LABEL,1570.23,130.77,71.01,0.0001,Great Dane,0.3307,data/Mid224/train/horse/horse_04531.jpeg
train/horse/horse_04537.jpeg,horse,train,SUSPICIOUS_LABEL,240.56,85.43,38.05,0.0002,assault rifle,0.2656,data/Mid224/train/horse/horse_04537.jpeg
train/horse/horse_04541.jpeg,horse,train,SUSPICIOUS_LABEL,438.83,136.72,33.12,0.0014,Arabian camel,0.382,data/Mid224/train/horse/horse_04541.jpeg
train/horse/horse_04546.jpeg,horse,train,SUSPICIOUS_LABEL,954.08,117.32,57.13,0.0302,bloodhound,0.351,data/Mid224/train/horse/horse_04546.jpeg
train/horse/horse_04547.jpeg,horse,train,SUSPICIOUS_LABEL,1155.13,93.27,60.34,0.0117,hartebeest,0.2488,data/Mid224/train/horse/horse_04547.jpeg
train/horse/horse_04549.jpeg,horse,train,SUSPICIOUS_LABEL,824.07,141.32,84.24,0.0,Saluki,0.5167,data/Mid224/train/horse/horse_04549.jpeg
train/horse/horse_04550.jpeg,horse,train,SUSPICIOUS_LABEL,518.47,132.94,70.14,0.0021,Great Dane,0.4955,data/Mid224/train/horse/horse_04550.jpeg
train/horse/horse_04552.jpeg,horse,train,SUSPICIOUS_LABEL,1144.08,119.66,56.05,0.0046,Afghan hound,0.308,data/Mid224/train/horse/horse_04552.jpeg
train/horse/horse_04556.jpeg,horse,train,SUSPICIOUS_LABEL,1429.11,133.47,46.4,0.0368,bighorn,0.5489,data/Mid224/train/horse/horse_04556.jpeg
train/horse/horse_04562.jpeg,horse,train,SUSPICIOUS_LABEL,261.15,138.43,37.75,0.0,parallel bars,0.5619,data/Mid224/train/horse/horse_04562.jpeg
train/horse/horse_04565.jpeg,horse,train,SUSPICIOUS_LABEL,979.95,113.66,47.91,0.0,red fox,0.7236,data/Mid224/train/horse/horse_04565.jpeg
train/horse/horse_04566.jpeg,horse,train,SUSPICIOUS_LABEL,729.77,144.95,39.02,0.0001,English setter,0.4521,data/Mid224/train/horse/horse_04566.jpeg
train/horse/horse_04567.jpeg,horse,train,SUSPICIOUS_LABEL,975.4,166.94,64.39,0.0074,Great Dane,0.3594,data/Mid224/train/horse/horse_04567.jpeg
train/horse/horse_04568.jpeg,horse,train,SUSPICIOUS_LABEL,1019.47,184.98,92.88,0.0008,Great Dane,0.5763,data/Mid224/train/horse/horse_04568.jpeg
train/horse/horse_04570.jpeg,horse,train,SUSPICIOUS_LABEL,1153.91,127.24,59.89,0.0102,Arabian camel,0.6129,data/Mid224/train/horse/horse_04570.jpeg
train/horse/horse_04573.jpeg,horse,train,SUSPICIOUS_LABEL,650.03,91.75,66.99,0.0011,bulletproof vest,0.3665,data/Mid224/train/horse/horse_04573.jpeg
train/horse/horse_04576.jpeg,horse,train,SUSPICIOUS_LABEL,500.88,141.55,43.07,0.0041,Great Dane,0.2127,data/Mid224/train/horse/horse_04576.jpeg
train/horse/horse_04580.jpeg,horse,train,SUSPICIOUS_LABEL,686.25,117.63,57.56,0.0003,groenendael,0.3067,data/Mid224/train/horse/horse_04580.jpeg
train/horse/horse_04583.jpeg,horse,train,SUSPICIOUS_LABEL,695.55,81.38,48.08,0.0,Norwegian elkhound,0.4218,data/Mid224/train/horse/horse_04583.jpeg
train/horse/horse_04584.jpeg,horse,train,SUSPICIOUS_LABEL,326.33,127.74,58.57,0.0011,Mexican hairless,0.4472,data/Mid224/train/horse/horse_04584.jpeg
train/horse/horse_04585.jpeg,horse,train,SUSPICIOUS_LABEL,2413.0,125.43,56.86,0.0033,African elephant,0.3843,data/Mid224/train/horse/horse_04585.jpeg
train/horse/horse_04586.jpeg,horse,train,SUSPICIOUS_LABEL,478.84,108.62,54.09,0.0,curly-coated retriever,0.4216,data/Mid224/train/horse/horse_04586.jpeg
train/horse/horse_04587.jpeg,horse,train,SUSPICIOUS_LABEL,677.39,164.9,53.67,0.0,tusker,0.6991,data/Mid224/train/horse/horse_04587.jpeg
train/horse/horse_04593.jpeg,horse,train,SUSPICIOUS_LABEL,620.05,145.78,67.25,0.0002,dalmatian,0.7336,data/Mid224/train/horse/horse_04593.jpeg
train/horse/horse_04596.jpeg,horse,train,SUSPICIOUS_LABEL,477.36,94.58,49.54,0.0303,vizsla,0.2096,data/Mid224/train/horse/horse_04596.jpeg
train/horse/horse_04598.jpeg,horse,train,SUSPICIOUS_LABEL,695.77,152.79,68.29,0.0001,worm fence,0.5755,data/Mid224/train/horse/horse_04598.jpeg
train/horse/horse_04601.jpeg,horse,train,SUSPICIOUS_LABEL,320.85,139.95,44.1,0.0139,hartebeest,0.2205,data/Mid224/train/horse/horse_04601.jpeg
train/horse/horse_04604.jpeg,horse,train,SUSPICIOUS_LABEL,597.39,155.6,72.72,0.0003,kelpie,0.2099,data/Mid224/train/horse/horse_04604.jpeg
train/horse/horse_04605.jpeg,horse,train,SUSPICIOUS_LABEL,241.2,117.03,22.15,0.0001,hartebeest,0.8034,data/Mid224/train/horse/horse_04605.jpeg
train/horse/horse_04607.jpeg,horse,train,SUSPICIOUS_LABEL,1577.56,111.01,58.64,0.0,steel drum,0.6623,data/Mid224/train/horse/horse_04607.jpeg
train/horse/horse_04609.jpeg,horse,train,SUSPICIOUS_LABEL,589.46,134.2,56.35,0.0001,Ibizan hound,0.3738,data/Mid224/train/horse/horse_04609.jpeg
train/horse/horse_04614.jpeg,horse,train,SUSPICIOUS_LABEL,792.2,168.24,71.31,0.0003,English foxhound,0.4559,data/Mid224/train/horse/horse_04614.jpeg
train/horse/horse_04615.jpeg,horse,train,SUSPICIOUS_LABEL,541.67,128.58,61.4,0.0067,African elephant,0.5919,data/Mid224/train/horse/horse_04615.jpeg
train/horse/horse_04617.jpeg,horse,train,SUSPICIOUS_LABEL,644.91,79.16,45.58,0.0007,Saluki,0.2092,data/Mid224/train/horse/horse_04617.jpeg
train/horse/horse_04621.jpeg,horse,train,SUSPICIOUS_LABEL,1186.44,184.42,61.06,0.0002,Bedlington terrier,0.3758,data/Mid224/train/horse/horse_04621.jpeg
train/horse/horse_04624.jpeg,horse,train,SUSPICIOUS_LABEL,1437.6,96.95,63.13,0.0004,Great Dane,0.2114,data/Mid224/train/horse/horse_04624.jpeg
train/horse/horse_04625.jpeg,horse,train,SUSPICIOUS_LABEL,1119.78,169.62,54.34,0.0047,tusker,0.2588,data/Mid224/train/horse/horse_04625.jpeg
train/horse/horse_04626.jpeg,horse,train,SUSPICIOUS_LABEL,589.06,129.58,46.16,0.0,gazelle,0.4949,data/Mid224/train/horse/horse_04626.jpeg
train/horse/horse_04630.jpeg,horse,train,SUSPICIOUS_LABEL,803.94,144.02,70.38,0.0219,Saluki,0.2159,data/Mid224/train/horse/horse_04630.jpeg
train/horse/horse_04632.jpeg,horse,train,SUSPICIOUS_LABEL,1059.73,93.81,51.39,0.0072,Great Dane,0.7788,data/Mid224/train/horse/horse_04632.jpeg
train/horse/horse_04633.jpeg,horse,train,SUSPICIOUS_LABEL,614.27,183.49,49.93,0.0,komondor,0.509,data/Mid224/train/horse/horse_04633.jpeg
train/horse/horse_04638.jpeg,horse,train,SUSPICIOUS_LABEL,707.22,116.88,86.62,0.0001,borzoi,0.5994,data/Mid224/train/horse/horse_04638.jpeg
train/horse/horse_04640.jpeg,horse,train,SUSPICIOUS_LABEL,875.3,135.56,55.97,0.0047,hartebeest,0.8325,data/Mid224/train/horse/horse_04640.jpeg
train/horse/horse_04642.jpeg,horse,train,SUSPICIOUS_LABEL,1054.13,111.58,59.27,0.0302,Great Dane,0.272,data/Mid224/train/horse/horse_04642.jpeg
train/horse/horse_04643.jpeg,horse,train,SUSPICIOUS_LABEL,1880.86,116.74,67.17,0.0082,proboscis monkey,0.2033,data/Mid224/train/horse/horse_04643.jpeg
train/horse/horse_04647.jpeg,horse,train,SUSPICIOUS_LABEL,474.92,122.91,50.91,0.0015,German short-haired pointer,0.3422,data/Mid224/train/horse/horse_04647.jpeg
train/horse/horse_04649.jpeg,horse,train,SUSPICIOUS_LABEL,305.81,138.41,32.82,0.0005,Bedlington terrier,0.3699,data/Mid224/train/horse/horse_04649.jpeg
train/horse/horse_04650.jpeg,horse,train,SUSPICIOUS_LABEL,423.0,146.78,58.77,0.0022,thresher,0.4484,data/Mid224/train/horse/horse_04650.jpeg
train/horse/horse_04651.jpeg,horse,train,SUSPICIOUS_LABEL,313.6,69.86,46.98,0.0129,bighorn,0.2126,data/Mid224/train/horse/horse_04651.jpeg
train/horse/horse_04654.jpeg,horse,train,SUSPICIOUS_LABEL,569.27,110.55,57.5,0.0006,Great Dane,0.6752,data/Mid224/train/horse/horse_04654.jpeg
train/horse/horse_04657.jpeg,horse,train,SUSPICIOUS_LABEL,2078.57,116.47,48.54,0.0177,hog,0.3358,data/Mid224/train/horse/horse_04657.jpeg
train/horse/horse_04660.jpeg,horse,train,SUSPICIOUS_LABEL,651.56,129.26,72.83,0.0005,ox,0.256,data/Mid224/train/horse/horse_04660.jpeg
train/horse/horse_04661.jpeg,horse,train,SUSPICIOUS_LABEL,891.17,53.13,48.18,0.0001,Scottish deerhound,0.3277,data/Mid224/train/horse/horse_04661.jpeg
train/horse/horse_04662.jpeg,horse,train,SUSPICIOUS_LABEL,390.75,142.45,44.19,0.0003,African elephant,0.5858,data/Mid224/train/horse/horse_04662.jpeg
train/horse/horse_04665.jpeg,horse,train,SUSPICIOUS_LABEL,1107.38,162.79,68.89,0.0015,borzoi,0.2887,data/Mid224/train/horse/horse_04665.jpeg
train/horse/horse_04666.jpeg,horse,train,SUSPICIOUS_LABEL,241.55,98.53,49.53,0.0054,basenji,0.2202,data/Mid224/train/horse/horse_04666.jpeg
train/horse/horse_04667.jpeg,horse,train,SUSPICIOUS_LABEL,823.62,156.71,58.35,0.0085,ox,0.5053,data/Mid224/train/horse/horse_04667.jpeg
train/horse/horse_04669.jpeg,horse,train,SUSPICIOUS_LABEL,608.87,82.85,47.28,0.0012,ox,0.4337,data/Mid224/train/horse/horse_04669.jpeg
train/horse/horse_04671.jpeg,horse,train,SUSPICIOUS_LABEL,540.07,132.35,51.23,0.0003,Great Dane,0.477,data/Mid224/train/horse/horse_04671.jpeg
train/horse/horse_04672.jpeg,horse,train,SUSPICIOUS_LABEL,236.95,114.47,58.38,0.0144,ox,0.2609,data/Mid224/train/horse/horse_04672.jpeg
train/horse/horse_04673.jpeg,horse,train,SUSPICIOUS_LABEL,2323.38,99.92,61.37,0.0068,Great Dane,0.3143,data/Mid224/train/horse/horse_04673.jpeg
train/horse/horse_04674.jpeg,horse,train,SUSPICIOUS_LABEL,761.21,146.17,43.58,0.0004,Sealyham terrier,0.3072,data/Mid224/train/horse/horse_04674.jpeg
train/horse/horse_04679.jpeg,horse,train,SUSPICIOUS_LABEL,816.52,151.23,61.83,0.0006,Great Dane,0.2203,data/Mid224/train/horse/horse_04679.jpeg
train/horse/horse_04681.jpeg,horse,train,SUSPICIOUS_LABEL,422.76,175.17,57.17,0.0021,Great Dane,0.3851,data/Mid224/train/horse/horse_04681.jpeg
train/horse/horse_04682.jpeg,horse,train,SUSPICIOUS_LABEL,2165.7,137.18,59.85,0.0004,comic book,0.3306,data/Mid224/train/horse/horse_04682.jpeg
train/horse/horse_04689.jpeg,horse,train,SUSPICIOUS_LABEL,487.13,132.23,79.23,0.0,curly-coated retriever,0.5162,data/Mid224/train/horse/horse_04689.jpeg
train/horse/horse_04690.jpeg,horse,train,SUSPICIOUS_LABEL,1022.87,75.91,53.46,0.0004,curly-coated retriever,0.781,data/Mid224/train/horse/horse_04690.jpeg
train/horse/horse_04698.jpeg,horse,train,SUSPICIOUS_LABEL,670.37,174.09,49.21,0.0003,dalmatian,0.35,data/Mid224/train/horse/horse_04698.jpeg
train/horse/horse_04704.jpeg,horse,train,SUSPICIOUS_LABEL,491.02,106.1,46.66,0.0019,bighorn,0.24,data/Mid224/train/horse/horse_04704.jpeg
train/horse/horse_04705.jpeg,horse,train,SUSPICIOUS_LABEL,749.8,218.08,33.97,0.0003,dalmatian,0.5217,data/Mid224/train/horse/horse_04705.jpeg
train/horse/horse_04707.jpeg,horse,train,SUSPICIOUS_LABEL,803.96,127.09,46.74,0.0102,hartebeest,0.7642,data/Mid224/train/horse/horse_04707.jpeg
train/horse/horse_04711.jpeg,horse,train,SUSPICIOUS_LABEL,842.47,174.82,43.91,0.0006,Great Dane,0.3766,data/Mid224/train/horse/horse_04711.jpeg
train/horse/horse_04713.jpeg,horse,train,SUSPICIOUS_LABEL,367.7,115.95,35.44,0.0313,Doberman,0.2017,data/Mid224/train/horse/horse_04713.jpeg
train/horse/horse_04717.jpeg,horse,train,SUSPICIOUS_LABEL,802.79,135.17,57.8,0.0001,trailer truck,0.6627,data/Mid224/train/horse/horse_04717.jpeg
train/horse/horse_04718.jpeg,horse,train,SUSPICIOUS_LABEL,865.02,128.55,52.81,0.0003,ox,0.2154,data/Mid224/train/horse/horse_04718.jpeg
train/horse/horse_04719.jpeg,horse,train,SUSPICIOUS_LABEL,1719.28,118.1,71.32,0.0,bearskin,0.7131,data/Mid224/train/horse/horse_04719.jpeg
train/horse/horse_04722.jpeg,horse,train,SUSPICIOUS_LABEL,900.94,76.71,55.19,0.0006,dalmatian,0.7861,data/Mid224/train/horse/horse_04722.jpeg
train/horse/horse_04723.jpeg,horse,train,SUSPICIOUS_LABEL,425.32,136.82,49.84,0.0004,Bedlington terrier,0.2375,data/Mid224/train/horse/horse_04723.jpeg
train/horse/horse_04725.jpeg,horse,train,SUSPICIOUS_LABEL,672.84,100.72,40.1,0.002,killer whale,0.215,data/Mid224/train/horse/horse_04725.jpeg
train/horse/horse_04727.jpeg,horse,train,SUSPICIOUS_LABEL,361.3,179.84,30.62,0.0006,EntleBucher,0.2423,data/Mid224/train/horse/horse_04727.jpeg
train/horse/horse_04728.jpeg,horse,train,SUSPICIOUS_LABEL,442.39,149.59,52.44,0.0173,English foxhound,0.2973,data/Mid224/train/horse/horse_04728.jpeg
train/horse/horse_04730.jpeg,horse,train,SUSPICIOUS_LABEL,2495.27,114.44,58.6,0.0005,English foxhound,0.5722,data/Mid224/train/horse/horse_04730.jpeg
train/horse/horse_04735.jpeg,horse,train,SUSPICIOUS_LABEL,918.37,146.52,45.01,0.0002,Arabian camel,0.3424,data/Mid224/train/horse/horse_04735.jpeg
train/horse/horse_04739.jpeg,horse,train,SUSPICIOUS_LABEL,617.36,125.78,82.25,0.0,groenendael,0.2753,data/Mid224/train/horse/horse_04739.jpeg
train/horse/horse_04740.jpeg,horse,train,SUSPICIOUS_LABEL,338.14,102.02,47.07,0.0025,platypus,0.3018,data/Mid224/train/horse/horse_04740.jpeg
train/horse/horse_04741.jpeg,horse,train,SUSPICIOUS_LABEL,973.52,111.0,56.88,0.0344,Great Dane,0.2074,data/Mid224/train/horse/horse_04741.jpeg
train/horse/horse_04742.jpeg,horse,train,SUSPICIOUS_LABEL,799.17,118.97,66.99,0.003,Scottish deerhound,0.2206,data/Mid224/train/horse/horse_04742.jpeg
train/horse/horse_04744.jpeg,horse,train,SUSPICIOUS_LABEL,762.15,112.28,62.9,0.0,curly-coated retriever,0.2984,data/Mid224/train/horse/horse_04744.jpeg
train/horse/horse_04745.jpeg,horse,train,SUSPICIOUS_LABEL,521.95,132.19,53.21,0.0005,bighorn,0.2446,data/Mid224/train/horse/horse_04745.jpeg
train/horse/horse_04747.jpeg,horse,train,SUSPICIOUS_LABEL,303.78,124.22,31.78,0.0028,Bedlington terrier,0.2898,data/Mid224/train/horse/horse_04747.jpeg
train/horse/horse_04750.jpeg,horse,train,SUSPICIOUS_LABEL,566.23,152.2,78.01,0.0215,Great Dane,0.3618,data/Mid224/train/horse/horse_04750.jpeg
train/horse/horse_04751.jpeg,horse,train,SUSPICIOUS_LABEL,1481.56,132.57,80.3,0.0003,overskirt,0.2099,data/Mid224/train/horse/horse_04751.jpeg
train/horse/horse_04753.jpeg,horse,train,SUSPICIOUS_LABEL,393.31,163.03,36.31,0.0003,Arabian camel,0.7507,data/Mid224/train/horse/horse_04753.jpeg
train/horse/horse_04754.jpeg,horse,train,SUSPICIOUS_LABEL,478.34,118.11,69.23,0.0,curly-coated retriever,0.407,data/Mid224/train/horse/horse_04754.jpeg
train/horse/horse_04756.jpeg,horse,train,UNDEREXPOSED;SUSPICIOUS_LABEL,332.13,30.1,34.97,0.0015,Arabian camel,0.4776,data/Mid224/train/horse/horse_04756.jpeg
train/horse/horse_04757.jpeg,horse,train,SUSPICIOUS_LABEL,1090.46,88.6,63.68,0.0173,basenji,0.2879,data/Mid224/train/horse/horse_04757.jpeg
train/horse/horse_04760.jpeg,horse,train,SUSPICIOUS_LABEL,404.66,111.47,61.44,0.0163,ox,0.3492,data/Mid224/train/horse/horse_04760.jpeg
train/horse/horse_04762.jpeg,horse,train,SUSPICIOUS_LABEL,657.07,65.21,52.48,0.0,borzoi,0.5392,data/Mid224/train/horse/horse_04762.jpeg
train/horse/horse_04764.jpeg,horse,train,SUSPICIOUS_LABEL,717.64,87.28,67.94,0.0007,platypus,0.2294,data/Mid224/train/horse/horse_04764.jpeg
train/horse/horse_04765.jpeg,horse,train,SUSPICIOUS_LABEL,462.63,81.9,52.5,0.0009,Great Dane,0.3047,data/Mid224/train/horse/horse_04765.jpeg
train/horse/horse_04767.jpeg,horse,train,SUSPICIOUS_LABEL,677.88,103.9,63.42,0.0004,ox,0.498,data/Mid224/train/horse/horse_04767.jpeg
train/horse/horse_04774.jpeg,horse,train,SUSPICIOUS_LABEL,308.86,107.1,40.22,0.0002,borzoi,0.2232,data/Mid224/train/horse/horse_04774.jpeg
train/horse/horse_04778.jpeg,horse,train,SUSPICIOUS_LABEL,315.35,44.89,41.46,0.0072,ox,0.2713,data/Mid224/train/horse/horse_04778.jpeg
train/horse/horse_04779.jpeg,horse,train,SUSPICIOUS_LABEL,443.54,138.23,63.16,0.0276,bison,0.2244,data/Mid224/train/horse/horse_04779.jpeg
train/horse/horse_04780.jpeg,horse,train,SUSPICIOUS_LABEL,200.98,91.07,44.87,0.0002,toy terrier,0.6467,data/Mid224/train/horse/horse_04780.jpeg
train/horse/horse_04781.jpeg,horse,train,SUSPICIOUS_LABEL,403.64,143.63,82.63,0.0002,groenendael,0.7721,data/Mid224/train/horse/horse_04781.jpeg
train/horse/horse_04782.jpeg,horse,train,SUSPICIOUS_LABEL,1394.8,176.81,66.59,0.0,Great Dane,0.2582,data/Mid224/train/horse/horse_04782.jpeg
train/horse/horse_04783.jpeg,horse,train,SUSPICIOUS_LABEL,208.17,99.65,39.9,0.0108,ox,0.4083,data/Mid224/train/horse/horse_04783.jpeg
train/horse/horse_04784.jpeg,horse,train,SUSPICIOUS_LABEL,529.72,138.72,70.18,0.0036,kelpie,0.2228,data/Mid224/train/horse/horse_04784.jpeg
train/horse/horse_04785.jpeg,horse,train,SUSPICIOUS_LABEL,1077.9,160.73,63.91,0.0164,ox,0.2248,data/Mid224/train/horse/horse_04785.jpeg
train/horse/horse_04786.jpeg,horse,train,SUSPICIOUS_LABEL,450.97,118.56,61.17,0.0001,standard poodle,0.2034,data/Mid224/train/horse/horse_04786.jpeg
train/horse/horse_04792.jpeg,horse,train,SUSPICIOUS_LABEL,629.75,164.87,72.31,0.0099,kelpie,0.5966,data/Mid224/train/horse/horse_04792.jpeg
train/horse/horse_04795.jpeg,horse,train,SUSPICIOUS_LABEL,359.3,138.97,48.73,0.0001,tusker,0.6406,data/Mid224/train/horse/horse_04795.jpeg
train/horse/horse_04798.jpeg,horse,train,SUSPICIOUS_LABEL,410.47,185.54,36.81,0.0166,dhole,0.3512,data/Mid224/train/horse/horse_04798.jpeg
train/horse/horse_04804.jpeg,horse,train,SUSPICIOUS_LABEL,433.86,110.98,78.68,0.0001,curly-coated retriever,0.2395,data/Mid224/train/horse/horse_04804.jpeg
train/horse/horse_04805.jpeg,horse,train,SUSPICIOUS_LABEL,118.85,138.94,44.52,0.0,Kerry blue terrier,0.5713,data/Mid224/train/horse/horse_04805.jpeg
train/horse/horse_04806.jpeg,horse,train,SUSPICIOUS_LABEL,984.5,116.37,62.5,0.0002,Great Dane,0.3043,data/Mid224/train/horse/horse_04806.jpeg
train/horse/horse_04808.jpeg,horse,train,SUSPICIOUS_LABEL,1190.87,122.75,58.0,0.0001,Great Dane,0.3024,data/Mid224/train/horse/horse_04808.jpeg
train/horse/horse_04812.jpeg,horse,train,SUSPICIOUS_LABEL,1459.36,120.4,45.11,0.0035,German short-haired pointer,0.3733,data/Mid224/train/horse/horse_04812.jpeg
train/horse/horse_04813.jpeg,horse,train,SUSPICIOUS_LABEL,750.95,101.45,47.57,0.025,Ibizan hound,0.3321,data/Mid224/train/horse/horse_04813.jpeg
train/horse/horse_04815.jpeg,horse,train,SUSPICIOUS_LABEL,604.32,97.17,51.08,0.0005,Japanese spaniel,0.2503,data/Mid224/train/horse/horse_04815.jpeg
train/horse/horse_04817.jpeg,horse,train,SUSPICIOUS_LABEL,411.36,135.14,42.32,0.0012,Arabian camel,0.7896,data/Mid224/train/horse/horse_04817.jpeg
train/horse/horse_04818.jpeg,horse,train,SUSPICIOUS_LABEL,573.6,171.67,39.73,0.0002,Arabian camel,0.9321,data/Mid224/train/horse/horse_04818.jpeg
train/horse/horse_04819.jpeg,horse,train,SUSPICIOUS_LABEL,887.88,133.48,63.1,0.0026,Greater Swiss Mountain dog,0.3977,data/Mid224/train/horse/horse_04819.jpeg
train/horse/horse_04820.jpeg,horse,train,SUSPICIOUS_LABEL,708.32,89.97,49.58,0.0001,llama,0.2295,data/Mid224/train/horse/horse_04820.jpeg
train/horse/horse_04821.jpeg,horse,train,SUSPICIOUS_LABEL,687.49,86.13,53.86,0.0006,triceratops,0.2346,data/Mid224/train/horse/horse_04821.jpeg
train/horse/horse_04823.jpeg,horse,train,SUSPICIOUS_LABEL,414.77,42.51,60.13,0.0,bulletproof vest,0.4974,data/Mid224/train/horse/horse_04823.jpeg
train/horse/horse_04824.jpeg,horse,train,SUSPICIOUS_LABEL,1416.04,122.39,62.47,0.0012,Great Dane,0.4209,data/Mid224/train/horse/horse_04824.jpeg
train/horse/horse_04828.jpeg,horse,train,SUSPICIOUS_LABEL,728.27,117.68,53.53,0.0007,tusker,0.4023,data/Mid224/train/horse/horse_04828.jpeg
train/horse/horse_04829.jpeg,horse,train,SUSPICIOUS_LABEL,2126.56,97.36,57.53,0.014,dalmatian,0.2982,data/Mid224/train/horse/horse_04829.jpeg
train/horse/horse_04832.jpeg,horse,train,SUSPICIOUS_LABEL,428.16,35.32,58.01,0.0001,banded gecko,0.2513,data/Mid224/train/horse/horse_04832.jpeg
train/horse/horse_04833.jpeg,horse,train,SUSPICIOUS_LABEL,344.16,86.15,61.57,0.0004,komondor,0.5079,data/Mid224/train/horse/horse_04833.jpeg
train/horse/horse_04838.jpeg,horse,train,SUSPICIOUS_LABEL,602.96,91.99,70.34,0.0002,llama,0.5675,data/Mid224/train/horse/horse_04838.jpeg
train/horse/horse_04841.jpeg,horse,train,SUSPICIOUS_LABEL,503.27,135.51,43.31,0.0003,bighorn,0.3582,data/Mid224/train/horse/horse_04841.jpeg
train/horse/horse_04848.jpeg,horse,train,SUSPICIOUS_LABEL,438.43,167.6,56.14,0.0008,Bedlington terrier,0.2225,data/Mid224/train/horse/horse_04848.jpeg
train/horse/horse_04849.jpeg,horse,train,SUSPICIOUS_LABEL,1037.05,134.45,37.66,0.0056,hartebeest,0.2201,data/Mid224/train/horse/horse_04849.jpeg
train/horse/horse_04852.jpeg,horse,train,SUSPICIOUS_LABEL,551.32,130.78,52.87,0.0009,Bedlington terrier,0.364,data/Mid224/train/horse/horse_04852.jpeg
train/horse/horse_04854.jpeg,horse,train,SUSPICIOUS_LABEL,728.71,128.74,53.2,0.0104,gazelle,0.332,data/Mid224/train/horse/horse_04854.jpeg
train/horse/horse_04855.jpeg,horse,train,SUSPICIOUS_LABEL,398.7,101.89,43.34,0.0271,Mexican hairless,0.2405,data/Mid224/train/horse/horse_04855.jpeg
train/horse/horse_04858.jpeg,horse,train,SUSPICIOUS_LABEL,428.89,133.45,45.93,0.0001,parallel bars,0.4481,data/Mid224/train/horse/horse_04858.jpeg
train/horse/horse_04859.jpeg,horse,train,SUSPICIOUS_LABEL,871.52,106.78,58.66,0.0029,kuvasz,0.5892,data/Mid224/train/horse/horse_04859.jpeg
train/horse/horse_04861.jpeg,horse,train,SUSPICIOUS_LABEL,1364.86,113.23,55.96,0.0082,thatch,0.2694,data/Mid224/train/horse/horse_04861.jpeg
train/horse/horse_04866.jpeg,horse,train,SUSPICIOUS_LABEL,984.19,137.81,50.6,0.0269,worm fence,0.2963,data/Mid224/train/horse/horse_04866.jpeg
train/horse/horse_04870.jpeg,horse,train,SUSPICIOUS_LABEL,455.5,86.8,59.75,0.0001,curly-coated retriever,0.3073,data/Mid224/train/horse/horse_04870.jpeg
train/horse/horse_04871.jpeg,horse,train,SUSPICIOUS_LABEL,567.7,147.55,39.16,0.0003,Bedlington terrier,0.2064,data/Mid224/train/horse/horse_04871.jpeg
train/horse/horse_04872.jpeg,horse,train,SUSPICIOUS_LABEL,552.21,197.79,49.15,0.0096,English foxhound,0.7995,data/Mid224/train/horse/horse_04872.jpeg
train/horse/horse_04876.jpeg,horse,train,SUSPICIOUS_LABEL,589.73,132.4,61.99,0.003,bighorn,0.5299,data/Mid224/train/horse/horse_04876.jpeg
train/horse/horse_04883.jpeg,horse,train,SUSPICIOUS_LABEL,404.66,184.81,32.63,0.0135,Mexican hairless,0.5735,data/Mid224/train/horse/horse_04883.jpeg
train/horse/horse_04886.jpeg,horse,train,SUSPICIOUS_LABEL,599.57,185.31,67.48,0.0069,Arabian camel,0.7107,data/Mid224/train/horse/horse_04886.jpeg
train/horse/horse_04887.jpeg,horse,train,SUSPICIOUS_LABEL,163.79,120.1,34.21,0.0002,tusker,0.2159,data/Mid224/train/horse/horse_04887.jpeg
train/horse/horse_04890.jpeg,horse,train,SUSPICIOUS_LABEL,456.7,105.39,39.49,0.0135,curly-coated retriever,0.2172,data/Mid224/train/horse/horse_04890.jpeg
train/horse/horse_04892.jpeg,horse,train,SUSPICIOUS_LABEL,2985.36,124.88,54.04,0.0001,wombat,0.3662,data/Mid224/train/horse/horse_04892.jpeg
train/horse/horse_04893.jpeg,horse,train,SUSPICIOUS_LABEL,541.11,61.62,66.52,0.0,Labrador retriever,0.2321,data/Mid224/train/horse/horse_04893.jpeg
train/horse/horse_04897.jpeg,horse,train,SUSPICIOUS_LABEL,552.04,132.11,58.82,0.0,kuvasz,0.2437,data/Mid224/train/horse/horse_04897.jpeg
train/horse/horse_04898.jpeg,horse,train,SUSPICIOUS_LABEL,329.53,55.43,46.6,0.0007,curly-coated retriever,0.3547,data/Mid224/train/horse/horse_04898.jpeg
train/horse/horse_04900.jpeg,horse,train,SUSPICIOUS_LABEL,892.13,169.5,73.56,0.0172,Mexican hairless,0.6991,data/Mid224/train/horse/horse_04900.jpeg
train/horse/horse_04913.jpeg,horse,train,SUSPICIOUS_LABEL,511.16,169.7,56.96,0.0004,black-and-tan coonhound,0.2396,data/Mid224/train/horse/horse_04913.jpeg
train/horse/horse_04916.jpeg,horse,train,SUSPICIOUS_LABEL,300.27,170.96,26.44,0.001,parallel bars,0.2162,data/Mid224/train/horse/horse_04916.jpeg
train/horse/horse_04917.jpeg,horse,train,SUSPICIOUS_LABEL,498.52,79.35,50.69,0.0025,Scottish deerhound,0.2493,data/Mid224/train/horse/horse_04917.jpeg
train/horse/horse_04920.jpeg,horse,train,SUSPICIOUS_LABEL,630.6,143.43,61.52,0.0002,African elephant,0.3221,data/Mid224/train/horse/horse_04920.jpeg
train/horse/horse_04921.jpeg,horse,train,SUSPICIOUS_LABEL,666.51,140.72,55.16,0.0002,kuvasz,0.4028,data/Mid224/train/horse/horse_04921.jpeg
train/horse/horse_04926.jpeg,horse,train,SUSPICIOUS_LABEL,1302.0,129.28,68.71,0.0017,Great Dane,0.8634,data/Mid224/train/horse/horse_04926.jpeg
train/horse/horse_04929.jpeg,horse,train,SUSPICIOUS_LABEL,480.21,107.55,78.13,0.0058,dogsled,0.4194,data/Mid224/train/horse/horse_04929.jpeg
train/horse/horse_04931.jpeg,horse,train,SUSPICIOUS_LABEL,614.87,176.04,46.89,0.0024,tusker,0.4484,data/Mid224/train/horse/horse_04931.jpeg
train/horse/horse_04932.jpeg,horse,train,SUSPICIOUS_LABEL,801.0,137.66,52.52,0.0243,Arabian camel,0.2959,data/Mid224/train/horse/horse_04932.jpeg
train/horse/horse_04933.jpeg,horse,train,SUSPICIOUS_LABEL,702.89,148.68,46.31,0.0147,Great Dane,0.5041,data/Mid224/train/horse/horse_04933.jpeg
train/horse/horse_04934.jpeg,horse,train,SUSPICIOUS_LABEL,495.69,114.04,84.52,0.0311,Doberman,0.4079,data/Mid224/train/horse/horse_04934.jpeg
train/horse/horse_04935.jpeg,horse,train,SUSPICIOUS_LABEL,1006.36,191.97,85.49,0.0021,Italian greyhound,0.3643,data/Mid224/train/horse/horse_04935.jpeg
train/horse/horse_04936.jpeg,horse,train,SUSPICIOUS_LABEL,1451.61,103.56,44.97,0.0002,American black bear,0.2678,data/Mid224/train/horse/horse_04936.jpeg
train/horse/horse_04938.jpeg,horse,train,SUSPICIOUS_LABEL,987.72,81.36,52.98,0.0029,Sussex spaniel,0.3376,data/Mid224/train/horse/horse_04938.jpeg
train/horse/horse_04940.jpeg,horse,train,SUSPICIOUS_LABEL,1241.37,105.46,62.94,0.0168,hartebeest,0.3783,data/Mid224/train/horse/horse_04940.jpeg
train/horse/horse_04945.jpeg,horse,train,SUSPICIOUS_LABEL,670.13,86.25,50.47,0.0051,black-and-tan coonhound,0.2172,data/Mid224/train/horse/horse_04945.jpeg
train/horse/horse_04947.jpeg,horse,train,SUSPICIOUS_LABEL,417.86,181.83,58.94,0.0429,dhole,0.2385,data/Mid224/train/horse/horse_04947.jpeg
train/horse/horse_04949.jpeg,horse,train,SUSPICIOUS_LABEL,1267.44,101.07,61.98,0.0,horse cart,0.7506,data/Mid224/train/horse/horse_04949.jpeg
train/horse/horse_04951.jpeg,horse,train,SUSPICIOUS_LABEL,1824.04,70.08,73.25,0.0001,thresher,0.238,data/Mid224/train/horse/horse_04951.jpeg
train/horse/horse_04952.jpeg,horse,train,SUSPICIOUS_LABEL,475.03,106.59,75.82,0.0083,bearskin,0.2427,data/Mid224/train/horse/horse_04952.jpeg
train/horse/horse_04953.jpeg,horse,train,SUSPICIOUS_LABEL,851.68,115.29,56.23,0.0027,curly-coated retriever,0.4628,data/Mid224/train/horse/horse_04953.jpeg
train/horse/horse_04954.jpeg,horse,train,SUSPICIOUS_LABEL,2217.41,98.6,65.5,0.005,oxcart,0.4949,data/Mid224/train/horse/horse_04954.jpeg
train/horse/horse_04957.jpeg,horse,train,SUSPICIOUS_LABEL,513.17,191.76,55.6,0.0226,Mexican hairless,0.3108,data/Mid224/train/horse/horse_04957.jpeg
train/horse/horse_04959.jpeg,horse,train,SUSPICIOUS_LABEL,539.89,125.39,81.49,0.0164,curly-coated retriever,0.3548,data/Mid224/train/horse/horse_04959.jpeg
train/horse/horse_04960.jpeg,horse,train,SUSPICIOUS_LABEL,591.82,102.64,48.59,0.0126,kelpie,0.2287,data/Mid224/train/horse/horse_04960.jpeg
train/horse/horse_04961.jpeg,horse,train,SUSPICIOUS_LABEL,726.28,118.19,64.68,0.0035,Great Dane,0.2543,data/Mid224/train/horse/horse_04961.jpeg
train/horse/horse_04962.jpeg,horse,train,SUSPICIOUS_LABEL,658.63,125.88,61.96,0.0024,triceratops,0.9426,data/Mid224/train/horse/horse_04962.jpeg
train/horse/horse_04964.jpeg,horse,train,SUSPICIOUS_LABEL,364.59,66.99,29.89,0.0004,black stork,0.3594,data/Mid224/train/horse/horse_04964.jpeg
train/horse/horse_04965.jpeg,horse,train,SUSPICIOUS_LABEL,1007.64,102.67,28.35,0.0071,redbone,0.2,data/Mid224/train/horse/horse_04965.jpeg
train/horse/horse_04968.jpeg,horse,train,SUSPICIOUS_LABEL,1524.88,134.7,82.63,0.0048,Mexican hairless,0.2926,data/Mid224/train/horse/horse_04968.jpeg
train/horse/horse_04969.jpeg,horse,train,SUSPICIOUS_LABEL,192.15,138.59,43.39,0.002,hartebeest,0.2588,data/Mid224/train/horse/horse_04969.jpeg
train/horse/horse_04971.jpeg,horse,train,SUSPICIOUS_LABEL,725.15,151.18,49.59,0.0011,Saluki,0.7082,data/Mid224/train/horse/horse_04971.jpeg
train/horse/horse_04976.jpeg,horse,train,SUSPICIOUS_LABEL,569.93,131.01,64.78,0.0,bearskin,0.5066,data/Mid224/train/horse/horse_04976.jpeg
train/horse/horse_04977.jpeg,horse,train,SUSPICIOUS_LABEL,607.69,124.05,48.22,0.025,Rhodesian ridgeback,0.2457,data/Mid224/train/horse/horse_04977.jpeg
train/horse/horse_04978.jpeg,horse,train,SUSPICIOUS_LABEL,1839.94,148.53,71.16,0.0094,groenendael,0.3052,data/Mid224/train/horse/horse_04978.jpeg
train/horse/horse_04979.jpeg,horse,train,SUSPICIOUS_LABEL,1190.74,131.51,43.35,0.0008,German short-haired pointer,0.4486,data/Mid224/train/horse/horse_04979.jpeg
train/horse/horse_04980.jpeg,horse,train,SUSPICIOUS_LABEL,690.7,90.07,74.51,0.0006,curly-coated retriever,0.69,data/Mid224/train/horse/horse_04980.jpeg
train/horse/horse_04981.jpeg,horse,train,SUSPICIOUS_LABEL,709.78,96.38,64.39,0.0001,borzoi,0.4674,data/Mid224/train/horse/horse_04981.jpeg
train/horse/horse_04983.jpeg,horse,train,SUSPICIOUS_LABEL,417.23,91.96,39.74,0.0004,Arabian camel,0.7499,data/Mid224/train/horse/horse_04983.jpeg
train/horse/horse_04985.jpeg,horse,train,SUSPICIOUS_LABEL,902.95,131.4,71.02,0.0,affenpinscher,0.2129,data/Mid224/train/horse/horse_04985.jpeg
train/horse/horse_04986.jpeg,horse,train,SUSPICIOUS_LABEL,465.94,155.38,52.5,0.0091,hartebeest,0.4391,data/Mid224/train/horse/horse_04986.jpeg
train/horse/horse_04989.jpeg,horse,train,SUSPICIOUS_LABEL,853.62,169.62,53.82,0.0027,vizsla,0.2475,data/Mid224/train/horse/horse_04989.jpeg
train/horse/horse_05002.jpeg,horse,train,SUSPICIOUS_LABEL,317.39,112.06,58.05,0.0002,Old English sheepdog,0.2752,data/Mid224/train/horse/horse_05002.jpeg
train/horse/horse_05005.jpeg,horse,train,SUSPICIOUS_LABEL,547.05,145.88,44.2,0.0009,wild boar,0.293,data/Mid224/train/horse/horse_05005.jpeg
train/horse/horse_05006.jpeg,horse,train,SUSPICIOUS_LABEL,476.06,117.99,49.83,0.0117,oxcart,0.4317,data/Mid224/train/horse/horse_05006.jpeg
train/horse/horse_05011.jpeg,horse,train,SUSPICIOUS_LABEL,1041.33,165.83,76.64,0.0062,hartebeest,0.7944,data/Mid224/train/horse/horse_05011.jpeg
train/horse/horse_05018.jpeg,horse,train,SUSPICIOUS_LABEL,384.17,122.47,51.37,0.0003,Great Dane,0.3096,data/Mid224/train/horse/horse_05018.jpeg
train/horse/horse_05023.jpeg,horse,train,SUSPICIOUS_LABEL,301.82,118.01,33.4,0.0019,Arabian camel,0.3859,data/Mid224/train/horse/horse_05023.jpeg
train/horse/horse_05027.jpeg,horse,train,SUSPICIOUS_LABEL,536.38,124.16,65.43,0.0014,Rottweiler,0.3425,data/Mid224/train/horse/horse_05027.jpeg
train/horse/horse_05029.jpeg,horse,train,UNDEREXPOSED,162.7,24.14,26.07,0.0005,prison,0.0375,data/Mid224/train/horse/horse_05029.jpeg
train/horse/horse_05030.jpeg,horse,train,SUSPICIOUS_LABEL,1239.03,114.99,71.69,0.003,Great Dane,0.7066,data/Mid224/train/horse/horse_05030.jpeg
train/horse/horse_05032.jpeg,horse,train,SUSPICIOUS_LABEL,310.07,111.42,32.88,0.0001,barn spider,0.2586,data/Mid224/train/horse/horse_05032.jpeg
train/horse/horse_05035.jpeg,horse,train,SUSPICIOUS_LABEL,720.75,110.43,70.48,0.0036,kelpie,0.3052,data/Mid224/train/horse/horse_05035.jpeg
train/horse/horse_05036.jpeg,horse,train,OVEREXPOSED;SUSPICIOUS_LABEL,565.95,221.73,66.13,0.0002,black-and-tan coonhound,0.4557,data/Mid224/train/horse/horse_05036.jpeg
train/horse/horse_05040.jpeg,horse,train,SUSPICIOUS_LABEL,233.32,101.61,32.12,0.0002,Arabian camel,0.6554,data/Mid224/train/horse/horse_05040.jpeg
train/horse/horse_05043.jpeg,horse,train,SUSPICIOUS_LABEL,359.76,114.34,34.26,0.009,Arabian camel,0.3824,data/Mid224/train/horse/horse_05043.jpeg
train/horse/horse_05044.jpeg,horse,train,SUSPICIOUS_LABEL,550.86,113.18,65.5,0.0007,Tibetan mastiff,0.2192,data/Mid224/train/horse/horse_05044.jpeg
train/horse/horse_05050.jpeg,horse,train,SUSPICIOUS_LABEL,863.29,135.9,66.15,0.0011,Great Dane,0.5005,data/Mid224/train/horse/horse_05050.jpeg
